sessNo,trialNo,block,blockTrialNo,trialClass,blockBin,stim1_High,stim2_High,stimHigh,stim1_left,leftStim,rightStim,stim1_pWin,stim2_pWin,reverseStatus,reverseTrial,responseKey,response_LR,selected_stim1,selected_stim2,response_stimID,RT,highChosen,stim1_isWin,stim2_isWin,isWin,payOut,accum_payOut,abs_outMag,instructCond,subID
1,1,1.0,1.0,early,1.0,False,True,2,False,2,1,0.35,0.65,False,False,1.0,left,0.0,1.0,2.0,1.8441867190122139,True,nan,1.0,1.0,0.25,0.25,0.25,rl,18
1,2,1.0,2.0,early,1.0,False,True,2,True,1,2,0.35,0.65,False,False,4.0,right,0.0,1.0,2.0,2.653063496982213,True,nan,1.0,1.0,0.5,0.75,0.5,rl,18
1,3,1.0,3.0,early,1.0,False,True,2,False,2,1,0.35,0.65,False,False,1.0,left,0.0,1.0,2.0,1.141536729002837,True,nan,0.0,0.0,-0.75,0.0,0.75,rl,18
1,4,1.0,4.0,early,1.0,False,True,2,False,2,1,0.35,0.65,False,False,nan,nan,nan,nan,nan,nan,False,nan,nan,nan,nan,nan,nan,rl,18
1,5,1.0,5.0,early,1.0,False,True,2,True,1,2,0.35,0.65,False,False,4.0,right,0.0,1.0,2.0,0.5998013930220623,True,nan,1.0,1.0,0.25,0.25,0.25,rl,18
1,6,1.0,6.0,early,2.0,False,True,2,True,1,2,0.35,0.65,False,False,1.0,left,1.0,0.0,1.0,0.9066944489895832,False,1.0,nan,1.0,0.75,1.0,0.75,rl,18
1,7,1.0,7.0,early,2.0,False,True,2,False,2,1,0.35,0.65,False,False,4.0,right,1.0,0.0,1.0,0.5016490459966008,False,0.0,nan,0.0,-0.25,0.75,0.25,rl,18
1,8,1.0,8.0,early,2.0,False,True,2,True,1,2,0.35,0.65,False,False,1.0,left,1.0,0.0,1.0,0.47906492100446485,False,1.0,nan,1.0,0.25,1.0,0.25,rl,18
1,9,1.0,9.0,early,2.0,False,True,2,False,2,1,0.35,0.65,False,False,4.0,right,1.0,0.0,1.0,0.45771958099794574,False,1.0,nan,1.0,0.5,1.5,0.5,rl,18
1,10,1.0,10.0,early,2.0,False,True,2,True,1,2,0.35,0.65,False,False,1.0,left,1.0,0.0,1.0,0.4814863079809584,False,1.0,nan,1.0,0.75,2.25,0.75,rl,18
1,11,1.0,11.0,early,3.0,False,True,2,False,2,1,0.35,0.65,False,False,4.0,right,1.0,0.0,1.0,0.5887120029947255,False,0.0,nan,0.0,-0.75,1.5,0.75,rl,18
1,12,1.0,12.0,early,3.0,False,True,2,True,1,2,0.35,0.65,False,False,1.0,left,1.0,0.0,1.0,0.43606588200782426,False,0.0,nan,0.0,-0.5,1.0,0.5,rl,18
1,13,1.0,13.0,early,3.0,False,True,2,True,1,2,0.35,0.65,False,False,4.0,right,0.0,1.0,2.0,0.7902623580012005,True,nan,1.0,1.0,0.25,1.25,0.25,rl,18
1,14,1.0,14.0,early,3.0,False,True,2,True,1,2,0.35,0.65,False,False,4.0,right,0.0,1.0,2.0,0.509586140018655,True,nan,0.0,0.0,-0.75,0.5,0.75,rl,18
1,15,1.0,15.0,early,3.0,False,True,2,False,2,1,0.35,0.65,False,False,4.0,right,1.0,0.0,1.0,1.1384137429995462,False,1.0,nan,1.0,0.25,0.75,0.25,rl,18
1,16,1.0,16.0,early,4.0,False,True,2,True,1,2,0.35,0.65,False,False,1.0,left,1.0,0.0,1.0,0.3258689990034327,False,0.0,nan,0.0,-0.5,0.25,0.5,rl,18
1,17,1.0,17.0,early,4.0,False,True,2,True,1,2,0.35,0.65,False,False,4.0,right,0.0,1.0,2.0,0.3540181379939895,True,nan,1.0,1.0,0.5,0.75,0.5,rl,18
1,18,1.0,18.0,early,4.0,False,True,2,True,1,2,0.35,0.65,False,False,4.0,right,0.0,1.0,2.0,1.7964827310061082,True,nan,0.0,0.0,-0.5,0.25,0.5,rl,18
1,19,1.0,19.0,early,4.0,False,True,2,True,1,2,0.35,0.65,False,False,1.0,left,1.0,0.0,1.0,1.9827473260229453,False,0.0,nan,0.0,-0.5,-0.25,0.5,rl,18
1,20,1.0,20.0,early,4.0,False,True,2,False,2,1,0.35,0.65,False,False,1.0,left,0.0,1.0,2.0,0.5416948960046284,True,nan,1.0,1.0,0.25,0.0,0.25,rl,18
1,21,1.0,21.0,early,5.0,False,True,2,False,2,1,0.35,0.65,False,False,4.0,right,1.0,0.0,1.0,0.5048239959869534,False,0.0,nan,0.0,-0.5,-0.5,0.5,rl,18
1,22,1.0,22.0,early,5.0,False,True,2,True,1,2,0.35,0.65,False,False,1.0,left,1.0,0.0,1.0,0.5028157840133645,False,0.0,nan,0.0,-0.75,-1.25,0.75,rl,18
1,23,1.0,23.0,early,5.0,False,True,2,True,1,2,0.35,0.65,False,False,4.0,right,0.0,1.0,2.0,0.965815263974946,True,nan,1.0,1.0,0.75,-0.5,0.75,rl,18
1,24,1.0,24.0,early,5.0,False,True,2,True,1,2,0.35,0.65,False,False,1.0,left,1.0,0.0,1.0,1.2179507889959496,False,0.0,nan,0.0,-0.75,-1.25,0.75,rl,18
1,25,1.0,25.0,early,5.0,False,True,2,False,2,1,0.35,0.65,False,False,4.0,right,1.0,0.0,1.0,0.33146658100304194,False,1.0,nan,1.0,0.25,-1.0,0.25,rl,18
1,26,1.0,26.0,early,6.0,False,True,2,False,2,1,0.35,0.65,False,False,4.0,right,1.0,0.0,1.0,0.6945611289993394,False,1.0,nan,1.0,0.75,-0.25,0.75,rl,18
1,27,1.0,27.0,early,6.0,False,True,2,True,1,2,0.35,0.65,False,False,4.0,right,0.0,1.0,2.0,0.6730911349877715,True,nan,1.0,1.0,0.75,0.5,0.75,rl,18
1,28,1.0,28.0,early,6.0,False,True,2,True,1,2,0.35,0.65,False,False,4.0,right,0.0,1.0,2.0,0.6259036590054166,True,nan,1.0,1.0,0.75,1.25,0.75,rl,18
1,29,1.0,29.0,early,6.0,False,True,2,False,2,1,0.35,0.65,False,False,4.0,right,1.0,0.0,1.0,0.3641680120199453,False,1.0,nan,1.0,0.75,2.0,0.75,rl,18
1,30,1.0,30.0,late,6.0,False,True,2,False,2,1,0.35,0.65,False,False,4.0,right,1.0,0.0,1.0,0.3852936059993226,False,0.0,nan,0.0,-0.25,1.75,0.25,rl,18
1,31,1.0,31.0,late,7.0,False,True,2,False,2,1,0.35,0.65,False,False,4.0,right,1.0,0.0,1.0,1.1205510199943092,False,1.0,nan,1.0,0.75,2.5,0.75,rl,18
1,32,1.0,32.0,late,7.0,False,True,2,False,2,1,0.35,0.65,False,False,4.0,right,1.0,0.0,1.0,0.4470720649987925,False,1.0,nan,1.0,0.75,3.25,0.75,rl,18
1,33,1.0,33.0,late,7.0,False,True,2,False,2,1,0.35,0.65,False,False,4.0,right,1.0,0.0,1.0,0.6350937410024926,False,0.0,nan,0.0,-0.25,3.0,0.25,rl,18
1,34,1.0,34.0,late,7.0,False,True,2,False,2,1,0.35,0.65,False,False,4.0,right,1.0,0.0,1.0,0.43396714801201597,False,0.0,nan,0.0,-0.5,2.5,0.5,rl,18
1,35,1.0,35.0,late,7.0,False,True,2,False,2,1,0.35,0.65,False,False,4.0,right,1.0,0.0,1.0,0.26416975900065154,False,0.0,nan,0.0,-0.25,2.25,0.25,rl,18
1,36,1.0,36.0,late,8.0,False,True,2,False,2,1,0.35,0.65,False,False,4.0,right,1.0,0.0,1.0,0.4473338660027366,False,0.0,nan,0.0,-0.5,1.75,0.5,rl,18
1,37,1.0,37.0,late,8.0,False,True,2,True,1,2,0.35,0.65,False,False,1.0,left,1.0,0.0,1.0,0.5236498389858752,False,1.0,nan,1.0,0.25,2.0,0.25,rl,18
1,38,1.0,38.0,late,8.0,False,True,2,False,2,1,0.35,0.65,False,False,4.0,right,1.0,0.0,1.0,0.5427269590145443,False,1.0,nan,1.0,0.75,2.75,0.75,rl,18
1,39,1.0,39.0,late,8.0,False,True,2,False,2,1,0.35,0.65,False,False,4.0,right,1.0,0.0,1.0,0.506428941997001,False,1.0,nan,1.0,0.5,3.25,0.5,rl,18
1,40,1.0,40.0,late,8.0,False,True,2,False,2,1,0.35,0.65,False,False,1.0,left,0.0,1.0,2.0,1.8105067760043312,True,nan,0.0,0.0,-0.5,2.75,0.5,rl,18
1,41,1.0,41.0,late,9.0,False,True,2,False,2,1,0.35,0.65,False,False,4.0,right,1.0,0.0,1.0,0.5314591640199069,False,0.0,nan,0.0,-0.5,2.25,0.5,rl,18
1,42,1.0,42.0,late,9.0,False,True,2,False,2,1,0.35,0.65,False,False,4.0,right,1.0,0.0,1.0,0.33621580598992296,False,0.0,nan,0.0,-0.5,1.75,0.5,rl,18
1,43,1.0,43.0,late,9.0,False,True,2,False,2,1,0.35,0.65,False,False,1.0,left,0.0,1.0,2.0,0.41956682299496606,True,nan,1.0,1.0,0.25,2.0,0.25,rl,18
1,44,1.0,44.0,late,9.0,False,True,2,False,2,1,0.35,0.65,False,False,1.0,left,0.0,1.0,2.0,0.33723479698528536,True,nan,1.0,1.0,0.5,2.5,0.5,rl,18
1,45,1.0,45.0,late,9.0,False,True,2,False,2,1,0.35,0.65,False,False,1.0,left,0.0,1.0,2.0,0.4225607620028313,True,nan,0.0,0.0,-0.75,1.75,0.75,rl,18
1,46,1.0,46.0,late,10.0,False,True,2,False,2,1,0.35,0.65,False,False,4.0,right,1.0,0.0,1.0,0.367656623973744,False,0.0,nan,0.0,-0.5,1.25,0.5,rl,18
1,47,1.0,47.0,late,10.0,False,True,2,False,2,1,0.35,0.65,False,False,4.0,right,1.0,0.0,1.0,0.43269499301095493,False,1.0,nan,1.0,0.25,1.5,0.25,rl,18
1,48,1.0,48.0,late,10.0,False,True,2,True,1,2,0.35,0.65,False,False,1.0,left,1.0,0.0,1.0,0.3858464489749167,False,0.0,nan,0.0,-0.5,1.0,0.5,rl,18
1,49,1.0,49.0,late,10.0,False,True,2,False,2,1,0.35,0.65,False,False,1.0,left,0.0,1.0,2.0,1.1457901370013133,True,nan,1.0,1.0,0.5,1.5,0.5,rl,18
1,50,1.0,50.0,late,10.0,False,True,2,True,1,2,0.35,0.65,False,False,4.0,right,0.0,1.0,2.0,0.479290690011112,True,nan,1.0,1.0,0.25,1.75,0.25,rl,18
1,51,1.0,51.0,late,11.0,False,True,2,True,1,2,0.35,0.65,False,False,4.0,right,0.0,1.0,2.0,0.5461664560134523,True,nan,1.0,1.0,0.25,2.0,0.25,rl,18
1,52,1.0,52.0,late,11.0,False,True,2,True,1,2,0.35,0.65,True,False,4.0,right,0.0,1.0,2.0,0.5208870359929278,True,nan,0.0,0.0,-0.25,1.75,0.25,rl,18
1,53,1.0,53.0,late,11.0,False,True,2,True,1,2,0.35,0.65,True,False,4.0,right,0.0,1.0,2.0,0.5179879670031369,True,nan,1.0,1.0,0.25,2.0,0.25,rl,18
1,54,1.0,54.0,late,11.0,False,True,2,False,2,1,0.35,0.65,True,False,1.0,left,0.0,1.0,2.0,0.6321171000017785,True,nan,0.0,0.0,-0.5,1.5,0.5,rl,18
1,55,1.0,55.0,late,11.0,False,True,2,False,2,1,0.35,0.65,True,False,1.0,left,0.0,1.0,2.0,0.6821701489971019,True,nan,1.0,1.0,0.5,2.0,0.5,rl,18
1,56,1.0,56.0,late,12.0,False,True,2,True,1,2,0.35,0.65,True,False,4.0,right,0.0,1.0,2.0,0.6066998729947954,True,nan,0.0,0.0,-0.75,1.25,0.75,rl,18
1,57,1.0,57.0,late,12.0,False,True,2,False,2,1,0.35,0.65,True,False,1.0,left,0.0,1.0,2.0,0.5599906290008221,True,nan,1.0,1.0,0.5,1.75,0.5,rl,18
1,58,1.0,58.0,late,12.0,False,True,2,False,2,1,0.35,0.65,True,True,1.0,left,0.0,1.0,2.0,0.5579466320050415,True,nan,0.0,0.0,-0.5,1.25,0.5,rl,18
1,59,2.0,1.0,early,1.0,True,False,1,False,2,1,0.65,0.35,False,False,1.0,left,0.0,1.0,2.0,0.5739611540047918,False,nan,0.0,0.0,-0.75,0.5,0.75,rl,18
1,60,2.0,2.0,early,1.0,True,False,1,True,1,2,0.65,0.35,False,False,1.0,left,1.0,0.0,1.0,0.5373297529877163,True,1.0,nan,1.0,0.25,0.75,0.25,rl,18
1,61,2.0,3.0,early,1.0,True,False,1,False,2,1,0.65,0.35,False,False,4.0,right,1.0,0.0,1.0,0.606935102987336,True,1.0,nan,1.0,0.75,1.5,0.75,rl,18
1,62,2.0,4.0,late,1.0,True,False,1,False,2,1,0.65,0.35,False,False,4.0,right,1.0,0.0,1.0,0.507285254978342,True,1.0,nan,1.0,0.75,2.25,0.75,rl,18
1,63,2.0,5.0,late,1.0,True,False,1,True,1,2,0.65,0.35,True,False,1.0,left,1.0,0.0,1.0,0.47655511798802763,True,0.0,nan,0.0,-0.25,2.0,0.25,rl,18
1,64,2.0,6.0,late,2.0,True,False,1,True,1,2,0.65,0.35,True,True,1.0,left,1.0,0.0,1.0,0.5442412239790428,True,0.0,nan,0.0,-0.75,1.25,0.75,rl,18
1,65,3.0,1.0,early,1.0,False,True,2,False,2,1,0.35,0.65,False,False,4.0,right,1.0,0.0,1.0,0.6085515969898552,False,1.0,nan,1.0,0.25,1.5,0.25,rl,18
1,66,3.0,2.0,early,1.0,False,True,2,False,2,1,0.35,0.65,False,False,4.0,right,1.0,0.0,1.0,0.45271074000629596,False,0.0,nan,0.0,-0.75,0.75,0.75,rl,18
1,67,3.0,3.0,early,1.0,False,True,2,True,1,2,0.35,0.65,False,False,1.0,left,1.0,0.0,1.0,0.3777277579938527,False,0.0,nan,0.0,-0.75,0.0,0.75,rl,18
1,68,3.0,4.0,late,1.0,False,True,2,True,1,2,0.35,0.65,False,False,4.0,right,0.0,1.0,2.0,0.36781681899446994,True,nan,1.0,1.0,0.75,0.75,0.75,rl,18
1,69,3.0,5.0,late,1.0,False,True,2,False,2,1,0.35,0.65,False,False,1.0,left,0.0,1.0,2.0,0.4748176660214085,True,nan,1.0,1.0,0.75,1.5,0.75,rl,18
1,70,3.0,6.0,late,2.0,False,True,2,True,1,2,0.35,0.65,False,False,4.0,right,0.0,1.0,2.0,0.5299327200045809,True,nan,1.0,1.0,0.5,2.0,0.5,rl,18
