sessNo,trialNo,block,blockTrialNo,trialClass,blockBin,stim1_High,stim2_High,stimHigh,stim1_left,leftStim,rightStim,stim1_pWin,stim2_pWin,reverseStatus,reverseTrial,responseKey,response_LR,selected_stim1,selected_stim2,response_stimID,RT,highChosen,stim1_isWin,stim2_isWin,isWin,payOut,accum_payOut,abs_outMag,instructCond,subID
1,1,1.0,1.0,early,1.0,True,False,1,False,2,1,0.65,0.35,False,False,1.0,left,0.0,1.0,2,0.9362392559996806,False,nan,1.0,1,0.5,0.5,0.5,hm,10
1,2,1.0,2.0,early,1.0,True,False,1,False,2,1,0.65,0.35,False,False,1.0,left,0.0,1.0,2,0.6309698579934775,False,nan,0.0,0,-0.75,-0.25,0.75,hm,10
1,3,1.0,3.0,early,1.0,True,False,1,True,1,2,0.65,0.35,False,False,4.0,right,0.0,1.0,2,1.1281798320051166,False,nan,0.0,0,-0.75,-1.0,0.75,hm,10
1,4,1.0,4.0,early,1.0,True,False,1,True,1,2,0.65,0.35,False,False,1.0,left,1.0,0.0,1,0.5128663290015538,True,1.0,nan,1,0.75,-0.25,0.75,hm,10
1,5,1.0,5.0,early,1.0,True,False,1,True,1,2,0.65,0.35,False,False,4.0,right,0.0,1.0,2,0.5336667070005205,False,nan,0.0,0,-0.5,-0.75,0.5,hm,10
1,6,1.0,6.0,early,2.0,True,False,1,False,2,1,0.65,0.35,False,False,4.0,right,1.0,0.0,1,0.476640121996752,True,0.0,nan,0,-0.25,-1.0,0.25,hm,10
1,7,1.0,7.0,early,2.0,True,False,1,True,1,2,0.65,0.35,False,False,4.0,right,0.0,1.0,2,0.7233650260022841,False,nan,1.0,1,0.5,-0.5,0.5,hm,10
1,8,1.0,8.0,early,2.0,True,False,1,False,2,1,0.65,0.35,False,False,1.0,left,0.0,1.0,2,0.5820189109945204,False,nan,1.0,1,0.75,0.25,0.75,hm,10
1,9,1.0,9.0,early,2.0,True,False,1,False,2,1,0.65,0.35,False,False,4.0,right,1.0,0.0,1,0.5374258700030623,True,1.0,nan,1,0.25,0.5,0.25,hm,10
1,10,1.0,10.0,early,2.0,True,False,1,False,2,1,0.65,0.35,False,False,1.0,left,0.0,1.0,2,0.681869166000979,False,nan,0.0,0,-0.75,-0.25,0.75,hm,10
1,11,1.0,11.0,early,3.0,True,False,1,True,1,2,0.65,0.35,False,False,1.0,left,1.0,0.0,1,0.6522404639981687,True,1.0,nan,1,0.25,0.0,0.25,hm,10
1,12,1.0,12.0,early,3.0,True,False,1,True,1,2,0.65,0.35,False,False,4.0,right,0.0,1.0,2,0.6972660760002327,False,nan,1.0,1,0.5,0.5,0.5,hm,10
1,13,1.0,13.0,early,3.0,True,False,1,True,1,2,0.65,0.35,False,False,1.0,left,1.0,0.0,1,0.5492288969981018,True,1.0,nan,1,0.5,1.0,0.5,hm,10
1,14,1.0,14.0,early,3.0,True,False,1,True,1,2,0.65,0.35,False,False,4.0,right,0.0,1.0,2,0.7299425689998316,False,nan,0.0,0,-0.25,0.75,0.25,hm,10
1,15,1.0,15.0,early,3.0,True,False,1,False,2,1,0.65,0.35,False,False,1.0,left,0.0,1.0,2,0.5774709879988222,False,nan,0.0,0,-0.25,0.5,0.25,hm,10
1,16,1.0,16.0,early,4.0,True,False,1,False,2,1,0.65,0.35,False,False,4.0,right,1.0,0.0,1,0.4672951250031474,True,0.0,nan,0,-0.75,-0.25,0.75,hm,10
1,17,1.0,17.0,late,4.0,True,False,1,False,2,1,0.65,0.35,False,False,1.0,left,0.0,1.0,2,0.4540836849992047,False,nan,1.0,1,0.25,0.0,0.25,hm,10
1,18,1.0,18.0,late,4.0,True,False,1,True,1,2,0.65,0.35,False,False,4.0,right,0.0,1.0,2,0.6249643410046701,False,nan,0.0,0,-0.75,-0.75,0.75,hm,10
1,19,1.0,19.0,late,4.0,True,False,1,False,2,1,0.65,0.35,False,False,4.0,right,1.0,0.0,1,0.6426479709989508,True,0.0,nan,0,-0.5,-1.25,0.5,hm,10
1,20,1.0,20.0,late,4.0,True,False,1,False,2,1,0.65,0.35,False,False,1.0,left,0.0,1.0,2,0.6930448339990107,False,nan,0.0,0,-0.5,-1.75,0.5,hm,10
1,21,1.0,21.0,late,5.0,True,False,1,True,1,2,0.65,0.35,False,False,1.0,left,1.0,0.0,1,0.45342181799787795,True,1.0,nan,1,0.25,-1.5,0.25,hm,10
1,22,1.0,22.0,late,5.0,True,False,1,False,2,1,0.65,0.35,False,False,1.0,left,0.0,1.0,2,0.6622601830022177,False,nan,0.0,0,-0.25,-1.75,0.25,hm,10
1,23,1.0,23.0,late,5.0,True,False,1,True,1,2,0.65,0.35,False,False,1.0,left,1.0,0.0,1,0.61090317399794,True,0.0,nan,0,-0.75,-2.5,0.75,hm,10
1,24,1.0,24.0,late,5.0,True,False,1,False,2,1,0.65,0.35,False,False,1.0,left,0.0,1.0,2,0.598895226001332,False,nan,0.0,0,-0.5,-3.0,0.5,hm,10
1,25,1.0,25.0,late,5.0,True,False,1,False,2,1,0.65,0.35,False,False,4.0,right,1.0,0.0,1,0.468711222994898,True,1.0,nan,1,0.75,-2.25,0.75,hm,10
1,26,1.0,26.0,late,6.0,True,False,1,False,2,1,0.65,0.35,False,False,1.0,left,0.0,1.0,2,1.2254317850020016,False,nan,0.0,0,-0.75,-3.0,0.75,hm,10
1,27,1.0,27.0,late,6.0,True,False,1,True,1,2,0.65,0.35,False,False,4.0,right,0.0,1.0,2,1.2277176779971342,False,nan,1.0,1,0.5,-2.5,0.5,hm,10
1,28,1.0,28.0,late,6.0,True,False,1,False,2,1,0.65,0.35,False,False,1.0,left,0.0,1.0,2,1.0751534139999421,False,nan,1.0,1,0.75,-1.75,0.75,hm,10
1,29,1.0,29.0,late,6.0,True,False,1,False,2,1,0.65,0.35,False,False,4.0,right,1.0,0.0,1,0.8187303289960255,True,1.0,nan,1,0.25,-1.5,0.25,hm,10
1,30,1.0,30.0,late,6.0,True,False,1,True,1,2,0.65,0.35,False,False,1.0,left,1.0,0.0,1,0.5862847789976513,True,0.0,nan,0,-0.25,-1.75,0.25,hm,10
1,31,1.0,31.0,late,7.0,True,False,1,False,2,1,0.65,0.35,False,False,4.0,right,1.0,0.0,1,0.7102331269998103,True,1.0,nan,1,0.25,-1.5,0.25,hm,10
1,32,1.0,32.0,late,7.0,True,False,1,True,1,2,0.65,0.35,True,True,1.0,left,1.0,0.0,1,0.541515224998875,True,1.0,nan,1,0.5,-1.0,0.5,hm,10
1,33,2.0,1.0,early,1.0,False,True,2,True,1,2,0.35,0.65,False,False,4.0,right,0.0,1.0,2,0.4535678940010257,True,nan,0.0,0,-0.25,-1.25,0.25,hm,10
1,34,2.0,2.0,early,1.0,False,True,2,False,2,1,0.35,0.65,False,False,1.0,left,0.0,1.0,2,0.5572777150009642,True,nan,1.0,1,0.75,-0.5,0.75,hm,10
1,35,2.0,3.0,early,1.0,False,True,2,True,1,2,0.35,0.65,False,False,1.0,left,1.0,0.0,1,0.4988430849989527,False,1.0,nan,1,0.5,0.0,0.5,hm,10
1,36,2.0,4.0,early,1.0,False,True,2,True,1,2,0.35,0.65,False,False,4.0,right,0.0,1.0,2,0.586004281998612,True,nan,1.0,1,0.5,0.5,0.5,hm,10
1,37,2.0,5.0,early,1.0,False,True,2,True,1,2,0.35,0.65,False,False,1.0,left,1.0,0.0,1,0.38079417400149396,False,0.0,nan,0,-0.25,0.25,0.25,hm,10
1,38,2.0,6.0,early,2.0,False,True,2,False,2,1,0.35,0.65,False,False,4.0,right,1.0,0.0,1,0.41268556000432,False,0.0,nan,0,-0.5,-0.25,0.5,hm,10
1,39,2.0,7.0,early,2.0,False,True,2,True,1,2,0.35,0.65,False,False,4.0,right,0.0,1.0,2,0.933822010003496,True,nan,0.0,0,-0.5,-0.75,0.5,hm,10
1,40,2.0,8.0,early,2.0,False,True,2,True,1,2,0.35,0.65,False,False,1.0,left,1.0,0.0,1,0.44826477999595227,False,0.0,nan,0,-0.75,-1.5,0.75,hm,10
1,41,2.0,9.0,early,2.0,False,True,2,False,2,1,0.35,0.65,False,False,4.0,right,1.0,0.0,1,0.572765871998854,False,1.0,nan,1,0.75,-0.75,0.75,hm,10
1,42,2.0,10.0,early,2.0,False,True,2,False,2,1,0.35,0.65,False,False,1.0,left,0.0,1.0,2,0.9411189849997754,True,nan,1.0,1,0.25,-0.5,0.25,hm,10
1,43,2.0,11.0,early,3.0,False,True,2,True,1,2,0.35,0.65,False,False,4.0,right,0.0,1.0,2,0.7679605970042758,True,nan,0.0,0,-0.25,-0.75,0.25,hm,10
1,44,2.0,12.0,late,3.0,False,True,2,False,2,1,0.35,0.65,False,False,1.0,left,0.0,1.0,2,0.47601629700511694,True,nan,0.0,0,-0.5,-1.25,0.5,hm,10
1,45,2.0,13.0,late,3.0,False,True,2,False,2,1,0.35,0.65,False,False,4.0,right,1.0,0.0,1,0.4548730210008216,False,0.0,nan,0,-0.75,-2.0,0.75,hm,10
1,46,2.0,14.0,late,3.0,False,True,2,False,2,1,0.35,0.65,False,False,1.0,left,0.0,1.0,2,0.4190717270030291,True,nan,1.0,1,0.5,-1.5,0.5,hm,10
1,47,2.0,15.0,late,3.0,False,True,2,True,1,2,0.35,0.65,False,False,4.0,right,0.0,1.0,2,1.164114453997172,True,nan,1.0,1,0.75,-0.75,0.75,hm,10
1,48,2.0,16.0,late,4.0,False,True,2,True,1,2,0.35,0.65,False,False,1.0,left,1.0,0.0,1,0.5130238790006842,False,0.0,nan,0,-0.25,-1.0,0.25,hm,10
1,49,2.0,17.0,late,4.0,False,True,2,True,1,2,0.35,0.65,False,False,4.0,right,0.0,1.0,2,0.41037899499497144,True,nan,0.0,0,-0.75,-1.75,0.75,hm,10
1,50,2.0,18.0,late,4.0,False,True,2,True,1,2,0.35,0.65,False,False,1.0,left,1.0,0.0,1,0.4992338599986397,False,0.0,nan,0,-0.5,-2.25,0.5,hm,10
1,51,2.0,19.0,late,4.0,False,True,2,False,2,1,0.35,0.65,False,False,1.0,left,0.0,1.0,2,0.5905583729982027,True,nan,1.0,1,0.75,-1.5,0.75,hm,10
1,52,2.0,20.0,late,4.0,False,True,2,True,1,2,0.35,0.65,False,False,4.0,right,0.0,1.0,2,0.583618602999195,True,nan,0.0,0,-0.75,-2.25,0.75,hm,10
1,53,2.0,21.0,late,5.0,False,True,2,False,2,1,0.35,0.65,False,False,1.0,left,0.0,1.0,2,0.4792835059997742,True,nan,1.0,1,0.75,-1.5,0.75,hm,10
1,54,2.0,22.0,late,5.0,False,True,2,True,1,2,0.35,0.65,True,False,4.0,right,0.0,1.0,2,0.5948662130031153,True,nan,0.0,0,-0.25,-1.75,0.25,hm,10
1,55,2.0,23.0,late,5.0,False,True,2,True,1,2,0.35,0.65,True,True,4.0,right,0.0,1.0,2,0.630297014999087,True,nan,0.0,0,-0.25,-2.0,0.25,hm,10
1,56,3.0,1.0,early,1.0,True,False,1,True,1,2,0.65,0.35,False,False,1.0,left,1.0,0.0,1,0.5074325469977339,True,1.0,nan,1,0.5,-1.5,0.5,hm,10
1,57,3.0,2.0,early,1.0,True,False,1,False,2,1,0.65,0.35,False,False,4.0,right,1.0,0.0,1,0.7910726190020796,True,0.0,nan,0,-0.75,-2.25,0.75,hm,10
1,58,3.0,3.0,early,1.0,True,False,1,False,2,1,0.65,0.35,False,False,1.0,left,0.0,1.0,2,0.5384852269999101,False,nan,0.0,0,-0.25,-2.5,0.25,hm,10
1,59,3.0,4.0,early,1.0,True,False,1,False,2,1,0.65,0.35,False,False,1.0,left,0.0,1.0,2,0.7731389910040889,False,nan,0.0,0,-0.25,-2.75,0.25,hm,10
1,60,3.0,5.0,early,1.0,True,False,1,True,1,2,0.65,0.35,False,False,4.0,right,0.0,1.0,2,0.5266743940010201,False,nan,0.0,0,-0.25,-3.0,0.25,hm,10
1,61,3.0,6.0,early,2.0,True,False,1,True,1,2,0.65,0.35,False,False,1.0,left,1.0,0.0,1,0.5364522780000698,True,0.0,nan,0,-0.25,-3.25,0.25,hm,10
1,62,3.0,7.0,early,2.0,True,False,1,False,2,1,0.65,0.35,False,False,4.0,right,1.0,0.0,1,0.41294873999868287,True,1.0,nan,1,0.25,-3.0,0.25,hm,10
1,63,3.0,8.0,late,2.0,True,False,1,False,2,1,0.65,0.35,False,False,1.0,left,0.0,1.0,2,0.5632003599966993,False,nan,0.0,0,-0.25,-3.25,0.25,hm,10
1,64,3.0,9.0,late,2.0,True,False,1,True,1,2,0.65,0.35,False,False,4.0,right,0.0,1.0,2,0.38546554400090827,False,nan,0.0,0,-0.25,-3.5,0.25,hm,10
1,65,3.0,10.0,late,2.0,True,False,1,True,1,2,0.65,0.35,False,False,1.0,left,1.0,0.0,1,0.4860428510000929,True,1.0,nan,1,0.25,-3.25,0.25,hm,10
1,66,3.0,11.0,late,3.0,True,False,1,False,2,1,0.65,0.35,False,False,4.0,right,1.0,0.0,1,0.4545958460003021,True,1.0,nan,1,0.75,-2.5,0.75,hm,10
1,67,3.0,12.0,late,3.0,True,False,1,False,2,1,0.65,0.35,False,False,4.0,right,1.0,0.0,1,1.0219797110039508,True,0.0,nan,0,-0.5,-3.0,0.5,hm,10
1,68,3.0,13.0,late,3.0,True,False,1,True,1,2,0.65,0.35,True,False,1.0,left,1.0,0.0,1,0.5869620619996567,True,0.0,nan,0,-0.75,-3.75,0.75,hm,10
1,69,3.0,14.0,late,3.0,True,False,1,True,1,2,0.65,0.35,True,False,1.0,left,1.0,0.0,1,0.40887639400170883,True,1.0,nan,1,0.75,-3.0,0.75,hm,10
1,70,3.0,15.0,late,3.0,True,False,1,False,2,1,0.65,0.35,True,False,4.0,right,1.0,0.0,1,0.7649045729995123,True,0.0,nan,0,-0.75,-3.75,0.75,hm,10
