sessNo,trialNo,block,blockTrialNo,trialClass,blockBin,stim1_High,stim2_High,stimHigh,stim1_left,leftStim,rightStim,stim1_pWin,stim2_pWin,reverseStatus,reverseTrial,responseKey,response_LR,selected_stim1,selected_stim2,response_stimID,RT,highChosen,stim1_isWin,stim2_isWin,isWin,payOut,accum_payOut,abs_outMag,instructCond,subID
1,1,1.0,1.0,early,1.0,True,False,1,False,2,1,0.65,0.35,False,False,1.0,left,0.0,1.0,2,1.0673994020326063,False,nan,1.0,1,0.75,0.75,0.75,hm,13
1,2,1.0,2.0,early,1.0,True,False,1,False,2,1,0.65,0.35,False,False,1.0,left,0.0,1.0,2,0.5982409300049767,False,nan,1.0,1,0.75,1.5,0.75,hm,13
1,3,1.0,3.0,early,1.0,True,False,1,False,2,1,0.65,0.35,False,False,1.0,left,0.0,1.0,2,0.41394080402096733,False,nan,1.0,1,0.25,1.75,0.25,hm,13
1,4,1.0,4.0,early,1.0,True,False,1,False,2,1,0.65,0.35,False,False,1.0,left,0.0,1.0,2,0.41752965800696984,False,nan,1.0,1,0.5,2.25,0.5,hm,13
1,5,1.0,5.0,early,1.0,True,False,1,True,1,2,0.65,0.35,False,False,4.0,right,0.0,1.0,2,1.1303721689619124,False,nan,0.0,0,-0.5,1.75,0.5,hm,13
1,6,1.0,6.0,early,2.0,True,False,1,True,1,2,0.65,0.35,False,False,1.0,left,1.0,0.0,1,0.4786315499804914,True,1.0,nan,1,0.75,2.5,0.75,hm,13
1,7,1.0,7.0,early,2.0,True,False,1,False,2,1,0.65,0.35,False,False,4.0,right,1.0,0.0,1,0.7427679250249639,True,1.0,nan,1,0.25,2.75,0.25,hm,13
1,8,1.0,8.0,late,2.0,True,False,1,True,1,2,0.65,0.35,False,False,1.0,left,1.0,0.0,1,1.0156687019625679,True,0.0,nan,0,-0.25,2.5,0.25,hm,13
1,9,1.0,9.0,late,2.0,True,False,1,True,1,2,0.65,0.35,False,False,4.0,right,0.0,1.0,2,0.5695256579783745,False,nan,0.0,0,-0.75,1.75,0.75,hm,13
1,10,1.0,10.0,late,2.0,True,False,1,True,1,2,0.65,0.35,False,False,1.0,left,1.0,0.0,1,0.39170471602119505,True,1.0,nan,1,0.75,2.5,0.75,hm,13
1,11,1.0,11.0,late,3.0,True,False,1,False,2,1,0.65,0.35,False,False,4.0,right,1.0,0.0,1,0.8793060699827038,True,1.0,nan,1,0.75,3.25,0.75,hm,13
1,12,1.0,12.0,late,3.0,True,False,1,False,2,1,0.65,0.35,False,False,4.0,right,1.0,0.0,1,0.9857853729627095,True,1.0,nan,1,0.5,3.75,0.5,hm,13
1,13,1.0,13.0,late,3.0,True,False,1,True,1,2,0.65,0.35,True,False,1.0,left,1.0,0.0,1,0.7013214249745943,True,0.0,nan,0,-0.5,3.25,0.5,hm,13
1,14,1.0,14.0,late,3.0,True,False,1,False,2,1,0.65,0.35,True,True,1.0,left,0.0,1.0,2,0.8776560620171949,False,nan,1.0,1,0.5,3.75,0.5,hm,13
1,15,2.0,1.0,early,1.0,False,True,2,False,2,1,0.35,0.65,False,False,1.0,left,0.0,1.0,2,0.3927168840309605,True,nan,1.0,1,0.25,4.0,0.25,hm,13
1,16,2.0,2.0,early,1.0,False,True,2,True,1,2,0.35,0.65,False,False,4.0,right,0.0,1.0,2,0.8121190060046501,True,nan,1.0,1,0.75,4.75,0.75,hm,13
1,17,2.0,3.0,late,1.0,False,True,2,False,2,1,0.35,0.65,False,False,1.0,left,0.0,1.0,2,0.5880442910129204,True,nan,1.0,1,0.75,5.5,0.75,hm,13
1,18,2.0,4.0,late,1.0,False,True,2,True,1,2,0.35,0.65,True,True,4.0,right,0.0,1.0,2,0.6612382979947142,True,nan,1.0,1,0.25,5.75,0.25,hm,13
1,19,3.0,1.0,early,1.0,True,False,1,True,1,2,0.65,0.35,False,False,4.0,right,0.0,1.0,2,1.2231475319713354,False,nan,0.0,0,-0.5,5.25,0.5,hm,13
1,20,3.0,2.0,early,1.0,True,False,1,False,2,1,0.65,0.35,False,False,4.0,right,1.0,0.0,1,1.324609199014958,True,1.0,nan,1,0.25,5.5,0.25,hm,13
1,21,3.0,3.0,early,1.0,True,False,1,True,1,2,0.65,0.35,False,False,1.0,left,1.0,0.0,1,0.8063977250130847,True,1.0,nan,1,0.75,6.25,0.75,hm,13
1,22,3.0,4.0,early,1.0,True,False,1,False,2,1,0.65,0.35,False,False,4.0,right,1.0,0.0,1,1.3403676710440777,True,1.0,nan,1,0.75,7.0,0.75,hm,13
1,23,3.0,5.0,early,1.0,True,False,1,False,2,1,0.65,0.35,True,False,4.0,right,1.0,0.0,1,1.2611566229606979,True,0.0,nan,0,-0.25,6.75,0.25,hm,13
1,24,3.0,6.0,late,2.0,True,False,1,True,1,2,0.65,0.35,True,False,4.0,right,0.0,1.0,2,0.8586706350324675,False,nan,0.0,0,-0.5,6.25,0.5,hm,13
1,25,3.0,7.0,late,2.0,True,False,1,False,2,1,0.65,0.35,True,False,4.0,right,1.0,0.0,1,2.068839597981423,True,1.0,nan,1,0.25,6.5,0.25,hm,13
1,26,3.0,8.0,late,2.0,True,False,1,True,1,2,0.65,0.35,True,False,1.0,left,1.0,0.0,1,1.1306161740212701,True,1.0,nan,1,0.5,7.0,0.5,hm,13
1,27,3.0,9.0,late,2.0,True,False,1,False,2,1,0.65,0.35,True,False,4.0,right,1.0,0.0,1,1.481758656038437,True,1.0,nan,1,0.75,7.75,0.75,hm,13
1,28,3.0,10.0,late,2.0,True,False,1,True,1,2,0.65,0.35,True,True,1.0,left,1.0,0.0,1,1.103134957025759,True,1.0,nan,1,0.75,8.5,0.75,hm,13
1,29,4.0,1.0,early,1.0,False,True,2,True,1,2,0.35,0.65,False,False,1.0,left,1.0,0.0,1,1.3303336560493335,False,0.0,nan,0,-0.5,8.0,0.5,hm,13
1,30,4.0,2.0,early,1.0,False,True,2,False,2,1,0.35,0.65,False,False,4.0,right,1.0,0.0,1,0.4018381719943136,False,1.0,nan,1,0.5,8.5,0.5,hm,13
1,31,4.0,3.0,early,1.0,False,True,2,True,1,2,0.35,0.65,False,False,1.0,left,1.0,0.0,1,0.6658264849684201,False,0.0,nan,0,-0.25,8.25,0.25,hm,13
1,32,4.0,4.0,early,1.0,False,True,2,False,2,1,0.35,0.65,False,False,1.0,left,0.0,1.0,2,0.9173012929968536,True,nan,0.0,0,-0.75,7.5,0.75,hm,13
1,33,4.0,5.0,early,1.0,False,True,2,True,1,2,0.35,0.65,False,False,1.0,left,1.0,0.0,1,0.5120897630113177,False,0.0,nan,0,-0.75,6.75,0.75,hm,13
1,34,4.0,6.0,early,2.0,False,True,2,True,1,2,0.35,0.65,False,False,4.0,right,0.0,1.0,2,0.6894569639698602,True,nan,0.0,0,-0.5,6.25,0.5,hm,13
1,35,4.0,7.0,late,2.0,False,True,2,True,1,2,0.35,0.65,False,False,1.0,left,1.0,0.0,1,1.3418670119717717,False,0.0,nan,0,-0.75,5.5,0.75,hm,13
1,36,4.0,8.0,late,2.0,False,True,2,True,1,2,0.35,0.65,False,False,1.0,left,1.0,0.0,1,1.46086061099777,False,0.0,nan,0,-0.25,5.25,0.25,hm,13
1,37,4.0,9.0,late,2.0,False,True,2,True,1,2,0.35,0.65,False,False,4.0,right,0.0,1.0,2,1.587199222005438,True,nan,1.0,1,0.25,5.5,0.25,hm,13
1,38,4.0,10.0,late,2.0,False,True,2,True,1,2,0.35,0.65,False,False,4.0,right,0.0,1.0,2,0.3434394209762104,True,nan,1.0,1,0.75,6.25,0.75,hm,13
1,39,4.0,11.0,late,3.0,False,True,2,True,1,2,0.35,0.65,False,False,4.0,right,0.0,1.0,2,0.6013091930071823,True,nan,1.0,1,0.75,7.0,0.75,hm,13
1,40,4.0,12.0,late,3.0,False,True,2,True,1,2,0.35,0.65,True,True,4.0,right,0.0,1.0,2,0.9096851060166955,True,nan,1.0,1,0.25,7.25,0.25,hm,13
1,41,5.0,1.0,early,1.0,True,False,1,True,1,2,0.65,0.35,False,False,4.0,right,0.0,1.0,2,1.2381501569761895,False,nan,0.0,0,-0.75,6.5,0.75,hm,13
1,42,5.0,2.0,early,1.0,True,False,1,True,1,2,0.65,0.35,False,False,1.0,left,1.0,0.0,1,1.6527533850166947,True,0.0,nan,0,-0.5,6.0,0.5,hm,13
1,43,5.0,3.0,late,1.0,True,False,1,True,1,2,0.65,0.35,False,False,1.0,left,1.0,0.0,1,0.3666847189888358,True,1.0,nan,1,0.25,6.25,0.25,hm,13
1,44,5.0,4.0,late,1.0,True,False,1,False,2,1,0.65,0.35,False,False,4.0,right,1.0,0.0,1,0.9800043270224705,True,0.0,nan,0,-0.5,5.75,0.5,hm,13
1,45,5.0,5.0,late,1.0,True,False,1,False,2,1,0.65,0.35,True,True,4.0,right,1.0,0.0,1,0.36667865299386904,True,1.0,nan,1,0.25,6.0,0.25,hm,13
1,46,6.0,1.0,early,1.0,False,True,2,True,1,2,0.35,0.65,False,False,4.0,right,0.0,1.0,2,0.527766926039476,True,nan,1.0,1,0.5,6.5,0.5,hm,13
1,47,6.0,2.0,early,1.0,False,True,2,True,1,2,0.35,0.65,False,False,4.0,right,0.0,1.0,2,0.7006400199607015,True,nan,1.0,1,0.5,7.0,0.5,hm,13
1,48,6.0,3.0,early,1.0,False,True,2,False,2,1,0.35,0.65,False,False,1.0,left,0.0,1.0,2,1.1997321319649927,True,nan,1.0,1,0.25,7.25,0.25,hm,13
1,49,6.0,4.0,late,1.0,False,True,2,True,1,2,0.35,0.65,True,False,4.0,right,0.0,1.0,2,0.6463496640208177,True,nan,1.0,1,0.5,7.75,0.5,hm,13
1,50,6.0,5.0,late,1.0,False,True,2,False,2,1,0.35,0.65,True,False,1.0,left,0.0,1.0,2,1.383646611997392,True,nan,0.0,0,-0.25,7.5,0.25,hm,13
1,51,6.0,6.0,late,2.0,False,True,2,False,2,1,0.35,0.65,True,True,1.0,left,0.0,1.0,2,0.3717752629891038,True,nan,0.0,0,-0.5,7.0,0.5,hm,13
1,52,7.0,1.0,early,1.0,True,False,1,True,1,2,0.65,0.35,False,False,4.0,right,0.0,1.0,2,0.302091128018219,False,nan,0.0,0,-0.25,6.75,0.25,hm,13
1,53,7.0,2.0,early,1.0,True,False,1,True,1,2,0.65,0.35,False,False,1.0,left,1.0,0.0,1,0.44006089703179896,True,0.0,nan,0,-0.5,6.25,0.5,hm,13
1,54,7.0,3.0,early,1.0,True,False,1,False,2,1,0.65,0.35,False,False,1.0,left,0.0,1.0,2,0.44615916698239744,False,nan,1.0,1,0.75,7.0,0.75,hm,13
1,55,7.0,4.0,early,1.0,True,False,1,True,1,2,0.65,0.35,False,False,4.0,right,0.0,1.0,2,0.5562561700353399,False,nan,1.0,1,0.5,7.5,0.5,hm,13
1,56,7.0,5.0,early,1.0,True,False,1,True,1,2,0.65,0.35,False,False,4.0,right,0.0,1.0,2,0.7291328199789859,False,nan,0.0,0,-0.5,7.0,0.5,hm,13
1,57,7.0,6.0,early,2.0,True,False,1,False,2,1,0.65,0.35,False,False,1.0,left,0.0,1.0,2,1.9352433630265296,False,nan,0.0,0,-0.25,6.75,0.25,hm,13
1,58,7.0,7.0,early,2.0,True,False,1,False,2,1,0.65,0.35,False,False,4.0,right,1.0,0.0,1,0.3836608039564453,True,0.0,nan,0,-0.5,6.25,0.5,hm,13
1,59,7.0,8.0,early,2.0,True,False,1,True,1,2,0.65,0.35,False,False,1.0,left,1.0,0.0,1,0.4813824940356426,True,0.0,nan,0,-0.25,6.0,0.25,hm,13
1,60,7.0,9.0,late,2.0,True,False,1,True,1,2,0.65,0.35,False,False,1.0,left,1.0,0.0,1,0.3705387139925733,True,1.0,nan,1,0.25,6.25,0.25,hm,13
1,61,7.0,10.0,late,2.0,True,False,1,True,1,2,0.65,0.35,True,False,1.0,left,1.0,0.0,1,0.6383209459600039,True,1.0,nan,1,0.5,6.75,0.5,hm,13
1,62,7.0,11.0,late,3.0,True,False,1,True,1,2,0.65,0.35,True,False,1.0,left,1.0,0.0,1,0.6364346109912731,True,0.0,nan,0,-0.25,6.5,0.25,hm,13
1,63,7.0,12.0,late,3.0,True,False,1,True,1,2,0.65,0.35,True,False,1.0,left,1.0,0.0,1,0.5444871229701675,True,1.0,nan,1,0.75,7.25,0.75,hm,13
1,64,7.0,13.0,late,3.0,True,False,1,True,1,2,0.65,0.35,True,False,4.0,right,0.0,1.0,2,0.3473823259701021,False,nan,0.0,0,-0.25,7.0,0.25,hm,13
1,65,7.0,14.0,late,3.0,True,False,1,False,2,1,0.65,0.35,True,False,4.0,right,1.0,0.0,1,0.8739191190106794,True,0.0,nan,0,-0.25,6.75,0.25,hm,13
1,66,7.0,15.0,late,3.0,True,False,1,False,2,1,0.65,0.35,True,False,1.0,left,0.0,1.0,2,0.3849605830037035,False,nan,0.0,0,-0.25,6.5,0.25,hm,13
1,67,7.0,16.0,late,4.0,True,False,1,True,1,2,0.65,0.35,True,False,1.0,left,1.0,0.0,1,1.092729966971092,True,1.0,nan,1,0.25,6.75,0.25,hm,13
1,68,7.0,17.0,late,4.0,True,False,1,True,1,2,0.65,0.35,True,True,1.0,left,1.0,0.0,1,0.7244279789738357,True,0.0,nan,0,-0.75,6.0,0.75,hm,13
1,69,8.0,1.0,early,1.0,False,True,2,False,2,1,0.35,0.65,False,False,1.0,left,0.0,1.0,2,0.8546611779602244,True,nan,1.0,1,0.25,6.25,0.25,hm,13
1,70,8.0,2.0,late,1.0,False,True,2,True,1,2,0.35,0.65,False,False,4.0,right,0.0,1.0,2,1.3596517829573713,True,nan,0.0,0,-0.75,5.5,0.75,hm,13
