sessNo,trialNo,block,blockTrialNo,trialClass,blockBin,stim1_High,stim2_High,stimHigh,stim1_left,leftStim,rightStim,stim1_pWin,stim2_pWin,reverseStatus,reverseTrial,responseKey,response_LR,selected_stim1,selected_stim2,response_stimID,RT,highChosen,stim1_isWin,stim2_isWin,isWin,payOut,accum_payOut,abs_outMag,instructCond,subID
1,1,1.0,1.0,early,1.0,False,True,2,True,1,2,0.35,0.65,False,False,4.0,right,0.0,1.0,2.0,1.2372769659996266,True,nan,0.0,0.0,-0.75,-0.75,0.75,hm,19
1,2,1.0,2.0,early,1.0,False,True,2,False,2,1,0.35,0.65,False,False,4.0,right,1.0,0.0,1.0,0.5486672699989867,False,0.0,nan,0.0,-0.25,-1.0,0.25,hm,19
1,3,1.0,3.0,early,1.0,False,True,2,False,2,1,0.35,0.65,False,False,1.0,left,0.0,1.0,2.0,0.9006331589989713,True,nan,0.0,0.0,-0.25,-1.25,0.25,hm,19
1,4,1.0,4.0,early,1.0,False,True,2,False,2,1,0.35,0.65,False,False,4.0,right,1.0,0.0,1.0,1.2419888990043546,False,0.0,nan,0.0,-0.25,-1.5,0.25,hm,19
1,5,1.0,5.0,early,1.0,False,True,2,False,2,1,0.35,0.65,False,False,4.0,right,1.0,0.0,1.0,0.5964026610017754,False,0.0,nan,0.0,-0.5,-2.0,0.5,hm,19
1,6,1.0,6.0,early,2.0,False,True,2,False,2,1,0.35,0.65,False,False,1.0,left,0.0,1.0,2.0,0.7972922530025244,True,nan,1.0,1.0,0.5,-1.5,0.5,hm,19
1,7,1.0,7.0,early,2.0,False,True,2,True,1,2,0.35,0.65,False,False,4.0,right,0.0,1.0,2.0,0.6546782529985649,True,nan,0.0,0.0,-0.75,-2.25,0.75,hm,19
1,8,1.0,8.0,early,2.0,False,True,2,False,2,1,0.35,0.65,False,False,4.0,right,1.0,0.0,1.0,0.7813018119995832,False,1.0,nan,1.0,0.5,-1.75,0.5,hm,19
1,9,1.0,9.0,early,2.0,False,True,2,False,2,1,0.35,0.65,False,False,4.0,right,1.0,0.0,1.0,1.0323111129982863,False,0.0,nan,0.0,-0.5,-2.25,0.5,hm,19
1,10,1.0,10.0,early,2.0,False,True,2,True,1,2,0.35,0.65,False,False,4.0,right,0.0,1.0,2.0,0.6312485390008078,True,nan,1.0,1.0,0.25,-2.0,0.25,hm,19
1,11,1.0,11.0,early,3.0,False,True,2,True,1,2,0.35,0.65,False,False,4.0,right,0.0,1.0,2.0,0.5493190039996989,True,nan,0.0,0.0,-0.5,-2.5,0.5,hm,19
1,12,1.0,12.0,early,3.0,False,True,2,True,1,2,0.35,0.65,False,False,4.0,right,0.0,1.0,2.0,0.614300444998662,True,nan,0.0,0.0,-0.75,-3.25,0.75,hm,19
1,13,1.0,13.0,early,3.0,False,True,2,False,2,1,0.35,0.65,False,False,4.0,right,1.0,0.0,1.0,1.9073681279987795,False,0.0,nan,0.0,-0.75,-4.0,0.75,hm,19
1,14,1.0,14.0,early,3.0,False,True,2,False,2,1,0.35,0.65,False,False,4.0,right,1.0,0.0,1.0,0.5355320620001294,False,1.0,nan,1.0,0.75,-3.25,0.75,hm,19
1,15,1.0,15.0,early,3.0,False,True,2,False,2,1,0.35,0.65,False,False,1.0,left,0.0,1.0,2.0,0.5800514069997007,True,nan,0.0,0.0,-0.5,-3.75,0.5,hm,19
1,16,1.0,16.0,early,4.0,False,True,2,True,1,2,0.35,0.65,False,False,1.0,left,1.0,0.0,1.0,0.5549337609991198,False,1.0,nan,1.0,0.25,-3.5,0.25,hm,19
1,17,1.0,17.0,early,4.0,False,True,2,False,2,1,0.35,0.65,False,False,1.0,left,0.0,1.0,2.0,0.9043416880012956,True,nan,1.0,1.0,0.75,-2.75,0.75,hm,19
1,18,1.0,18.0,early,4.0,False,True,2,True,1,2,0.35,0.65,False,False,1.0,left,1.0,0.0,1.0,1.5070010659983382,False,0.0,nan,0.0,-0.5,-3.25,0.5,hm,19
1,19,1.0,19.0,early,4.0,False,True,2,True,1,2,0.35,0.65,False,False,4.0,right,0.0,1.0,2.0,1.046347796000191,True,nan,0.0,0.0,-0.75,-4.0,0.75,hm,19
1,20,1.0,20.0,late,4.0,False,True,2,False,2,1,0.35,0.65,False,False,4.0,right,1.0,0.0,1.0,1.5922045049956068,False,0.0,nan,0.0,-0.25,-4.25,0.25,hm,19
1,21,1.0,21.0,late,5.0,False,True,2,True,1,2,0.35,0.65,False,False,4.0,right,0.0,1.0,2.0,0.5380108030003612,True,nan,1.0,1.0,0.5,-3.75,0.5,hm,19
1,22,1.0,22.0,late,5.0,False,True,2,True,1,2,0.35,0.65,False,False,4.0,right,0.0,1.0,2.0,0.6432538820008631,True,nan,1.0,1.0,0.75,-3.0,0.75,hm,19
1,23,1.0,23.0,late,5.0,False,True,2,True,1,2,0.35,0.65,False,False,4.0,right,0.0,1.0,2.0,0.947585652997077,True,nan,0.0,0.0,-0.25,-3.25,0.25,hm,19
1,24,1.0,24.0,late,5.0,False,True,2,True,1,2,0.35,0.65,False,False,1.0,left,1.0,0.0,1.0,0.7375425619975431,False,1.0,nan,1.0,0.25,-3.0,0.25,hm,19
1,25,1.0,25.0,late,5.0,False,True,2,False,2,1,0.35,0.65,False,False,4.0,right,1.0,0.0,1.0,0.588012232001347,False,1.0,nan,1.0,0.5,-2.5,0.5,hm,19
1,26,1.0,26.0,late,6.0,False,True,2,True,1,2,0.35,0.65,False,False,1.0,left,1.0,0.0,1.0,0.4786075070005609,False,0.0,nan,0.0,-0.75,-3.25,0.75,hm,19
1,27,1.0,27.0,late,6.0,False,True,2,True,1,2,0.35,0.65,False,False,4.0,right,0.0,1.0,2.0,0.5127054209951893,True,nan,0.0,0.0,-0.75,-4.0,0.75,hm,19
1,28,1.0,28.0,late,6.0,False,True,2,True,1,2,0.35,0.65,False,False,1.0,left,1.0,0.0,1.0,2.690815851005027,False,0.0,nan,0.0,-0.25,-4.25,0.25,hm,19
1,29,1.0,29.0,late,6.0,False,True,2,False,2,1,0.35,0.65,False,False,1.0,left,0.0,1.0,2.0,0.9487667240027804,True,nan,0.0,0.0,-0.5,-4.75,0.5,hm,19
1,30,1.0,30.0,late,6.0,False,True,2,False,2,1,0.35,0.65,False,False,4.0,right,1.0,0.0,1.0,0.31597544199757976,False,0.0,nan,0.0,-0.5,-5.25,0.5,hm,19
1,31,1.0,31.0,late,7.0,False,True,2,False,2,1,0.35,0.65,False,False,4.0,right,1.0,0.0,1.0,0.7601236569971661,False,0.0,nan,0.0,-0.25,-5.5,0.25,hm,19
1,32,1.0,32.0,late,7.0,False,True,2,True,1,2,0.35,0.65,False,False,4.0,right,0.0,1.0,2.0,0.2945334850010113,True,nan,1.0,1.0,0.5,-5.0,0.5,hm,19
1,33,1.0,33.0,late,7.0,False,True,2,True,1,2,0.35,0.65,False,False,4.0,right,0.0,1.0,2.0,0.465048279002076,True,nan,1.0,1.0,0.75,-4.25,0.75,hm,19
1,34,1.0,34.0,late,7.0,False,True,2,False,2,1,0.35,0.65,False,False,4.0,right,1.0,0.0,1.0,0.8028371830005199,False,0.0,nan,0.0,-0.75,-5.0,0.75,hm,19
1,35,1.0,35.0,late,7.0,False,True,2,True,1,2,0.35,0.65,False,False,4.0,right,0.0,1.0,2.0,0.43157037899800343,True,nan,1.0,1.0,0.5,-4.5,0.5,hm,19
1,36,1.0,36.0,late,8.0,False,True,2,False,2,1,0.35,0.65,False,False,1.0,left,0.0,1.0,2.0,0.5025905759976013,True,nan,0.0,0.0,-0.75,-5.25,0.75,hm,19
1,37,1.0,37.0,late,8.0,False,True,2,True,1,2,0.35,0.65,False,False,4.0,right,0.0,1.0,2.0,1.3002462040021783,True,nan,0.0,0.0,-0.25,-5.5,0.25,hm,19
1,38,1.0,38.0,late,8.0,False,True,2,True,1,2,0.35,0.65,True,True,4.0,right,0.0,1.0,2.0,0.6003605520018027,True,nan,1.0,1.0,0.75,-4.75,0.75,hm,19
1,39,2.0,1.0,early,1.0,True,False,1,False,2,1,0.65,0.35,False,False,1.0,left,0.0,1.0,2.0,0.5377467589933076,False,nan,0.0,0.0,-0.75,-5.5,0.75,hm,19
1,40,2.0,2.0,early,1.0,True,False,1,True,1,2,0.65,0.35,False,False,4.0,right,0.0,1.0,2.0,0.5157995289991959,False,nan,0.0,0.0,-0.25,-5.75,0.25,hm,19
1,41,2.0,3.0,early,1.0,True,False,1,False,2,1,0.65,0.35,False,False,1.0,left,0.0,1.0,2.0,0.947209464997286,False,nan,1.0,1.0,0.5,-5.25,0.5,hm,19
1,42,2.0,4.0,early,1.0,True,False,1,True,1,2,0.65,0.35,False,False,4.0,right,0.0,1.0,2.0,0.525117452001723,False,nan,1.0,1.0,0.25,-5.0,0.25,hm,19
1,43,2.0,5.0,early,1.0,True,False,1,False,2,1,0.65,0.35,False,False,1.0,left,0.0,1.0,2.0,0.4935537370038219,False,nan,0.0,0.0,-0.5,-5.5,0.5,hm,19
1,44,2.0,6.0,early,2.0,True,False,1,False,2,1,0.65,0.35,False,False,4.0,right,1.0,0.0,1.0,0.5901850570007809,True,1.0,nan,1.0,0.75,-4.75,0.75,hm,19
1,45,2.0,7.0,early,2.0,True,False,1,False,2,1,0.65,0.35,False,False,4.0,right,1.0,0.0,1.0,2.0340645069954917,True,1.0,nan,1.0,0.25,-4.5,0.25,hm,19
1,46,2.0,8.0,early,2.0,True,False,1,False,2,1,0.65,0.35,False,False,4.0,right,1.0,0.0,1.0,1.8659297479971428,True,1.0,nan,1.0,0.75,-3.75,0.75,hm,19
1,47,2.0,9.0,early,2.0,True,False,1,False,2,1,0.65,0.35,True,False,4.0,right,1.0,0.0,1.0,0.5278750579964253,True,0.0,nan,0.0,-0.25,-4.0,0.25,hm,19
1,48,2.0,10.0,late,2.0,True,False,1,True,1,2,0.65,0.35,True,False,nan,nan,nan,nan,nan,nan,False,nan,nan,nan,nan,nan,nan,hm,19
1,49,2.0,11.0,late,3.0,True,False,1,False,2,1,0.65,0.35,True,False,4.0,right,1.0,0.0,1.0,0.555603513996175,True,1.0,nan,1.0,0.5,-3.5,0.5,hm,19
1,50,2.0,12.0,late,3.0,True,False,1,False,2,1,0.65,0.35,True,False,1.0,left,0.0,1.0,2.0,0.7061308189950068,False,nan,0.0,0.0,-0.25,-3.75,0.25,hm,19
1,51,2.0,13.0,late,3.0,True,False,1,True,1,2,0.65,0.35,True,False,1.0,left,1.0,0.0,1.0,0.5252478749971488,True,1.0,nan,1.0,0.75,-3.0,0.75,hm,19
1,52,2.0,14.0,late,3.0,True,False,1,True,1,2,0.65,0.35,True,False,1.0,left,1.0,0.0,1.0,0.47523445599654224,True,1.0,nan,1.0,0.25,-2.75,0.25,hm,19
1,53,2.0,15.0,late,3.0,True,False,1,False,2,1,0.65,0.35,True,False,4.0,right,1.0,0.0,1.0,1.0755333809938747,True,0.0,nan,0.0,-0.5,-3.25,0.5,hm,19
1,54,2.0,16.0,late,4.0,True,False,1,False,2,1,0.65,0.35,True,False,1.0,left,0.0,1.0,2.0,0.8230469949994585,False,nan,1.0,1.0,0.5,-2.75,0.5,hm,19
1,55,2.0,17.0,late,4.0,True,False,1,False,2,1,0.65,0.35,True,False,1.0,left,0.0,1.0,2.0,0.5112428080028621,False,nan,1.0,1.0,0.5,-2.25,0.5,hm,19
1,56,2.0,18.0,late,4.0,True,False,1,False,2,1,0.65,0.35,True,True,1.0,left,0.0,1.0,2.0,1.2306838359945687,False,nan,0.0,0.0,-0.75,-3.0,0.75,hm,19
1,57,3.0,1.0,early,1.0,False,True,2,False,2,1,0.35,0.65,False,False,4.0,right,1.0,0.0,1.0,0.8063795150010264,False,0.0,nan,0.0,-0.75,-3.75,0.75,hm,19
1,58,3.0,2.0,early,1.0,False,True,2,False,2,1,0.35,0.65,False,False,4.0,right,1.0,0.0,1.0,0.6282601479979348,False,0.0,nan,0.0,-0.5,-4.25,0.5,hm,19
1,59,3.0,3.0,early,1.0,False,True,2,False,2,1,0.35,0.65,False,False,1.0,left,0.0,1.0,2.0,1.4380564769962803,True,nan,0.0,0.0,-0.25,-4.5,0.25,hm,19
1,60,3.0,4.0,early,1.0,False,True,2,True,1,2,0.35,0.65,False,False,4.0,right,0.0,1.0,2.0,0.5494015959993703,True,nan,0.0,0.0,-0.75,-5.25,0.75,hm,19
1,61,3.0,5.0,early,1.0,False,True,2,True,1,2,0.35,0.65,False,False,4.0,right,0.0,1.0,2.0,0.4852527890034253,True,nan,0.0,0.0,-0.25,-5.5,0.25,hm,19
1,62,3.0,6.0,early,2.0,False,True,2,False,2,1,0.35,0.65,True,False,1.0,left,0.0,1.0,2.0,0.4418274010022287,True,nan,0.0,0.0,-0.75,-6.25,0.75,hm,19
1,63,3.0,7.0,late,2.0,False,True,2,True,1,2,0.35,0.65,True,False,4.0,right,0.0,1.0,2.0,0.5036874919969705,True,nan,1.0,1.0,0.25,-6.0,0.25,hm,19
1,64,3.0,8.0,late,2.0,False,True,2,True,1,2,0.35,0.65,True,False,4.0,right,0.0,1.0,2.0,0.6024288779954077,True,nan,0.0,0.0,-0.75,-6.75,0.75,hm,19
1,65,3.0,9.0,late,2.0,False,True,2,True,1,2,0.35,0.65,True,False,4.0,right,0.0,1.0,2.0,1.8485523519993876,True,nan,0.0,0.0,-0.5,-7.25,0.5,hm,19
1,66,3.0,10.0,late,2.0,False,True,2,False,2,1,0.35,0.65,True,False,4.0,right,1.0,0.0,1.0,0.6371164790034527,False,0.0,nan,0.0,-0.5,-7.75,0.5,hm,19
1,67,3.0,11.0,late,3.0,False,True,2,False,2,1,0.35,0.65,True,False,1.0,left,0.0,1.0,2.0,0.47722875799809117,True,nan,0.0,0.0,-0.75,-8.5,0.75,hm,19
1,68,3.0,12.0,late,3.0,False,True,2,True,1,2,0.35,0.65,True,True,1.0,left,1.0,0.0,1.0,0.5284593610049342,False,0.0,nan,0.0,-0.5,-9.0,0.5,hm,19
1,69,4.0,1.0,early,1.0,True,False,1,True,1,2,0.65,0.35,False,False,4.0,right,0.0,1.0,2.0,1.10277125799621,False,nan,0.0,0.0,-0.75,-9.75,0.75,hm,19
1,70,4.0,2.0,late,1.0,True,False,1,True,1,2,0.65,0.35,False,False,4.0,right,0.0,1.0,2.0,0.4021286310016876,False,nan,0.0,0.0,-0.25,-10.0,0.25,hm,19
