sessNo,trialNo,block,blockTrialNo,trialClass,blockBin,stim1_High,stim2_High,stimHigh,stim1_left,leftStim,rightStim,stim1_pWin,stim2_pWin,reverseStatus,reverseTrial,responseKey,response_LR,selected_stim1,selected_stim2,response_stimID,RT,highChosen,stim1_isWin,stim2_isWin,isWin,payOut,accum_payOut,abs_outMag,instructCond,subID
1,1,1.0,1.0,early,1.0,False,True,2,False,2,1,0.35,0.65,False,False,4.0,right,1.0,0.0,1.0,1.5512446809989342,False,0.0,nan,0.0,-0.5,-0.5,0.5,hm,12
1,2,1.0,2.0,early,1.0,False,True,2,False,2,1,0.35,0.65,False,False,1.0,left,0.0,1.0,2.0,0.5362824160001765,True,nan,0.0,0.0,-0.75,-1.25,0.75,hm,12
1,3,1.0,3.0,early,1.0,False,True,2,True,1,2,0.35,0.65,False,False,1.0,left,1.0,0.0,1.0,1.4655221890025132,False,0.0,nan,0.0,-0.75,-2.0,0.75,hm,12
1,4,1.0,4.0,early,1.0,False,True,2,True,1,2,0.35,0.65,False,False,1.0,left,1.0,0.0,1.0,0.4894413510010054,False,0.0,nan,0.0,-0.25,-2.25,0.25,hm,12
1,5,1.0,5.0,early,1.0,False,True,2,False,2,1,0.35,0.65,False,False,1.0,left,0.0,1.0,2.0,0.6679884680015675,True,nan,1.0,1.0,0.75,-1.5,0.75,hm,12
1,6,1.0,6.0,early,2.0,False,True,2,False,2,1,0.35,0.65,False,False,1.0,left,0.0,1.0,2.0,0.6486868210013199,True,nan,1.0,1.0,0.5,-1.0,0.5,hm,12
1,7,1.0,7.0,early,2.0,False,True,2,True,1,2,0.35,0.65,False,False,4.0,right,0.0,1.0,2.0,0.5729776810003386,True,nan,0.0,0.0,-0.75,-1.75,0.75,hm,12
1,8,1.0,8.0,early,2.0,False,True,2,True,1,2,0.35,0.65,False,False,1.0,left,1.0,0.0,1.0,0.8215430269992794,False,0.0,nan,0.0,-0.25,-2.0,0.25,hm,12
1,9,1.0,9.0,early,2.0,False,True,2,False,2,1,0.35,0.65,False,False,1.0,left,0.0,1.0,2.0,0.6429314519991749,True,nan,1.0,1.0,0.25,-1.75,0.25,hm,12
1,10,1.0,10.0,early,2.0,False,True,2,False,2,1,0.35,0.65,False,False,4.0,right,1.0,0.0,1.0,0.7142253759993764,False,0.0,nan,0.0,-0.5,-2.25,0.5,hm,12
1,11,1.0,11.0,early,3.0,False,True,2,False,2,1,0.35,0.65,False,False,1.0,left,0.0,1.0,2.0,0.9995712900017679,True,nan,1.0,1.0,0.5,-1.75,0.5,hm,12
1,12,1.0,12.0,early,3.0,False,True,2,True,1,2,0.35,0.65,False,False,1.0,left,1.0,0.0,1.0,0.6582419899968954,False,0.0,nan,0.0,-0.75,-2.5,0.75,hm,12
1,13,1.0,13.0,early,3.0,False,True,2,True,1,2,0.35,0.65,False,False,4.0,right,0.0,1.0,2.0,1.9040042080014246,True,nan,0.0,0.0,-0.25,-2.75,0.25,hm,12
1,14,1.0,14.0,early,3.0,False,True,2,True,1,2,0.35,0.65,False,False,4.0,right,0.0,1.0,2.0,0.6296696659992449,True,nan,0.0,0.0,-0.75,-3.5,0.75,hm,12
1,15,1.0,15.0,early,3.0,False,True,2,False,2,1,0.35,0.65,False,False,4.0,right,1.0,0.0,1.0,0.6135193679983786,False,0.0,nan,0.0,-0.25,-3.75,0.25,hm,12
1,16,1.0,16.0,early,4.0,False,True,2,True,1,2,0.35,0.65,False,False,1.0,left,1.0,0.0,1.0,0.7022120959991298,False,0.0,nan,0.0,-0.25,-4.0,0.25,hm,12
1,17,1.0,17.0,early,4.0,False,True,2,False,2,1,0.35,0.65,False,False,1.0,left,0.0,1.0,2.0,0.6232151440017333,True,nan,1.0,1.0,0.75,-3.25,0.75,hm,12
1,18,1.0,18.0,early,4.0,False,True,2,True,1,2,0.35,0.65,False,False,4.0,right,0.0,1.0,2.0,0.5911991069988289,True,nan,0.0,0.0,-0.5,-3.75,0.5,hm,12
1,19,1.0,19.0,early,4.0,False,True,2,False,2,1,0.35,0.65,False,False,4.0,right,1.0,0.0,1.0,1.1574954360003176,False,1.0,nan,1.0,0.75,-3.0,0.75,hm,12
1,20,1.0,20.0,early,4.0,False,True,2,False,2,1,0.35,0.65,False,False,1.0,left,0.0,1.0,2.0,0.747683944999153,True,nan,1.0,1.0,0.25,-2.75,0.25,hm,12
1,21,1.0,21.0,early,5.0,False,True,2,True,1,2,0.35,0.65,False,False,1.0,left,1.0,0.0,1.0,0.6545054999987769,False,1.0,nan,1.0,0.25,-2.5,0.25,hm,12
1,22,1.0,22.0,early,5.0,False,True,2,False,2,1,0.35,0.65,False,False,1.0,left,0.0,1.0,2.0,1.2214935310003057,True,nan,1.0,1.0,0.5,-2.0,0.5,hm,12
1,23,1.0,23.0,early,5.0,False,True,2,False,2,1,0.35,0.65,False,False,4.0,right,1.0,0.0,1.0,0.6199006919996464,False,1.0,nan,1.0,0.25,-1.75,0.25,hm,12
1,24,1.0,24.0,early,5.0,False,True,2,True,1,2,0.35,0.65,False,False,4.0,right,0.0,1.0,2.0,1.3158349769983033,True,nan,0.0,0.0,-0.75,-2.5,0.75,hm,12
1,25,1.0,25.0,early,5.0,False,True,2,True,1,2,0.35,0.65,False,False,4.0,right,0.0,1.0,2.0,0.48259109900027397,True,nan,0.0,0.0,-0.25,-2.75,0.25,hm,12
1,26,1.0,26.0,early,6.0,False,True,2,True,1,2,0.35,0.65,False,False,1.0,left,1.0,0.0,1.0,0.5605633420018421,False,0.0,nan,0.0,-0.25,-3.0,0.25,hm,12
1,27,1.0,27.0,early,6.0,False,True,2,True,1,2,0.35,0.65,False,False,1.0,left,1.0,0.0,1.0,0.5719396109998343,False,0.0,nan,0.0,-0.5,-3.5,0.5,hm,12
1,28,1.0,28.0,early,6.0,False,True,2,True,1,2,0.35,0.65,False,False,1.0,left,1.0,0.0,1.0,0.4792428809996636,False,0.0,nan,0.0,-0.25,-3.75,0.25,hm,12
1,29,1.0,29.0,early,6.0,False,True,2,True,1,2,0.35,0.65,False,False,4.0,right,0.0,1.0,2.0,0.7826311829994665,True,nan,1.0,1.0,0.25,-3.5,0.25,hm,12
1,30,1.0,30.0,early,6.0,False,True,2,True,1,2,0.35,0.65,False,False,4.0,right,0.0,1.0,2.0,0.5547185690011247,True,nan,0.0,0.0,-0.75,-4.25,0.75,hm,12
1,31,1.0,31.0,early,7.0,False,True,2,False,2,1,0.35,0.65,False,False,1.0,left,0.0,1.0,2.0,0.6346604159989511,True,nan,0.0,0.0,-0.5,-4.75,0.5,hm,12
1,32,1.0,32.0,early,7.0,False,True,2,True,1,2,0.35,0.65,False,False,1.0,left,1.0,0.0,1.0,0.4830314550017647,False,0.0,nan,0.0,-0.75,-5.5,0.75,hm,12
1,33,1.0,33.0,early,7.0,False,True,2,False,2,1,0.35,0.65,False,False,1.0,left,0.0,1.0,2.0,0.9960860819992376,True,nan,1.0,1.0,0.25,-5.25,0.25,hm,12
1,34,1.0,34.0,early,7.0,False,True,2,False,2,1,0.35,0.65,False,False,4.0,right,1.0,0.0,1.0,0.49793740200038883,False,0.0,nan,0.0,-0.25,-5.5,0.25,hm,12
1,35,1.0,35.0,early,7.0,False,True,2,True,1,2,0.35,0.65,False,False,4.0,right,0.0,1.0,2.0,0.5881143920014438,True,nan,0.0,0.0,-0.25,-5.75,0.25,hm,12
1,36,1.0,36.0,late,8.0,False,True,2,True,1,2,0.35,0.65,False,False,1.0,left,1.0,0.0,1.0,0.7620513439978822,False,1.0,nan,1.0,0.5,-5.25,0.5,hm,12
1,37,1.0,37.0,late,8.0,False,True,2,False,2,1,0.35,0.65,False,False,4.0,right,1.0,0.0,1.0,1.1483836730003532,False,0.0,nan,0.0,-0.25,-5.5,0.25,hm,12
1,38,1.0,38.0,late,8.0,False,True,2,True,1,2,0.35,0.65,False,False,1.0,left,1.0,0.0,1.0,0.7283619010013354,False,1.0,nan,1.0,0.5,-5.0,0.5,hm,12
1,39,1.0,39.0,late,8.0,False,True,2,True,1,2,0.35,0.65,False,False,4.0,right,0.0,1.0,2.0,0.9797045099985553,True,nan,1.0,1.0,0.75,-4.25,0.75,hm,12
1,40,1.0,40.0,late,8.0,False,True,2,True,1,2,0.35,0.65,False,False,1.0,left,1.0,0.0,1.0,0.43006705199877615,False,0.0,nan,0.0,-0.5,-4.75,0.5,hm,12
1,41,1.0,41.0,late,9.0,False,True,2,True,1,2,0.35,0.65,False,False,1.0,left,1.0,0.0,1.0,2.2094254690018715,False,1.0,nan,1.0,0.5,-4.25,0.5,hm,12
1,42,1.0,42.0,late,9.0,False,True,2,False,2,1,0.35,0.65,False,False,1.0,left,0.0,1.0,2.0,0.8824475720030023,True,nan,1.0,1.0,0.75,-3.5,0.75,hm,12
1,43,1.0,43.0,late,9.0,False,True,2,False,2,1,0.35,0.65,False,False,1.0,left,0.0,1.0,2.0,0.656078351999895,True,nan,1.0,1.0,0.75,-2.75,0.75,hm,12
1,44,1.0,44.0,late,9.0,False,True,2,True,1,2,0.35,0.65,False,False,1.0,left,1.0,0.0,1.0,0.8742438430017501,False,0.0,nan,0.0,-0.75,-3.5,0.75,hm,12
1,45,1.0,45.0,late,9.0,False,True,2,False,2,1,0.35,0.65,False,False,1.0,left,0.0,1.0,2.0,0.8354824529997131,True,nan,1.0,1.0,0.5,-3.0,0.5,hm,12
1,46,1.0,46.0,late,10.0,False,True,2,True,1,2,0.35,0.65,False,False,4.0,right,0.0,1.0,2.0,1.7898348290000285,True,nan,0.0,0.0,-0.5,-3.5,0.5,hm,12
1,47,1.0,47.0,late,10.0,False,True,2,False,2,1,0.35,0.65,False,False,nan,nan,nan,nan,nan,nan,False,nan,nan,nan,nan,nan,nan,hm,12
1,48,1.0,48.0,late,10.0,False,True,2,False,2,1,0.35,0.65,False,False,4.0,right,1.0,0.0,1.0,0.8922355529975903,False,1.0,nan,1.0,0.75,-2.75,0.75,hm,12
1,49,1.0,49.0,late,10.0,False,True,2,True,1,2,0.35,0.65,False,False,4.0,right,0.0,1.0,2.0,1.0953009320001001,True,nan,0.0,0.0,-0.5,-3.25,0.5,hm,12
1,50,1.0,50.0,late,10.0,False,True,2,False,2,1,0.35,0.65,False,False,4.0,right,1.0,0.0,1.0,0.44784697299837717,False,0.0,nan,0.0,-0.5,-3.75,0.5,hm,12
1,51,1.0,51.0,late,11.0,False,True,2,False,2,1,0.35,0.65,False,False,4.0,right,1.0,0.0,1.0,1.103359291999368,False,1.0,nan,1.0,0.75,-3.0,0.75,hm,12
1,52,1.0,52.0,late,11.0,False,True,2,True,1,2,0.35,0.65,False,False,1.0,left,1.0,0.0,1.0,0.4990147429998615,False,0.0,nan,0.0,-0.5,-3.5,0.5,hm,12
1,53,1.0,53.0,late,11.0,False,True,2,False,2,1,0.35,0.65,False,False,4.0,right,1.0,0.0,1.0,0.8437581389989646,False,0.0,nan,0.0,-0.75,-4.25,0.75,hm,12
1,54,1.0,54.0,late,11.0,False,True,2,False,2,1,0.35,0.65,False,False,4.0,right,1.0,0.0,1.0,1.8288647010012937,False,1.0,nan,1.0,0.75,-3.5,0.75,hm,12
1,55,1.0,55.0,late,11.0,False,True,2,True,1,2,0.35,0.65,False,False,4.0,right,0.0,1.0,2.0,1.6544560430011188,True,nan,0.0,0.0,-0.25,-3.75,0.25,hm,12
1,56,1.0,56.0,late,12.0,False,True,2,False,2,1,0.35,0.65,False,False,4.0,right,1.0,0.0,1.0,0.6915853540012904,False,0.0,nan,0.0,-0.75,-4.5,0.75,hm,12
1,57,1.0,57.0,late,12.0,False,True,2,False,2,1,0.35,0.65,False,False,1.0,left,0.0,1.0,2.0,1.7113294740011042,True,nan,0.0,0.0,-0.25,-4.75,0.25,hm,12
1,58,1.0,58.0,late,12.0,False,True,2,False,2,1,0.35,0.65,False,False,nan,nan,nan,nan,nan,nan,False,nan,nan,nan,nan,nan,nan,hm,12
1,59,1.0,59.0,late,12.0,False,True,2,False,2,1,0.35,0.65,False,False,4.0,right,1.0,0.0,1.0,0.4926982249999128,False,0.0,nan,0.0,-0.25,-5.0,0.25,hm,12
1,60,1.0,60.0,late,12.0,False,True,2,False,2,1,0.35,0.65,False,False,1.0,left,0.0,1.0,2.0,0.7440133909985889,True,nan,1.0,1.0,0.5,-4.5,0.5,hm,12
1,61,1.0,61.0,late,13.0,False,True,2,True,1,2,0.35,0.65,False,False,4.0,right,0.0,1.0,2.0,0.7288684899976943,True,nan,1.0,1.0,0.5,-4.0,0.5,hm,12
1,62,1.0,62.0,late,13.0,False,True,2,True,1,2,0.35,0.65,False,False,1.0,left,1.0,0.0,1.0,0.742483178000839,False,0.0,nan,0.0,-0.5,-4.5,0.5,hm,12
1,63,1.0,63.0,late,13.0,False,True,2,False,2,1,0.35,0.65,False,False,1.0,left,0.0,1.0,2.0,0.5252654470023117,True,nan,1.0,1.0,0.25,-4.25,0.25,hm,12
1,64,1.0,64.0,late,13.0,False,True,2,False,2,1,0.35,0.65,False,False,1.0,left,0.0,1.0,2.0,0.47150291300204117,True,nan,1.0,1.0,0.25,-4.0,0.25,hm,12
1,65,1.0,65.0,late,13.0,False,True,2,False,2,1,0.35,0.65,False,False,1.0,left,0.0,1.0,2.0,0.6518896330017014,True,nan,1.0,1.0,0.25,-3.75,0.25,hm,12
1,66,1.0,66.0,late,14.0,False,True,2,False,2,1,0.35,0.65,True,False,1.0,left,0.0,1.0,2.0,0.721765330999915,True,nan,0.0,0.0,-0.5,-4.25,0.5,hm,12
1,67,1.0,67.0,late,14.0,False,True,2,False,2,1,0.35,0.65,True,False,1.0,left,0.0,1.0,2.0,0.727685260000726,True,nan,1.0,1.0,0.25,-4.0,0.25,hm,12
1,68,1.0,68.0,late,14.0,False,True,2,False,2,1,0.35,0.65,True,False,1.0,left,0.0,1.0,2.0,0.45035808199827443,True,nan,1.0,1.0,0.25,-3.75,0.25,hm,12
1,69,1.0,69.0,late,14.0,False,True,2,False,2,1,0.35,0.65,True,False,1.0,left,0.0,1.0,2.0,0.5010562859970378,True,nan,0.0,0.0,-0.5,-4.25,0.5,hm,12
1,70,1.0,70.0,late,14.0,False,True,2,True,1,2,0.35,0.65,True,False,1.0,left,1.0,0.0,1.0,1.0294918680010596,False,0.0,nan,0.0,-0.25,-4.5,0.25,hm,12
