sessNo,trialNo,block,blockTrialNo,trialClass,blockBin,stim1_High,stim2_High,stimHigh,stim1_left,leftStim,rightStim,stim1_pWin,stim2_pWin,reverseStatus,reverseTrial,responseKey,response_LR,selected_stim1,selected_stim2,response_stimID,RT,highChosen,stim1_isWin,stim2_isWin,isWin,payOut,accum_payOut,abs_outMag,instructCond,subID
1,1,1.0,1.0,early,1.0,True,False,1,True,1,2,0.65,0.35,False,False,4.0,right,0.0,1.0,2.0,1.7115714859999684,False,nan,1.0,1.0,0.5,0.5,0.5,hm,17
1,2,1.0,2.0,early,1.0,True,False,1,True,1,2,0.65,0.35,False,False,4.0,right,0.0,1.0,2.0,1.5629567729999962,False,nan,0.0,0.0,-0.25,0.25,0.25,hm,17
1,3,1.0,3.0,early,1.0,True,False,1,True,1,2,0.65,0.35,False,False,4.0,right,0.0,1.0,2.0,0.6867614430000231,False,nan,1.0,1.0,0.25,0.5,0.25,hm,17
1,4,1.0,4.0,early,1.0,True,False,1,True,1,2,0.65,0.35,False,False,1.0,left,1.0,0.0,1.0,0.4694946089999803,True,0.0,nan,0.0,-0.75,-0.25,0.75,hm,17
1,5,1.0,5.0,early,1.0,True,False,1,True,1,2,0.65,0.35,False,False,1.0,left,1.0,0.0,1.0,1.3717516620000083,True,0.0,nan,0.0,-0.75,-1.0,0.75,hm,17
1,6,1.0,6.0,early,2.0,True,False,1,True,1,2,0.65,0.35,False,False,4.0,right,0.0,1.0,2.0,0.4825952959999995,False,nan,1.0,1.0,0.5,-0.5,0.5,hm,17
1,7,1.0,7.0,early,2.0,True,False,1,True,1,2,0.65,0.35,False,False,4.0,right,0.0,1.0,2.0,0.4859218900000428,False,nan,1.0,1.0,0.75,0.25,0.75,hm,17
1,8,1.0,8.0,early,2.0,True,False,1,True,1,2,0.65,0.35,False,False,4.0,right,0.0,1.0,2.0,0.8351717109999868,False,nan,0.0,0.0,-0.25,0.0,0.25,hm,17
1,9,1.0,9.0,early,2.0,True,False,1,True,1,2,0.65,0.35,False,False,4.0,right,0.0,1.0,2.0,1.7682462149999765,False,nan,0.0,0.0,-0.75,-0.75,0.75,hm,17
1,10,1.0,10.0,early,2.0,True,False,1,False,2,1,0.65,0.35,False,False,4.0,right,1.0,0.0,1.0,1.6828378030000408,True,1.0,nan,1.0,0.5,-0.25,0.5,hm,17
1,11,1.0,11.0,early,3.0,True,False,1,True,1,2,0.65,0.35,False,False,nan,nan,nan,nan,nan,nan,False,nan,nan,nan,nan,nan,nan,hm,17
1,12,1.0,12.0,early,3.0,True,False,1,False,2,1,0.65,0.35,False,False,4.0,right,1.0,0.0,1.0,0.597348377000003,True,1.0,nan,1.0,0.75,0.5,0.75,hm,17
1,13,1.0,13.0,early,3.0,True,False,1,False,2,1,0.65,0.35,False,False,1.0,left,0.0,1.0,2.0,0.7399667949999866,False,nan,0.0,0.0,-0.75,-0.25,0.75,hm,17
1,14,1.0,14.0,early,3.0,True,False,1,True,1,2,0.65,0.35,False,False,4.0,right,0.0,1.0,2.0,0.6836510100000055,False,nan,0.0,0.0,-0.25,-0.5,0.25,hm,17
1,15,1.0,15.0,early,3.0,True,False,1,False,2,1,0.65,0.35,False,False,4.0,right,1.0,0.0,1.0,0.9083404149999978,True,1.0,nan,1.0,0.75,0.25,0.75,hm,17
1,16,1.0,16.0,early,4.0,True,False,1,False,2,1,0.65,0.35,False,False,4.0,right,1.0,0.0,1.0,0.6478665449999994,True,1.0,nan,1.0,0.75,1.0,0.75,hm,17
1,17,1.0,17.0,early,4.0,True,False,1,True,1,2,0.65,0.35,False,False,4.0,right,0.0,1.0,2.0,1.622635900999967,False,nan,0.0,0.0,-0.75,0.25,0.75,hm,17
1,18,1.0,18.0,early,4.0,True,False,1,False,2,1,0.65,0.35,False,False,4.0,right,1.0,0.0,1.0,2.0010883919999856,True,1.0,nan,1.0,0.75,1.0,0.75,hm,17
1,19,1.0,19.0,early,4.0,True,False,1,False,2,1,0.65,0.35,False,False,4.0,right,1.0,0.0,1.0,0.7769995129999643,True,1.0,nan,1.0,0.5,1.5,0.5,hm,17
1,20,1.0,20.0,early,4.0,True,False,1,False,2,1,0.65,0.35,False,False,4.0,right,1.0,0.0,1.0,1.543799770000021,True,1.0,nan,1.0,0.25,1.75,0.25,hm,17
1,21,1.0,21.0,early,5.0,True,False,1,False,2,1,0.65,0.35,False,False,1.0,left,0.0,1.0,2.0,0.5073518099999887,False,nan,0.0,0.0,-0.25,1.5,0.25,hm,17
1,22,1.0,22.0,early,5.0,True,False,1,False,2,1,0.65,0.35,False,False,1.0,left,0.0,1.0,2.0,0.6206889420000152,False,nan,1.0,1.0,0.25,1.75,0.25,hm,17
1,23,1.0,23.0,early,5.0,True,False,1,True,1,2,0.65,0.35,False,False,1.0,left,1.0,0.0,1.0,0.30764149300000554,True,1.0,nan,1.0,0.5,2.25,0.5,hm,17
1,24,1.0,24.0,early,5.0,True,False,1,True,1,2,0.65,0.35,False,False,1.0,left,1.0,0.0,1.0,0.5996913529999688,True,1.0,nan,1.0,0.25,2.5,0.25,hm,17
1,25,1.0,25.0,early,5.0,True,False,1,False,2,1,0.65,0.35,False,False,4.0,right,1.0,0.0,1.0,0.3953195499999538,True,1.0,nan,1.0,0.25,2.75,0.25,hm,17
1,26,1.0,26.0,early,6.0,True,False,1,True,1,2,0.65,0.35,False,False,4.0,right,0.0,1.0,2.0,0.5239377369999829,False,nan,1.0,1.0,0.75,3.5,0.75,hm,17
1,27,1.0,27.0,early,6.0,True,False,1,False,2,1,0.65,0.35,False,False,4.0,right,1.0,0.0,1.0,0.46309835299996394,True,1.0,nan,1.0,0.5,4.0,0.5,hm,17
1,28,1.0,28.0,early,6.0,True,False,1,True,1,2,0.65,0.35,False,False,4.0,right,0.0,1.0,2.0,0.4318434109999316,False,nan,0.0,0.0,-0.75,3.25,0.75,hm,17
1,29,1.0,29.0,late,6.0,True,False,1,True,1,2,0.65,0.35,False,False,4.0,right,0.0,1.0,2.0,1.1584709580000663,False,nan,0.0,0.0,-0.25,3.0,0.25,hm,17
1,30,1.0,30.0,late,6.0,True,False,1,False,2,1,0.65,0.35,False,False,1.0,left,0.0,1.0,2.0,0.34394441500000994,False,nan,0.0,0.0,-0.75,2.25,0.75,hm,17
1,31,1.0,31.0,late,7.0,True,False,1,True,1,2,0.65,0.35,False,False,4.0,right,0.0,1.0,2.0,0.5588485679999167,False,nan,0.0,0.0,-0.25,2.0,0.25,hm,17
1,32,1.0,32.0,late,7.0,True,False,1,False,2,1,0.65,0.35,False,False,4.0,right,1.0,0.0,1.0,0.3073907389999704,True,0.0,nan,0.0,-0.5,1.5,0.5,hm,17
1,33,1.0,33.0,late,7.0,True,False,1,True,1,2,0.65,0.35,False,False,1.0,left,1.0,0.0,1.0,1.2849753849999388,True,1.0,nan,1.0,0.5,2.0,0.5,hm,17
1,34,1.0,34.0,late,7.0,True,False,1,True,1,2,0.65,0.35,False,False,1.0,left,1.0,0.0,1.0,0.662753614000053,True,1.0,nan,1.0,0.25,2.25,0.25,hm,17
1,35,1.0,35.0,late,7.0,True,False,1,True,1,2,0.65,0.35,False,False,4.0,right,0.0,1.0,2.0,0.3672144900000376,False,nan,0.0,0.0,-0.5,1.75,0.5,hm,17
1,36,1.0,36.0,late,8.0,True,False,1,True,1,2,0.65,0.35,False,False,4.0,right,0.0,1.0,2.0,1.063891763000015,False,nan,1.0,1.0,0.5,2.25,0.5,hm,17
1,37,1.0,37.0,late,8.0,True,False,1,False,2,1,0.65,0.35,False,False,1.0,left,0.0,1.0,2.0,0.5252498419999938,False,nan,0.0,0.0,-0.75,1.5,0.75,hm,17
1,38,1.0,38.0,late,8.0,True,False,1,True,1,2,0.65,0.35,False,False,1.0,left,1.0,0.0,1.0,0.7409857150000789,True,0.0,nan,0.0,-0.25,1.25,0.25,hm,17
1,39,1.0,39.0,late,8.0,True,False,1,False,2,1,0.65,0.35,False,False,1.0,left,0.0,1.0,2.0,1.045919108000021,False,nan,0.0,0.0,-0.5,0.75,0.5,hm,17
1,40,1.0,40.0,late,8.0,True,False,1,True,1,2,0.65,0.35,False,False,4.0,right,0.0,1.0,2.0,0.35273677199995745,False,nan,1.0,1.0,0.75,1.5,0.75,hm,17
1,41,1.0,41.0,late,9.0,True,False,1,False,2,1,0.65,0.35,False,False,1.0,left,0.0,1.0,2.0,0.4263762719999704,False,nan,0.0,0.0,-0.25,1.25,0.25,hm,17
1,42,1.0,42.0,late,9.0,True,False,1,True,1,2,0.65,0.35,False,False,4.0,right,0.0,1.0,2.0,1.2739954980000903,False,nan,0.0,0.0,-0.5,0.75,0.5,hm,17
1,43,1.0,43.0,late,9.0,True,False,1,False,2,1,0.65,0.35,False,False,1.0,left,0.0,1.0,2.0,0.631656195000005,False,nan,0.0,0.0,-0.5,0.25,0.5,hm,17
1,44,1.0,44.0,late,9.0,True,False,1,False,2,1,0.65,0.35,False,False,4.0,right,1.0,0.0,1.0,0.5712768319999668,True,1.0,nan,1.0,0.75,1.0,0.75,hm,17
1,45,1.0,45.0,late,9.0,True,False,1,False,2,1,0.65,0.35,False,False,4.0,right,1.0,0.0,1.0,0.3292377040000929,True,1.0,nan,1.0,0.5,1.5,0.5,hm,17
1,46,1.0,46.0,late,10.0,True,False,1,False,2,1,0.65,0.35,False,False,1.0,left,0.0,1.0,2.0,0.37411152100003164,False,nan,1.0,1.0,0.5,2.0,0.5,hm,17
1,47,1.0,47.0,late,10.0,True,False,1,True,1,2,0.65,0.35,False,False,4.0,right,0.0,1.0,2.0,0.3833404929999915,False,nan,0.0,0.0,-0.25,1.75,0.25,hm,17
1,48,1.0,48.0,late,10.0,True,False,1,False,2,1,0.65,0.35,False,False,1.0,left,0.0,1.0,2.0,0.9498597520000658,False,nan,0.0,0.0,-0.5,1.25,0.5,hm,17
1,49,1.0,49.0,late,10.0,True,False,1,False,2,1,0.65,0.35,False,False,4.0,right,1.0,0.0,1.0,0.3412063359999138,True,1.0,nan,1.0,0.5,1.75,0.5,hm,17
1,50,1.0,50.0,late,10.0,True,False,1,False,2,1,0.65,0.35,False,False,4.0,right,1.0,0.0,1.0,0.2781960029999482,True,1.0,nan,1.0,0.75,2.5,0.75,hm,17
1,51,1.0,51.0,late,11.0,True,False,1,True,1,2,0.65,0.35,False,False,4.0,right,0.0,1.0,2.0,0.31042353500004083,False,nan,0.0,0.0,-0.25,2.25,0.25,hm,17
1,52,1.0,52.0,late,11.0,True,False,1,True,1,2,0.65,0.35,False,False,1.0,left,1.0,0.0,1.0,0.49100046199998815,True,1.0,nan,1.0,0.5,2.75,0.5,hm,17
1,53,1.0,53.0,late,11.0,True,False,1,False,2,1,0.65,0.35,False,False,4.0,right,1.0,0.0,1.0,0.42833092099999703,True,1.0,nan,1.0,0.75,3.5,0.75,hm,17
1,54,1.0,54.0,late,11.0,True,False,1,False,2,1,0.65,0.35,False,False,4.0,right,1.0,0.0,1.0,0.318787307999969,True,0.0,nan,0.0,-0.25,3.25,0.25,hm,17
1,55,1.0,55.0,late,11.0,True,False,1,False,2,1,0.65,0.35,True,False,4.0,right,1.0,0.0,1.0,0.31558528400000796,True,0.0,nan,0.0,-0.75,2.5,0.75,hm,17
1,56,1.0,56.0,late,12.0,True,False,1,False,2,1,0.65,0.35,True,True,4.0,right,1.0,0.0,1.0,0.8282004579999693,True,0.0,nan,0.0,-0.75,1.75,0.75,hm,17
1,57,2.0,1.0,early,1.0,False,True,2,True,1,2,0.35,0.65,False,False,1.0,left,1.0,0.0,1.0,0.5415860570000177,False,1.0,nan,1.0,0.75,2.5,0.75,hm,17
1,58,2.0,2.0,early,1.0,False,True,2,False,2,1,0.35,0.65,False,False,4.0,right,1.0,0.0,1.0,0.3068487879999111,False,0.0,nan,0.0,-0.75,1.75,0.75,hm,17
1,59,2.0,3.0,early,1.0,False,True,2,False,2,1,0.35,0.65,False,False,4.0,right,1.0,0.0,1.0,0.29430265899998176,False,1.0,nan,1.0,0.5,2.25,0.5,hm,17
1,60,2.0,4.0,early,1.0,False,True,2,True,1,2,0.35,0.65,False,False,1.0,left,1.0,0.0,1.0,0.4003030659999922,False,0.0,nan,0.0,-0.5,1.75,0.5,hm,17
1,61,2.0,5.0,early,1.0,False,True,2,False,2,1,0.35,0.65,False,False,4.0,right,1.0,0.0,1.0,0.3445900879999044,False,0.0,nan,0.0,-0.5,1.25,0.5,hm,17
1,62,2.0,6.0,early,2.0,False,True,2,False,2,1,0.35,0.65,False,False,4.0,right,1.0,0.0,1.0,0.3655360949999249,False,0.0,nan,0.0,-0.5,0.75,0.5,hm,17
1,63,2.0,7.0,early,2.0,False,True,2,True,1,2,0.35,0.65,False,False,1.0,left,1.0,0.0,1.0,0.4795526160000918,False,0.0,nan,0.0,-0.25,0.5,0.25,hm,17
1,64,2.0,8.0,late,2.0,False,True,2,False,2,1,0.35,0.65,False,False,1.0,left,0.0,1.0,2.0,0.3672425319998638,True,nan,1.0,1.0,0.25,0.75,0.25,hm,17
1,65,2.0,9.0,late,2.0,False,True,2,False,2,1,0.35,0.65,False,False,4.0,right,1.0,0.0,1.0,0.31196531399996275,False,0.0,nan,0.0,-0.5,0.25,0.5,hm,17
1,66,2.0,10.0,late,2.0,False,True,2,False,2,1,0.35,0.65,False,False,4.0,right,1.0,0.0,1.0,0.3812431829999241,False,0.0,nan,0.0,-0.5,-0.25,0.5,hm,17
1,67,2.0,11.0,late,3.0,False,True,2,True,1,2,0.35,0.65,False,False,4.0,right,0.0,1.0,2.0,0.5418650000001435,True,nan,1.0,1.0,0.5,0.25,0.5,hm,17
1,68,2.0,12.0,late,3.0,False,True,2,False,2,1,0.35,0.65,False,False,1.0,left,0.0,1.0,2.0,0.5892604959999517,True,nan,1.0,1.0,0.5,0.75,0.5,hm,17
1,69,2.0,13.0,late,3.0,False,True,2,False,2,1,0.35,0.65,False,False,1.0,left,0.0,1.0,2.0,0.7178570700000364,True,nan,0.0,0.0,-0.5,0.25,0.5,hm,17
1,70,2.0,14.0,late,3.0,False,True,2,False,2,1,0.35,0.65,True,True,1.0,left,0.0,1.0,2.0,0.8390016369999103,True,nan,1.0,1.0,0.5,0.75,0.5,hm,17
