sessNo,trialNo,block,blockTrialNo,trialClass,blockBin,stim1_High,stim2_High,stimHigh,stim1_left,leftStim,rightStim,stim1_pWin,stim2_pWin,reverseStatus,reverseTrial,responseKey,response_LR,selected_stim1,selected_stim2,response_stimID,RT,highChosen,stim1_isWin,stim2_isWin,isWin,payOut,accum_payOut,abs_outMag,instructCond,subID
1,1,1.0,1.0,early,1.0,False,True,2,True,1,2,0.35,0.65,False,False,1.0,left,1.0,0.0,1,0.8033553290006239,False,0.0,nan,0,-0.25,-0.25,0.25,rl,15
1,2,1.0,2.0,early,1.0,False,True,2,False,2,1,0.35,0.65,False,False,1.0,left,0.0,1.0,2,0.46267422699020244,True,nan,1.0,1,0.75,0.5,0.75,rl,15
1,3,1.0,3.0,early,1.0,False,True,2,True,1,2,0.35,0.65,False,False,1.0,left,1.0,0.0,1,0.4548954850033624,False,1.0,nan,1,0.75,1.25,0.75,rl,15
1,4,1.0,4.0,early,1.0,False,True,2,False,2,1,0.35,0.65,False,False,1.0,left,0.0,1.0,2,0.5352886180044152,True,nan,1.0,1,0.75,2.0,0.75,rl,15
1,5,1.0,5.0,early,1.0,False,True,2,True,1,2,0.35,0.65,False,False,4.0,right,0.0,1.0,2,0.37572598400583956,True,nan,1.0,1,0.75,2.75,0.75,rl,15
1,6,1.0,6.0,early,2.0,False,True,2,True,1,2,0.35,0.65,False,False,4.0,right,0.0,1.0,2,0.3847267719975207,True,nan,1.0,1,0.25,3.0,0.25,rl,15
1,7,1.0,7.0,early,2.0,False,True,2,True,1,2,0.35,0.65,False,False,1.0,left,1.0,0.0,1,0.43966426300175954,False,0.0,nan,0,-0.75,2.25,0.75,rl,15
1,8,1.0,8.0,early,2.0,False,True,2,True,1,2,0.35,0.65,False,False,1.0,left,1.0,0.0,1,0.3593173069966724,False,0.0,nan,0,-0.5,1.75,0.5,rl,15
1,9,1.0,9.0,early,2.0,False,True,2,False,2,1,0.35,0.65,False,False,1.0,left,0.0,1.0,2,0.4623224009992555,True,nan,1.0,1,0.5,2.25,0.5,rl,15
1,10,1.0,10.0,early,2.0,False,True,2,False,2,1,0.35,0.65,False,False,4.0,right,1.0,0.0,1,0.39052225300110877,False,1.0,nan,1,0.75,3.0,0.75,rl,15
1,11,1.0,11.0,early,3.0,False,True,2,False,2,1,0.35,0.65,False,False,4.0,right,1.0,0.0,1,0.40541778100305237,False,0.0,nan,0,-0.25,2.75,0.25,rl,15
1,12,1.0,12.0,early,3.0,False,True,2,True,1,2,0.35,0.65,False,False,4.0,right,0.0,1.0,2,0.4388729799975408,True,nan,0.0,0,-0.25,2.5,0.25,rl,15
1,13,1.0,13.0,early,3.0,False,True,2,False,2,1,0.35,0.65,False,False,4.0,right,1.0,0.0,1,0.3052019879978616,False,1.0,nan,1,0.25,2.75,0.25,rl,15
1,14,1.0,14.0,early,3.0,False,True,2,False,2,1,0.35,0.65,False,False,1.0,left,0.0,1.0,2,0.46830376199795865,True,nan,1.0,1,0.75,3.5,0.75,rl,15
1,15,1.0,15.0,early,3.0,False,True,2,True,1,2,0.35,0.65,False,False,1.0,left,1.0,0.0,1,0.5541006560088135,False,0.0,nan,0,-0.25,3.25,0.25,rl,15
1,16,1.0,16.0,late,4.0,False,True,2,False,2,1,0.35,0.65,False,False,4.0,right,1.0,0.0,1,0.5365156689949799,False,0.0,nan,0,-0.25,3.0,0.25,rl,15
1,17,1.0,17.0,late,4.0,False,True,2,True,1,2,0.35,0.65,False,False,1.0,left,1.0,0.0,1,0.4479679530049907,False,1.0,nan,1,0.5,3.5,0.5,rl,15
1,18,1.0,18.0,late,4.0,False,True,2,True,1,2,0.35,0.65,False,False,1.0,left,1.0,0.0,1,0.39067321000038646,False,1.0,nan,1,0.5,4.0,0.5,rl,15
1,19,1.0,19.0,late,4.0,False,True,2,False,2,1,0.35,0.65,False,False,4.0,right,1.0,0.0,1,0.5438502720062388,False,0.0,nan,0,-0.25,3.75,0.25,rl,15
1,20,1.0,20.0,late,4.0,False,True,2,True,1,2,0.35,0.65,False,False,4.0,right,0.0,1.0,2,0.7418711049976991,True,nan,0.0,0,-0.75,3.0,0.75,rl,15
1,21,1.0,21.0,late,5.0,False,True,2,False,2,1,0.35,0.65,False,False,4.0,right,1.0,0.0,1,0.5101386890019057,False,0.0,nan,0,-0.25,2.75,0.25,rl,15
1,22,1.0,22.0,late,5.0,False,True,2,False,2,1,0.35,0.65,False,False,4.0,right,1.0,0.0,1,0.4063686519948533,False,0.0,nan,0,-0.5,2.25,0.5,rl,15
1,23,1.0,23.0,late,5.0,False,True,2,True,1,2,0.35,0.65,False,False,4.0,right,0.0,1.0,2,0.37649414999759756,True,nan,0.0,0,-0.75,1.5,0.75,rl,15
1,24,1.0,24.0,late,5.0,False,True,2,False,2,1,0.35,0.65,False,False,4.0,right,1.0,0.0,1,0.4000426209968282,False,1.0,nan,1,0.5,2.0,0.5,rl,15
1,25,1.0,25.0,late,5.0,False,True,2,True,1,2,0.35,0.65,False,False,4.0,right,0.0,1.0,2,0.5379366279958049,True,nan,1.0,1,0.75,2.75,0.75,rl,15
1,26,1.0,26.0,late,6.0,False,True,2,True,1,2,0.35,0.65,False,False,1.0,left,1.0,0.0,1,0.34982638400106225,False,0.0,nan,0,-0.5,2.25,0.5,rl,15
1,27,1.0,27.0,late,6.0,False,True,2,True,1,2,0.35,0.65,False,False,4.0,right,0.0,1.0,2,0.33069805799459573,True,nan,0.0,0,-0.75,1.5,0.75,rl,15
1,28,1.0,28.0,late,6.0,False,True,2,False,2,1,0.35,0.65,False,False,1.0,left,0.0,1.0,2,0.4933231119939592,True,nan,0.0,0,-0.75,0.75,0.75,rl,15
1,29,1.0,29.0,late,6.0,False,True,2,True,1,2,0.35,0.65,False,False,4.0,right,0.0,1.0,2,0.4924719760019798,True,nan,1.0,1,0.25,1.0,0.25,rl,15
1,30,1.0,30.0,late,6.0,False,True,2,False,2,1,0.35,0.65,True,False,1.0,left,0.0,1.0,2,0.4656102910084883,True,nan,1.0,1,0.5,1.5,0.5,rl,15
1,31,1.0,31.0,late,7.0,False,True,2,False,2,1,0.35,0.65,True,True,1.0,left,0.0,1.0,2,0.46576403199287597,True,nan,1.0,1,0.75,2.25,0.75,rl,15
1,32,2.0,1.0,early,1.0,True,False,1,True,1,2,0.65,0.35,False,False,1.0,left,1.0,0.0,1,0.47119260200997815,True,1.0,nan,1,0.5,2.75,0.5,rl,15
1,33,2.0,2.0,early,1.0,True,False,1,False,2,1,0.65,0.35,False,False,1.0,left,0.0,1.0,2,0.4442152870033169,False,nan,1.0,1,0.5,3.25,0.5,rl,15
1,34,2.0,3.0,early,1.0,True,False,1,False,2,1,0.65,0.35,False,False,1.0,left,0.0,1.0,2,0.5497706629976165,False,nan,0.0,0,-0.5,2.75,0.5,rl,15
1,35,2.0,4.0,early,1.0,True,False,1,True,1,2,0.65,0.35,False,False,4.0,right,0.0,1.0,2,0.4847523939970415,False,nan,1.0,1,0.25,3.0,0.25,rl,15
1,36,2.0,5.0,early,1.0,True,False,1,False,2,1,0.65,0.35,False,False,1.0,left,0.0,1.0,2,0.63989959799801,False,nan,0.0,0,-0.75,2.25,0.75,rl,15
1,37,2.0,6.0,early,2.0,True,False,1,True,1,2,0.65,0.35,False,False,1.0,left,1.0,0.0,1,0.44846351600426715,True,1.0,nan,1,0.5,2.75,0.5,rl,15
1,38,2.0,7.0,early,2.0,True,False,1,True,1,2,0.65,0.35,False,False,4.0,right,0.0,1.0,2,0.44375806699099485,False,nan,0.0,0,-0.5,2.25,0.5,rl,15
1,39,2.0,8.0,early,2.0,True,False,1,False,2,1,0.65,0.35,False,False,1.0,left,0.0,1.0,2,0.5796620530018117,False,nan,1.0,1,0.75,3.0,0.75,rl,15
1,40,2.0,9.0,late,2.0,True,False,1,False,2,1,0.65,0.35,False,False,1.0,left,0.0,1.0,2,0.6426093579939334,False,nan,0.0,0,-0.25,2.75,0.25,rl,15
1,41,2.0,10.0,late,2.0,True,False,1,True,1,2,0.65,0.35,False,False,1.0,left,1.0,0.0,1,0.8226011850056238,True,0.0,nan,0,-0.75,2.0,0.75,rl,15
1,42,2.0,11.0,late,3.0,True,False,1,True,1,2,0.65,0.35,False,False,4.0,right,0.0,1.0,2,0.4567874189961003,False,nan,0.0,0,-0.5,1.5,0.5,rl,15
1,43,2.0,12.0,late,3.0,True,False,1,False,2,1,0.65,0.35,False,False,1.0,left,0.0,1.0,2,0.455881029003649,False,nan,0.0,0,-0.25,1.25,0.25,rl,15
1,44,2.0,13.0,late,3.0,True,False,1,True,1,2,0.65,0.35,False,False,1.0,left,1.0,0.0,1,0.5888487049960531,True,0.0,nan,0,-0.25,1.0,0.25,rl,15
1,45,2.0,14.0,late,3.0,True,False,1,True,1,2,0.65,0.35,False,False,1.0,left,1.0,0.0,1,0.39104549000330735,True,0.0,nan,0,-0.5,0.5,0.5,rl,15
1,46,2.0,15.0,late,3.0,True,False,1,True,1,2,0.65,0.35,False,False,1.0,left,1.0,0.0,1,0.510573696999927,True,1.0,nan,1,0.25,0.75,0.25,rl,15
1,47,2.0,16.0,late,4.0,True,False,1,True,1,2,0.65,0.35,True,False,1.0,left,1.0,0.0,1,0.43165857599524315,True,1.0,nan,1,0.25,1.0,0.25,rl,15
1,48,2.0,17.0,late,4.0,True,False,1,True,1,2,0.65,0.35,True,True,4.0,right,0.0,1.0,2,0.8166035999893211,False,nan,0.0,0,-0.5,0.5,0.5,rl,15
1,49,3.0,1.0,early,1.0,False,True,2,False,2,1,0.35,0.65,False,False,1.0,left,0.0,1.0,2,1.319624001000193,True,nan,0.0,0,-0.5,0.0,0.5,rl,15
1,50,3.0,2.0,early,1.0,False,True,2,True,1,2,0.35,0.65,False,False,4.0,right,0.0,1.0,2,0.5061388549947878,True,nan,0.0,0,-0.25,-0.25,0.25,rl,15
1,51,3.0,3.0,early,1.0,False,True,2,True,1,2,0.35,0.65,False,False,1.0,left,1.0,0.0,1,0.561945448993356,False,0.0,nan,0,-0.75,-1.0,0.75,rl,15
1,52,3.0,4.0,early,1.0,False,True,2,False,2,1,0.35,0.65,False,False,4.0,right,1.0,0.0,1,0.5616837650013622,False,0.0,nan,0,-0.25,-1.25,0.25,rl,15
1,53,3.0,5.0,early,1.0,False,True,2,False,2,1,0.35,0.65,False,False,1.0,left,0.0,1.0,2,0.5176040070073213,True,nan,1.0,1,0.5,-0.75,0.5,rl,15
1,54,3.0,6.0,early,2.0,False,True,2,False,2,1,0.35,0.65,False,False,1.0,left,0.0,1.0,2,0.43164335600158665,True,nan,1.0,1,0.75,0.0,0.75,rl,15
1,55,3.0,7.0,early,2.0,False,True,2,True,1,2,0.35,0.65,False,False,1.0,left,1.0,0.0,1,0.5149772239965387,False,0.0,nan,0,-0.25,-0.25,0.25,rl,15
1,56,3.0,8.0,early,2.0,False,True,2,False,2,1,0.35,0.65,False,False,4.0,right,1.0,0.0,1,0.4936854389961809,False,0.0,nan,0,-0.25,-0.5,0.25,rl,15
1,57,3.0,9.0,early,2.0,False,True,2,True,1,2,0.35,0.65,False,False,1.0,left,1.0,0.0,1,0.9770124460046645,False,0.0,nan,0,-0.25,-0.75,0.25,rl,15
1,58,3.0,10.0,early,2.0,False,True,2,False,2,1,0.35,0.65,False,False,1.0,left,0.0,1.0,2,0.6938313520076917,True,nan,0.0,0,-0.5,-1.25,0.5,rl,15
1,59,3.0,11.0,early,3.0,False,True,2,True,1,2,0.35,0.65,False,False,1.0,left,1.0,0.0,1,0.5594813950010575,False,0.0,nan,0,-0.75,-2.0,0.75,rl,15
1,60,3.0,12.0,late,3.0,False,True,2,True,1,2,0.35,0.65,False,False,1.0,left,1.0,0.0,1,0.481343385996297,False,1.0,nan,1,0.5,-1.5,0.5,rl,15
1,61,3.0,13.0,late,3.0,False,True,2,False,2,1,0.35,0.65,False,False,1.0,left,0.0,1.0,2,0.6167928850045428,True,nan,1.0,1,0.5,-1.0,0.5,rl,15
1,62,3.0,14.0,late,3.0,False,True,2,False,2,1,0.35,0.65,False,False,4.0,right,1.0,0.0,1,0.38091252600133885,False,0.0,nan,0,-0.75,-1.75,0.75,rl,15
1,63,3.0,15.0,late,3.0,False,True,2,True,1,2,0.35,0.65,False,False,1.0,left,1.0,0.0,1,0.4863760739972349,False,0.0,nan,0,-0.25,-2.0,0.25,rl,15
1,64,3.0,16.0,late,4.0,False,True,2,False,2,1,0.35,0.65,False,False,1.0,left,0.0,1.0,2,1.0699301889981143,True,nan,0.0,0,-0.75,-2.75,0.75,rl,15
1,65,3.0,17.0,late,4.0,False,True,2,False,2,1,0.35,0.65,False,False,4.0,right,1.0,0.0,1,0.4013129279919667,False,0.0,nan,0,-0.75,-3.5,0.75,rl,15
1,66,3.0,18.0,late,4.0,False,True,2,True,1,2,0.35,0.65,False,False,4.0,right,0.0,1.0,2,0.511553054995602,True,nan,1.0,1,0.5,-3.0,0.5,rl,15
1,67,3.0,19.0,late,4.0,False,True,2,False,2,1,0.35,0.65,False,False,4.0,right,1.0,0.0,1,1.4928091400070116,False,1.0,nan,1,0.25,-2.75,0.25,rl,15
1,68,3.0,20.0,late,4.0,False,True,2,True,1,2,0.35,0.65,False,False,1.0,left,1.0,0.0,1,0.5046790629858151,False,0.0,nan,0,-0.25,-3.0,0.25,rl,15
1,69,3.0,21.0,late,5.0,False,True,2,True,1,2,0.35,0.65,False,False,4.0,right,0.0,1.0,2,0.4619371149892686,True,nan,1.0,1,0.75,-2.25,0.75,rl,15
1,70,3.0,22.0,late,5.0,False,True,2,True,1,2,0.35,0.65,False,False,4.0,right,0.0,1.0,2,0.5206982560048345,True,nan,1.0,1,0.75,-1.5,0.75,rl,15
