sessNo,trialNo,block,blockTrialNo,trialClass,blockBin,stim1_High,stim2_High,stimHigh,stim1_left,leftStim,rightStim,stim1_pWin,stim2_pWin,reverseStatus,reverseTrial,responseKey,response_LR,selected_stim1,selected_stim2,response_stimID,RT,highChosen,stim1_isWin,stim2_isWin,isWin,payOut,accum_payOut,abs_outMag,instructCond,subID
1,1,1.0,1.0,early,1.0,True,False,1,False,2,1,0.65,0.35,False,False,4.0,right,1.0,0.0,1,0.5442476480020559,True,0.0,nan,0,-0.25,-0.25,0.25,hm,11
1,2,1.0,2.0,early,1.0,True,False,1,True,1,2,0.65,0.35,False,False,4.0,right,0.0,1.0,2,0.5455279469970264,False,nan,1.0,1,0.75,0.5,0.75,hm,11
1,3,1.0,3.0,early,1.0,True,False,1,False,2,1,0.65,0.35,False,False,1.0,left,0.0,1.0,2,0.6966629509988707,False,nan,0.0,0,-0.75,-0.25,0.75,hm,11
1,4,1.0,4.0,early,1.0,True,False,1,False,2,1,0.65,0.35,False,False,1.0,left,0.0,1.0,2,0.6698518609991879,False,nan,1.0,1,0.25,0.0,0.25,hm,11
1,5,1.0,5.0,early,1.0,True,False,1,False,2,1,0.65,0.35,False,False,4.0,right,1.0,0.0,1,0.5394541349960491,True,0.0,nan,0,-0.25,-0.25,0.25,hm,11
1,6,1.0,6.0,early,2.0,True,False,1,True,1,2,0.65,0.35,False,False,1.0,left,1.0,0.0,1,0.7717460359999677,True,0.0,nan,0,-0.25,-0.5,0.25,hm,11
1,7,1.0,7.0,early,2.0,True,False,1,False,2,1,0.65,0.35,False,False,1.0,left,0.0,1.0,2,0.7197643470062758,False,nan,1.0,1,0.5,0.0,0.5,hm,11
1,8,1.0,8.0,early,2.0,True,False,1,False,2,1,0.65,0.35,False,False,4.0,right,1.0,0.0,1,0.5007786839996697,True,0.0,nan,0,-0.75,-0.75,0.75,hm,11
1,9,1.0,9.0,early,2.0,True,False,1,False,2,1,0.65,0.35,False,False,1.0,left,0.0,1.0,2,0.7573377899971092,False,nan,0.0,0,-0.25,-1.0,0.25,hm,11
1,10,1.0,10.0,early,2.0,True,False,1,False,2,1,0.65,0.35,False,False,1.0,left,0.0,1.0,2,0.46883634199912194,False,nan,1.0,1,0.75,-0.25,0.75,hm,11
1,11,1.0,11.0,early,3.0,True,False,1,False,2,1,0.65,0.35,False,False,4.0,right,1.0,0.0,1,0.5399636069996632,True,1.0,nan,1,0.5,0.25,0.5,hm,11
1,12,1.0,12.0,early,3.0,True,False,1,False,2,1,0.65,0.35,False,False,4.0,right,1.0,0.0,1,0.5144509250021656,True,0.0,nan,0,-0.75,-0.5,0.75,hm,11
1,13,1.0,13.0,early,3.0,True,False,1,False,2,1,0.65,0.35,False,False,4.0,right,1.0,0.0,1,0.38292176299728453,True,1.0,nan,1,0.25,-0.25,0.25,hm,11
1,14,1.0,14.0,early,3.0,True,False,1,False,2,1,0.65,0.35,False,False,1.0,left,0.0,1.0,2,0.4829842670005746,False,nan,0.0,0,-0.25,-0.5,0.25,hm,11
1,15,1.0,15.0,early,3.0,True,False,1,False,2,1,0.65,0.35,False,False,1.0,left,0.0,1.0,2,0.4400566580006853,False,nan,1.0,1,0.25,-0.25,0.25,hm,11
1,16,1.0,16.0,early,4.0,True,False,1,False,2,1,0.65,0.35,False,False,4.0,right,1.0,0.0,1,0.4914139679967775,True,1.0,nan,1,0.75,0.5,0.75,hm,11
1,17,1.0,17.0,early,4.0,True,False,1,True,1,2,0.65,0.35,False,False,1.0,left,1.0,0.0,1,1.0114667429952533,True,1.0,nan,1,0.25,0.75,0.25,hm,11
1,18,1.0,18.0,early,4.0,True,False,1,True,1,2,0.65,0.35,False,False,1.0,left,1.0,0.0,1,0.41934320500149624,True,1.0,nan,1,0.75,1.5,0.75,hm,11
1,19,1.0,19.0,early,4.0,True,False,1,True,1,2,0.65,0.35,False,False,4.0,right,0.0,1.0,2,0.40420249700400745,False,nan,0.0,0,-0.75,0.75,0.75,hm,11
1,20,1.0,20.0,early,4.0,True,False,1,True,1,2,0.65,0.35,False,False,4.0,right,0.0,1.0,2,0.5132832410017727,False,nan,0.0,0,-0.75,0.0,0.75,hm,11
1,21,1.0,21.0,early,5.0,True,False,1,False,2,1,0.65,0.35,False,False,4.0,right,1.0,0.0,1,0.4594577579991892,True,0.0,nan,0,-0.5,-0.5,0.5,hm,11
1,22,1.0,22.0,early,5.0,True,False,1,True,1,2,0.65,0.35,False,False,4.0,right,0.0,1.0,2,0.5188324120026664,False,nan,1.0,1,0.75,0.25,0.75,hm,11
1,23,1.0,23.0,early,5.0,True,False,1,True,1,2,0.65,0.35,False,False,4.0,right,0.0,1.0,2,0.5005125989991939,False,nan,1.0,1,0.25,0.5,0.25,hm,11
1,24,1.0,24.0,late,5.0,True,False,1,True,1,2,0.65,0.35,False,False,1.0,left,1.0,0.0,1,0.4331626269995468,True,0.0,nan,0,-0.75,-0.25,0.75,hm,11
1,25,1.0,25.0,late,5.0,True,False,1,False,2,1,0.65,0.35,False,False,1.0,left,0.0,1.0,2,0.40808222699706675,False,nan,1.0,1,0.25,0.0,0.25,hm,11
1,26,1.0,26.0,late,6.0,True,False,1,False,2,1,0.65,0.35,False,False,4.0,right,1.0,0.0,1,0.3299525900001754,True,1.0,nan,1,0.25,0.25,0.25,hm,11
1,27,1.0,27.0,late,6.0,True,False,1,False,2,1,0.65,0.35,False,False,1.0,left,0.0,1.0,2,0.41151910000189673,False,nan,0.0,0,-0.5,-0.25,0.5,hm,11
1,28,1.0,28.0,late,6.0,True,False,1,True,1,2,0.65,0.35,False,False,1.0,left,1.0,0.0,1,0.4750385350052966,True,0.0,nan,0,-0.75,-1.0,0.75,hm,11
1,29,1.0,29.0,late,6.0,True,False,1,False,2,1,0.65,0.35,False,False,1.0,left,0.0,1.0,2,0.5278267309986404,False,nan,1.0,1,0.25,-0.75,0.25,hm,11
1,30,1.0,30.0,late,6.0,True,False,1,True,1,2,0.65,0.35,False,False,4.0,right,0.0,1.0,2,1.1290258719964186,False,nan,0.0,0,-0.75,-1.5,0.75,hm,11
1,31,1.0,31.0,late,7.0,True,False,1,True,1,2,0.65,0.35,False,False,4.0,right,0.0,1.0,2,0.444243883001036,False,nan,0.0,0,-0.25,-1.75,0.25,hm,11
1,32,1.0,32.0,late,7.0,True,False,1,False,2,1,0.65,0.35,False,False,4.0,right,1.0,0.0,1,0.47237527999823214,True,1.0,nan,1,0.25,-1.5,0.25,hm,11
1,33,1.0,33.0,late,7.0,True,False,1,False,2,1,0.65,0.35,False,False,1.0,left,0.0,1.0,2,0.42321938900568057,False,nan,1.0,1,0.5,-1.0,0.5,hm,11
1,34,1.0,34.0,late,7.0,True,False,1,False,2,1,0.65,0.35,False,False,4.0,right,1.0,0.0,1,0.36696573899826035,True,1.0,nan,1,0.75,-0.25,0.75,hm,11
1,35,1.0,35.0,late,7.0,True,False,1,True,1,2,0.65,0.35,False,False,1.0,left,1.0,0.0,1,0.3735288839961868,True,1.0,nan,1,0.75,0.5,0.75,hm,11
1,36,1.0,36.0,late,8.0,True,False,1,False,2,1,0.65,0.35,False,False,1.0,left,0.0,1.0,2,0.5620510509979795,False,nan,1.0,1,0.75,1.25,0.75,hm,11
1,37,1.0,37.0,late,8.0,True,False,1,True,1,2,0.65,0.35,False,False,4.0,right,0.0,1.0,2,0.38762199800112285,False,nan,0.0,0,-0.75,0.5,0.75,hm,11
1,38,1.0,38.0,late,8.0,True,False,1,True,1,2,0.65,0.35,False,False,4.0,right,0.0,1.0,2,1.0154337499989197,False,nan,0.0,0,-0.75,-0.25,0.75,hm,11
1,39,1.0,39.0,late,8.0,True,False,1,False,2,1,0.65,0.35,False,False,1.0,left,0.0,1.0,2,0.4390204929950414,False,nan,1.0,1,0.75,0.5,0.75,hm,11
1,40,1.0,40.0,late,8.0,True,False,1,False,2,1,0.65,0.35,False,False,4.0,right,1.0,0.0,1,0.5810550449969014,True,0.0,nan,0,-0.25,0.25,0.25,hm,11
1,41,1.0,41.0,late,9.0,True,False,1,False,2,1,0.65,0.35,False,False,4.0,right,1.0,0.0,1,0.43960409900319064,True,0.0,nan,0,-0.25,0.0,0.25,hm,11
1,42,1.0,42.0,late,9.0,True,False,1,False,2,1,0.65,0.35,False,False,1.0,left,0.0,1.0,2,0.5205683699969086,False,nan,0.0,0,-0.75,-0.75,0.75,hm,11
1,43,1.0,43.0,late,9.0,True,False,1,True,1,2,0.65,0.35,False,False,1.0,left,1.0,0.0,1,0.39523502200609073,True,0.0,nan,0,-0.75,-1.5,0.75,hm,11
1,44,1.0,44.0,late,9.0,True,False,1,True,1,2,0.65,0.35,False,False,1.0,left,1.0,0.0,1,0.3561502209995524,True,1.0,nan,1,0.25,-1.25,0.25,hm,11
1,45,1.0,45.0,late,9.0,True,False,1,False,2,1,0.65,0.35,False,False,4.0,right,1.0,0.0,1,0.3108161799973459,True,0.0,nan,0,-0.75,-2.0,0.75,hm,11
1,46,1.0,46.0,late,10.0,True,False,1,False,2,1,0.65,0.35,True,True,4.0,right,1.0,0.0,1,0.35788197499641683,True,0.0,nan,0,-0.5,-2.5,0.5,hm,11
1,47,2.0,1.0,early,1.0,False,True,2,False,2,1,0.35,0.65,False,False,1.0,left,0.0,1.0,2,0.42480410799907986,True,nan,0.0,0,-0.25,-2.75,0.25,hm,11
1,48,2.0,2.0,early,1.0,False,True,2,True,1,2,0.35,0.65,False,False,1.0,left,1.0,0.0,1,0.3256594310005312,False,0.0,nan,0,-0.5,-3.25,0.5,hm,11
1,49,2.0,3.0,early,1.0,False,True,2,True,1,2,0.35,0.65,False,False,4.0,right,0.0,1.0,2,0.398741101998894,True,nan,1.0,1,0.5,-2.75,0.5,hm,11
1,50,2.0,4.0,early,1.0,False,True,2,False,2,1,0.35,0.65,False,False,4.0,right,1.0,0.0,1,0.3295435740001267,False,0.0,nan,0,-0.75,-3.5,0.75,hm,11
1,51,2.0,5.0,early,1.0,False,True,2,True,1,2,0.35,0.65,False,False,4.0,right,0.0,1.0,2,0.401893137001025,True,nan,1.0,1,0.5,-3.0,0.5,hm,11
1,52,2.0,6.0,early,2.0,False,True,2,True,1,2,0.35,0.65,False,False,1.0,left,1.0,0.0,1,0.7323260589982965,False,0.0,nan,0,-0.25,-3.25,0.25,hm,11
1,53,2.0,7.0,early,2.0,False,True,2,True,1,2,0.35,0.65,False,False,4.0,right,0.0,1.0,2,0.4141584579992923,True,nan,1.0,1,0.25,-3.0,0.25,hm,11
1,54,2.0,8.0,early,2.0,False,True,2,False,2,1,0.35,0.65,False,False,4.0,right,1.0,0.0,1,0.3348794199991971,False,1.0,nan,1,0.5,-2.5,0.5,hm,11
1,55,2.0,9.0,early,2.0,False,True,2,True,1,2,0.35,0.65,False,False,1.0,left,1.0,0.0,1,0.33934534899890423,False,0.0,nan,0,-0.5,-3.0,0.5,hm,11
1,56,2.0,10.0,early,2.0,False,True,2,True,1,2,0.35,0.65,False,False,4.0,right,0.0,1.0,2,0.380067535006674,True,nan,0.0,0,-0.25,-3.25,0.25,hm,11
1,57,2.0,11.0,early,3.0,False,True,2,True,1,2,0.35,0.65,False,False,4.0,right,0.0,1.0,2,0.29572938800265547,True,nan,1.0,1,0.25,-3.0,0.25,hm,11
1,58,2.0,12.0,early,3.0,False,True,2,True,1,2,0.35,0.65,False,False,4.0,right,0.0,1.0,2,0.3448305240017362,True,nan,1.0,1,0.5,-2.5,0.5,hm,11
1,59,2.0,13.0,late,3.0,False,True,2,True,1,2,0.35,0.65,False,False,1.0,left,1.0,0.0,1,0.31022349200065946,False,0.0,nan,0,-0.25,-2.75,0.25,hm,11
1,60,2.0,14.0,late,3.0,False,True,2,False,2,1,0.35,0.65,False,False,1.0,left,0.0,1.0,2,0.3207980020015384,True,nan,0.0,0,-0.25,-3.0,0.25,hm,11
1,61,2.0,15.0,late,3.0,False,True,2,True,1,2,0.35,0.65,False,False,1.0,left,1.0,0.0,1,0.34952176400111057,False,0.0,nan,0,-0.75,-3.75,0.75,hm,11
1,62,2.0,16.0,late,4.0,False,True,2,True,1,2,0.35,0.65,False,False,1.0,left,1.0,0.0,1,0.34449557699554134,False,0.0,nan,0,-0.75,-4.5,0.75,hm,11
1,63,2.0,17.0,late,4.0,False,True,2,True,1,2,0.35,0.65,False,False,1.0,left,1.0,0.0,1,0.41674507199786603,False,1.0,nan,1,0.25,-4.25,0.25,hm,11
1,64,2.0,18.0,late,4.0,False,True,2,False,2,1,0.35,0.65,False,False,1.0,left,0.0,1.0,2,0.32994848000089405,True,nan,1.0,1,0.5,-3.75,0.5,hm,11
1,65,2.0,19.0,late,4.0,False,True,2,False,2,1,0.35,0.65,False,False,4.0,right,1.0,0.0,1,0.38369384800171247,False,0.0,nan,0,-0.75,-4.5,0.75,hm,11
1,66,2.0,20.0,late,4.0,False,True,2,False,2,1,0.35,0.65,False,False,1.0,left,0.0,1.0,2,0.44106869799725246,True,nan,1.0,1,0.5,-4.0,0.5,hm,11
1,67,2.0,21.0,late,5.0,False,True,2,False,2,1,0.35,0.65,False,False,1.0,left,0.0,1.0,2,0.41706148899538675,True,nan,1.0,1,0.5,-3.5,0.5,hm,11
1,68,2.0,22.0,late,5.0,False,True,2,False,2,1,0.35,0.65,False,False,1.0,left,0.0,1.0,2,0.5303185090015177,True,nan,1.0,1,0.25,-3.25,0.25,hm,11
1,69,2.0,23.0,late,5.0,False,True,2,False,2,1,0.35,0.65,True,False,1.0,left,0.0,1.0,2,0.4151008049957454,True,nan,1.0,1,0.5,-2.75,0.5,hm,11
1,70,2.0,24.0,late,5.0,False,True,2,False,2,1,0.35,0.65,True,False,1.0,left,0.0,1.0,2,0.38649128699762514,True,nan,1.0,1,0.5,-2.25,0.5,hm,11
