sessNo,trialNo,block,blockTrialNo,trialClass,blockBin,stim1_High,stim2_High,stimHigh,stim1_left,leftStim,rightStim,stim1_pWin,stim2_pWin,reverseStatus,reverseTrial,responseKey,response_LR,selected_stim1,selected_stim2,response_stimID,RT,highChosen,stim1_isWin,stim2_isWin,isWin,payOut,accum_payOut,abs_outMag,instructCond,subID
1,1,1.0,1.0,early,1.0,True,False,1,False,2,1,0.65,0.35,False,False,nan,nan,nan,nan,nan,nan,False,nan,nan,nan,nan,nan,nan,rl,16
1,2,1.0,2.0,early,1.0,True,False,1,False,2,1,0.65,0.35,False,False,nan,nan,nan,nan,nan,nan,False,nan,nan,nan,nan,nan,nan,rl,16
1,3,1.0,3.0,early,1.0,True,False,1,False,2,1,0.65,0.35,False,False,nan,nan,nan,nan,nan,nan,False,nan,nan,nan,nan,nan,nan,rl,16
1,4,1.0,4.0,early,1.0,True,False,1,True,1,2,0.65,0.35,False,False,4.0,right,0.0,1.0,2.0,0.9612995150091592,False,nan,0.0,0.0,-0.75,-0.75,0.75,rl,16
1,5,1.0,5.0,early,1.0,True,False,1,True,1,2,0.65,0.35,False,False,4.0,right,0.0,1.0,2.0,0.6128520670172293,False,nan,0.0,0.0,-0.25,-1.0,0.25,rl,16
1,6,1.0,6.0,early,2.0,True,False,1,False,2,1,0.65,0.35,False,False,1.0,left,0.0,1.0,2.0,1.5307617799844593,False,nan,0.0,0.0,-0.25,-1.25,0.25,rl,16
1,7,1.0,7.0,early,2.0,True,False,1,True,1,2,0.65,0.35,False,False,1.0,left,1.0,0.0,1.0,0.7985265240131412,True,0.0,nan,0.0,-0.5,-1.75,0.5,rl,16
1,8,1.0,8.0,early,2.0,True,False,1,False,2,1,0.65,0.35,False,False,1.0,left,0.0,1.0,2.0,1.0084933530015405,False,nan,0.0,0.0,-0.75,-2.5,0.75,rl,16
1,9,1.0,9.0,early,2.0,True,False,1,True,1,2,0.65,0.35,False,False,4.0,right,0.0,1.0,2.0,0.8734526869957335,False,nan,0.0,0.0,-0.5,-3.0,0.5,rl,16
1,10,1.0,10.0,early,2.0,True,False,1,True,1,2,0.65,0.35,False,False,1.0,left,1.0,0.0,1.0,0.48864139898796566,True,1.0,nan,1.0,0.25,-2.75,0.25,rl,16
1,11,1.0,11.0,early,3.0,True,False,1,False,2,1,0.65,0.35,False,False,4.0,right,1.0,0.0,1.0,0.7495122300169896,True,1.0,nan,1.0,0.75,-2.0,0.75,rl,16
1,12,1.0,12.0,early,3.0,True,False,1,True,1,2,0.65,0.35,False,False,1.0,left,1.0,0.0,1.0,1.1442629770026542,True,1.0,nan,1.0,0.25,-1.75,0.25,rl,16
1,13,1.0,13.0,early,3.0,True,False,1,False,2,1,0.65,0.35,False,False,1.0,left,0.0,1.0,2.0,1.0016374789993279,False,nan,1.0,1.0,0.25,-1.5,0.25,rl,16
1,14,1.0,14.0,early,3.0,True,False,1,True,1,2,0.65,0.35,False,False,4.0,right,0.0,1.0,2.0,0.9164347779878881,False,nan,1.0,1.0,0.5,-1.0,0.5,rl,16
1,15,1.0,15.0,early,3.0,True,False,1,True,1,2,0.65,0.35,False,False,4.0,right,0.0,1.0,2.0,0.7841745070181787,False,nan,0.0,0.0,-0.75,-1.75,0.75,rl,16
1,16,1.0,16.0,early,4.0,True,False,1,True,1,2,0.65,0.35,False,False,1.0,left,1.0,0.0,1.0,0.473944039986236,True,1.0,nan,1.0,0.5,-1.25,0.5,rl,16
1,17,1.0,17.0,early,4.0,True,False,1,True,1,2,0.65,0.35,False,False,1.0,left,1.0,0.0,1.0,0.47866743200575,True,0.0,nan,0.0,-0.25,-1.5,0.25,rl,16
1,18,1.0,18.0,early,4.0,True,False,1,True,1,2,0.65,0.35,False,False,4.0,right,0.0,1.0,2.0,0.6590413890080526,False,nan,0.0,0.0,-0.75,-2.25,0.75,rl,16
1,19,1.0,19.0,early,4.0,True,False,1,False,2,1,0.65,0.35,False,False,4.0,right,1.0,0.0,1.0,0.7073553990048822,True,1.0,nan,1.0,0.25,-2.0,0.25,rl,16
1,20,1.0,20.0,early,4.0,True,False,1,False,2,1,0.65,0.35,False,False,1.0,left,0.0,1.0,2.0,0.7494798980187625,False,nan,1.0,1.0,0.75,-1.25,0.75,rl,16
1,21,1.0,21.0,early,5.0,True,False,1,False,2,1,0.65,0.35,False,False,1.0,left,0.0,1.0,2.0,0.8503134649945423,False,nan,0.0,0.0,-0.75,-2.0,0.75,rl,16
1,22,1.0,22.0,early,5.0,True,False,1,True,1,2,0.65,0.35,False,False,4.0,right,0.0,1.0,2.0,0.6452959369926248,False,nan,0.0,0.0,-0.25,-2.25,0.25,rl,16
1,23,1.0,23.0,early,5.0,True,False,1,True,1,2,0.65,0.35,False,False,4.0,right,0.0,1.0,2.0,0.6065140529826749,False,nan,0.0,0.0,-0.25,-2.5,0.25,rl,16
1,24,1.0,24.0,early,5.0,True,False,1,True,1,2,0.65,0.35,False,False,4.0,right,0.0,1.0,2.0,1.3254798439738806,False,nan,1.0,1.0,0.25,-2.25,0.25,rl,16
1,25,1.0,25.0,early,5.0,True,False,1,True,1,2,0.65,0.35,False,False,4.0,right,0.0,1.0,2.0,0.4461907520017121,False,nan,1.0,1.0,0.75,-1.5,0.75,rl,16
1,26,1.0,26.0,late,6.0,True,False,1,False,2,1,0.65,0.35,False,False,4.0,right,1.0,0.0,1.0,0.7196283030207269,True,0.0,nan,0.0,-0.75,-2.25,0.75,rl,16
1,27,1.0,27.0,late,6.0,True,False,1,True,1,2,0.65,0.35,False,False,4.0,right,0.0,1.0,2.0,0.45990278499084525,False,nan,0.0,0.0,-0.75,-3.0,0.75,rl,16
1,28,1.0,28.0,late,6.0,True,False,1,True,1,2,0.65,0.35,False,False,1.0,left,1.0,0.0,1.0,0.5191173070052173,True,1.0,nan,1.0,0.5,-2.5,0.5,rl,16
1,29,1.0,29.0,late,6.0,True,False,1,True,1,2,0.65,0.35,False,False,1.0,left,1.0,0.0,1.0,1.010693635995267,True,0.0,nan,0.0,-0.5,-3.0,0.5,rl,16
1,30,1.0,30.0,late,6.0,True,False,1,False,2,1,0.65,0.35,False,False,1.0,left,0.0,1.0,2.0,0.964625402004458,False,nan,1.0,1.0,0.5,-2.5,0.5,rl,16
1,31,1.0,31.0,late,7.0,True,False,1,False,2,1,0.65,0.35,False,False,4.0,right,1.0,0.0,1.0,0.7825265330029652,True,1.0,nan,1.0,0.5,-2.0,0.5,rl,16
1,32,1.0,32.0,late,7.0,True,False,1,False,2,1,0.65,0.35,False,False,1.0,left,0.0,1.0,2.0,1.8573685069859494,False,nan,0.0,0.0,-0.5,-2.5,0.5,rl,16
1,33,1.0,33.0,late,7.0,True,False,1,False,2,1,0.65,0.35,False,False,nan,nan,nan,nan,nan,nan,False,nan,nan,nan,nan,nan,nan,rl,16
1,34,1.0,34.0,late,7.0,True,False,1,True,1,2,0.65,0.35,False,False,4.0,right,0.0,1.0,2.0,1.0703159240074456,False,nan,1.0,1.0,0.75,-1.75,0.75,rl,16
1,35,1.0,35.0,late,7.0,True,False,1,False,2,1,0.65,0.35,False,False,1.0,left,0.0,1.0,2.0,0.4905452109815087,False,nan,0.0,0.0,-0.75,-2.5,0.75,rl,16
1,36,1.0,36.0,late,8.0,True,False,1,True,1,2,0.65,0.35,False,False,1.0,left,1.0,0.0,1.0,1.9607472519855946,True,1.0,nan,1.0,0.5,-2.0,0.5,rl,16
1,37,1.0,37.0,late,8.0,True,False,1,False,2,1,0.65,0.35,False,False,4.0,right,1.0,0.0,1.0,0.6040544639981817,True,0.0,nan,0.0,-0.75,-2.75,0.75,rl,16
1,38,1.0,38.0,late,8.0,True,False,1,True,1,2,0.65,0.35,False,False,4.0,right,0.0,1.0,2.0,0.7615041529934388,False,nan,0.0,0.0,-0.5,-3.25,0.5,rl,16
1,39,1.0,39.0,late,8.0,True,False,1,False,2,1,0.65,0.35,False,False,1.0,left,0.0,1.0,2.0,0.618011758022476,False,nan,0.0,0.0,-0.5,-3.75,0.5,rl,16
1,40,1.0,40.0,late,8.0,True,False,1,False,2,1,0.65,0.35,False,False,4.0,right,1.0,0.0,1.0,1.1388454779807944,True,0.0,nan,0.0,-0.75,-4.5,0.75,rl,16
1,41,1.0,41.0,late,9.0,True,False,1,True,1,2,0.65,0.35,False,False,4.0,right,0.0,1.0,2.0,0.8690723770123441,False,nan,1.0,1.0,0.25,-4.25,0.25,rl,16
1,42,1.0,42.0,late,9.0,True,False,1,True,1,2,0.65,0.35,False,False,1.0,left,1.0,0.0,1.0,0.5888174030114897,True,0.0,nan,0.0,-0.75,-5.0,0.75,rl,16
1,43,1.0,43.0,late,9.0,True,False,1,False,2,1,0.65,0.35,False,False,1.0,left,0.0,1.0,2.0,0.7894543780130334,False,nan,0.0,0.0,-0.75,-5.75,0.75,rl,16
1,44,1.0,44.0,late,9.0,True,False,1,False,2,1,0.65,0.35,False,False,4.0,right,1.0,0.0,1.0,0.6943996089976281,True,0.0,nan,0.0,-0.25,-6.0,0.25,rl,16
1,45,1.0,45.0,late,9.0,True,False,1,True,1,2,0.65,0.35,False,False,1.0,left,1.0,0.0,1.0,0.4406365519971587,True,1.0,nan,1.0,0.25,-5.75,0.25,rl,16
1,46,1.0,46.0,late,10.0,True,False,1,True,1,2,0.65,0.35,False,False,1.0,left,1.0,0.0,1.0,0.5634311029862147,True,1.0,nan,1.0,0.25,-5.5,0.25,rl,16
1,47,1.0,47.0,late,10.0,True,False,1,False,2,1,0.65,0.35,True,False,4.0,right,1.0,0.0,1.0,0.484158738021506,True,1.0,nan,1.0,0.75,-4.75,0.75,rl,16
1,48,1.0,48.0,late,10.0,True,False,1,True,1,2,0.65,0.35,True,False,4.0,right,0.0,1.0,2.0,0.7334221010096371,False,nan,0.0,0.0,-0.75,-5.5,0.75,rl,16
1,49,1.0,49.0,late,10.0,True,False,1,True,1,2,0.65,0.35,True,False,4.0,right,0.0,1.0,2.0,0.7572613460069988,False,nan,0.0,0.0,-0.5,-6.0,0.5,rl,16
1,50,1.0,50.0,late,10.0,True,False,1,True,1,2,0.65,0.35,True,True,1.0,left,1.0,0.0,1.0,1.3054209549736697,True,1.0,nan,1.0,0.5,-5.5,0.5,rl,16
1,51,2.0,1.0,early,1.0,False,True,2,False,2,1,0.35,0.65,False,False,1.0,left,0.0,1.0,2.0,2.294317485007923,True,nan,1.0,1.0,0.75,-4.75,0.75,rl,16
1,52,2.0,2.0,early,1.0,False,True,2,True,1,2,0.35,0.65,False,False,4.0,right,0.0,1.0,2.0,0.591756682988489,True,nan,1.0,1.0,0.75,-4.0,0.75,rl,16
1,53,2.0,3.0,early,1.0,False,True,2,True,1,2,0.35,0.65,False,False,4.0,right,0.0,1.0,2.0,0.5208747620054055,True,nan,1.0,1.0,0.25,-3.75,0.25,rl,16
1,54,2.0,4.0,early,1.0,False,True,2,True,1,2,0.35,0.65,False,False,1.0,left,1.0,0.0,1.0,0.43421454398776405,False,0.0,nan,0.0,-0.25,-4.0,0.25,rl,16
1,55,2.0,5.0,early,1.0,False,True,2,True,1,2,0.35,0.65,False,False,1.0,left,1.0,0.0,1.0,1.159810806013411,False,1.0,nan,1.0,0.75,-3.25,0.75,rl,16
1,56,2.0,6.0,early,2.0,False,True,2,True,1,2,0.35,0.65,False,False,1.0,left,1.0,0.0,1.0,0.8024417230044492,False,0.0,nan,0.0,-0.25,-3.5,0.25,rl,16
1,57,2.0,7.0,early,2.0,False,True,2,False,2,1,0.35,0.65,False,False,1.0,left,0.0,1.0,2.0,0.6950526760192588,True,nan,1.0,1.0,0.5,-3.0,0.5,rl,16
1,58,2.0,8.0,early,2.0,False,True,2,False,2,1,0.35,0.65,False,False,1.0,left,0.0,1.0,2.0,0.492665464989841,True,nan,1.0,1.0,0.75,-2.25,0.75,rl,16
1,59,2.0,9.0,early,2.0,False,True,2,False,2,1,0.35,0.65,False,False,1.0,left,0.0,1.0,2.0,0.5735961380123626,True,nan,0.0,0.0,-0.5,-2.75,0.5,rl,16
1,60,2.0,10.0,early,2.0,False,True,2,False,2,1,0.35,0.65,False,False,4.0,right,1.0,0.0,1.0,0.5891063989838585,False,1.0,nan,1.0,0.25,-2.5,0.25,rl,16
1,61,2.0,11.0,late,3.0,False,True,2,True,1,2,0.35,0.65,False,False,1.0,left,1.0,0.0,1.0,0.6992359650030266,False,0.0,nan,0.0,-0.5,-3.0,0.5,rl,16
1,62,2.0,12.0,late,3.0,False,True,2,False,2,1,0.35,0.65,False,False,1.0,left,0.0,1.0,2.0,0.4735196479887236,True,nan,0.0,0.0,-0.5,-3.5,0.5,rl,16
1,63,2.0,13.0,late,3.0,False,True,2,False,2,1,0.35,0.65,False,False,4.0,right,1.0,0.0,1.0,0.7780215570237488,False,0.0,nan,0.0,-0.5,-4.0,0.5,rl,16
1,64,2.0,14.0,late,3.0,False,True,2,True,1,2,0.35,0.65,False,False,1.0,left,1.0,0.0,1.0,0.7005406749958638,False,0.0,nan,0.0,-0.75,-4.75,0.75,rl,16
1,65,2.0,15.0,late,3.0,False,True,2,False,2,1,0.35,0.65,False,False,1.0,left,0.0,1.0,2.0,0.772852880996652,True,nan,1.0,1.0,0.25,-4.5,0.25,rl,16
1,66,2.0,16.0,late,4.0,False,True,2,True,1,2,0.35,0.65,False,False,4.0,right,0.0,1.0,2.0,0.7784958190168254,True,nan,0.0,0.0,-0.5,-5.0,0.5,rl,16
1,67,2.0,17.0,late,4.0,False,True,2,False,2,1,0.35,0.65,False,False,1.0,left,0.0,1.0,2.0,0.4880495860124938,True,nan,1.0,1.0,0.75,-4.25,0.75,rl,16
1,68,2.0,18.0,late,4.0,False,True,2,True,1,2,0.35,0.65,False,False,1.0,left,1.0,0.0,1.0,0.5796728060231544,False,0.0,nan,0.0,-0.25,-4.5,0.25,rl,16
1,69,2.0,19.0,late,4.0,False,True,2,False,2,1,0.35,0.65,False,False,1.0,left,0.0,1.0,2.0,1.7857436850026716,True,nan,1.0,1.0,0.25,-4.25,0.25,rl,16
1,70,2.0,20.0,late,4.0,False,True,2,True,1,2,0.35,0.65,False,False,1.0,left,1.0,0.0,1.0,1.1450196930090897,False,1.0,nan,1.0,0.5,-3.75,0.5,rl,16
