sessNo,trialNo,block,blockTrialNo,trialClass,blockBin,stim1_High,stim2_High,stimHigh,stim1_left,leftStim,rightStim,stim1_pWin,stim2_pWin,reverseStatus,reverseTrial,responseKey,response_LR,selected_stim1,selected_stim2,response_stimID,RT,highChosen,stim1_isWin,stim2_isWin,isWin,payOut,accum_payOut,abs_outMag,instructCond,subID
1,1,1.0,1.0,early,1.0,False,True,2,False,2,1,0.35,0.65,False,False,1.0,left,0.0,1.0,2.0,0.7785519700000805,True,nan,1.0,1.0,0.5,0.5,0.5,rl,23
1,2,1.0,2.0,early,1.0,False,True,2,False,2,1,0.35,0.65,False,False,1.0,left,0.0,1.0,2.0,0.6913361309998436,True,nan,1.0,1.0,0.75,1.25,0.75,rl,23
1,3,1.0,3.0,early,1.0,False,True,2,True,1,2,0.35,0.65,False,False,4.0,right,0.0,1.0,2.0,0.8678249939994203,True,nan,1.0,1.0,0.25,1.5,0.25,rl,23
1,4,1.0,4.0,early,1.0,False,True,2,True,1,2,0.35,0.65,False,False,1.0,left,1.0,0.0,1.0,0.7516238739999608,False,0.0,nan,0.0,-0.5,1.0,0.5,rl,23
1,5,1.0,5.0,early,1.0,False,True,2,False,2,1,0.35,0.65,False,False,1.0,left,0.0,1.0,2.0,0.6494806620003146,True,nan,1.0,1.0,0.75,1.75,0.75,rl,23
1,6,1.0,6.0,early,2.0,False,True,2,False,2,1,0.35,0.65,False,False,1.0,left,0.0,1.0,2.0,0.6005678060000719,True,nan,0.0,0.0,-0.25,1.5,0.25,rl,23
1,7,1.0,7.0,early,2.0,False,True,2,False,2,1,0.35,0.65,False,False,1.0,left,0.0,1.0,2.0,0.4822194379994471,True,nan,0.0,0.0,-0.5,1.0,0.5,rl,23
1,8,1.0,8.0,early,2.0,False,True,2,False,2,1,0.35,0.65,False,False,4.0,right,1.0,0.0,1.0,0.5664611590000277,False,0.0,nan,0.0,-0.5,0.5,0.5,rl,23
1,9,1.0,9.0,late,2.0,False,True,2,False,2,1,0.35,0.65,False,False,1.0,left,0.0,1.0,2.0,0.5727922189998935,True,nan,1.0,1.0,0.5,1.0,0.5,rl,23
1,10,1.0,10.0,late,2.0,False,True,2,True,1,2,0.35,0.65,False,False,4.0,right,0.0,1.0,2.0,0.689016102000096,True,nan,0.0,0.0,-0.75,0.25,0.75,rl,23
1,11,1.0,11.0,late,3.0,False,True,2,True,1,2,0.35,0.65,False,False,4.0,right,0.0,1.0,2.0,2.20399266000004,True,nan,0.0,0.0,-0.25,0.0,0.25,rl,23
1,12,1.0,12.0,late,3.0,False,True,2,False,2,1,0.35,0.65,True,False,1.0,left,0.0,1.0,2.0,2.2250632599998426,True,nan,1.0,1.0,0.75,0.75,0.75,rl,23
1,13,1.0,13.0,late,3.0,False,True,2,False,2,1,0.35,0.65,True,False,1.0,left,0.0,1.0,2.0,0.8384961000001567,True,nan,1.0,1.0,0.75,1.5,0.75,rl,23
1,14,1.0,14.0,late,3.0,False,True,2,False,2,1,0.35,0.65,True,False,1.0,left,0.0,1.0,2.0,1.7741904479998993,True,nan,1.0,1.0,0.75,2.25,0.75,rl,23
1,15,1.0,15.0,late,3.0,False,True,2,False,2,1,0.35,0.65,True,False,4.0,right,1.0,0.0,1.0,0.8051496460002454,False,0.0,nan,0.0,-0.75,1.5,0.75,rl,23
1,16,1.0,16.0,late,4.0,False,True,2,True,1,2,0.35,0.65,True,False,nan,nan,nan,nan,nan,nan,False,nan,nan,nan,nan,nan,nan,rl,23
1,17,1.0,17.0,late,4.0,False,True,2,False,2,1,0.35,0.65,True,True,1.0,left,0.0,1.0,2.0,0.6308261160002075,True,nan,0.0,0.0,-0.25,1.25,0.25,rl,23
1,18,2.0,1.0,early,1.0,True,False,1,True,1,2,0.65,0.35,False,False,4.0,right,0.0,1.0,2.0,1.547785087000193,False,nan,1.0,1.0,0.25,1.5,0.25,rl,23
1,19,2.0,2.0,early,1.0,True,False,1,False,2,1,0.65,0.35,False,False,1.0,left,0.0,1.0,2.0,0.45978508700045495,False,nan,0.0,0.0,-0.75,0.75,0.75,rl,23
1,20,2.0,3.0,early,1.0,True,False,1,True,1,2,0.65,0.35,False,False,1.0,left,1.0,0.0,1.0,2.155681584999911,True,0.0,nan,0.0,-0.75,0.0,0.75,rl,23
1,21,2.0,4.0,early,1.0,True,False,1,True,1,2,0.65,0.35,False,False,4.0,right,0.0,1.0,2.0,2.3905048390006414,False,nan,1.0,1.0,0.75,0.75,0.75,rl,23
1,22,2.0,5.0,early,1.0,True,False,1,True,1,2,0.65,0.35,False,False,4.0,right,0.0,1.0,2.0,0.7029854489992431,False,nan,0.0,0.0,-0.5,0.25,0.5,rl,23
1,23,2.0,6.0,early,2.0,True,False,1,False,2,1,0.65,0.35,False,False,4.0,right,1.0,0.0,1.0,2.6131356359992424,True,1.0,nan,1.0,0.25,0.5,0.25,rl,23
1,24,2.0,7.0,early,2.0,True,False,1,True,1,2,0.65,0.35,False,False,4.0,right,0.0,1.0,2.0,1.7626371830001517,False,nan,0.0,0.0,-0.25,0.25,0.25,rl,23
1,25,2.0,8.0,early,2.0,True,False,1,False,2,1,0.65,0.35,False,False,1.0,left,0.0,1.0,2.0,0.9122769699997662,False,nan,1.0,1.0,0.25,0.5,0.25,rl,23
1,26,2.0,9.0,early,2.0,True,False,1,True,1,2,0.65,0.35,False,False,4.0,right,0.0,1.0,2.0,0.5862882820001687,False,nan,0.0,0.0,-0.25,0.25,0.25,rl,23
1,27,2.0,10.0,early,2.0,True,False,1,True,1,2,0.65,0.35,False,False,4.0,right,0.0,1.0,2.0,0.5607331420005721,False,nan,0.0,0.0,-0.75,-0.5,0.75,rl,23
1,28,2.0,11.0,early,3.0,True,False,1,True,1,2,0.65,0.35,False,False,4.0,right,0.0,1.0,2.0,1.400101146000452,False,nan,1.0,1.0,0.25,-0.25,0.25,rl,23
1,29,2.0,12.0,early,3.0,True,False,1,False,2,1,0.65,0.35,False,False,1.0,left,0.0,1.0,2.0,0.5874344659996495,False,nan,1.0,1.0,0.25,0.0,0.25,rl,23
1,30,2.0,13.0,early,3.0,True,False,1,False,2,1,0.65,0.35,False,False,1.0,left,0.0,1.0,2.0,1.9500449619999927,False,nan,0.0,0.0,-0.5,-0.5,0.5,rl,23
1,31,2.0,14.0,early,3.0,True,False,1,False,2,1,0.65,0.35,False,False,4.0,right,1.0,0.0,1.0,1.8632418209999742,True,1.0,nan,1.0,0.5,0.0,0.5,rl,23
1,32,2.0,15.0,early,3.0,True,False,1,False,2,1,0.65,0.35,False,False,1.0,left,0.0,1.0,2.0,1.8054705550002836,False,nan,0.0,0.0,-0.75,-0.75,0.75,rl,23
1,33,2.0,16.0,early,4.0,True,False,1,True,1,2,0.65,0.35,False,False,4.0,right,0.0,1.0,2.0,0.7230138659997465,False,nan,0.0,0.0,-0.25,-1.0,0.25,rl,23
1,34,2.0,17.0,early,4.0,True,False,1,True,1,2,0.65,0.35,False,False,4.0,right,0.0,1.0,2.0,0.7678186470002402,False,nan,1.0,1.0,0.25,-0.75,0.25,rl,23
1,35,2.0,18.0,early,4.0,True,False,1,False,2,1,0.65,0.35,False,False,1.0,left,0.0,1.0,2.0,0.5011640669999906,False,nan,1.0,1.0,0.25,-0.5,0.25,rl,23
1,36,2.0,19.0,early,4.0,True,False,1,True,1,2,0.65,0.35,False,False,1.0,left,1.0,0.0,1.0,0.9519129999998768,True,0.0,nan,0.0,-0.25,-0.75,0.25,rl,23
1,37,2.0,20.0,early,4.0,True,False,1,True,1,2,0.65,0.35,False,False,1.0,left,1.0,0.0,1.0,1.5211286849998942,True,1.0,nan,1.0,0.25,-0.5,0.25,rl,23
1,38,2.0,21.0,early,5.0,True,False,1,False,2,1,0.65,0.35,False,False,4.0,right,1.0,0.0,1.0,0.9944735799999762,True,0.0,nan,0.0,-0.75,-1.25,0.75,rl,23
1,39,2.0,22.0,early,5.0,True,False,1,False,2,1,0.65,0.35,False,False,1.0,left,0.0,1.0,2.0,1.270833794000282,False,nan,1.0,1.0,0.5,-0.75,0.5,rl,23
1,40,2.0,23.0,early,5.0,True,False,1,False,2,1,0.65,0.35,False,False,1.0,left,0.0,1.0,2.0,0.5058979980003642,False,nan,1.0,1.0,0.5,-0.25,0.5,rl,23
1,41,2.0,24.0,early,5.0,True,False,1,True,1,2,0.65,0.35,False,False,4.0,right,0.0,1.0,2.0,0.6290658589996383,False,nan,0.0,0.0,-0.5,-0.75,0.5,rl,23
1,42,2.0,25.0,early,5.0,True,False,1,False,2,1,0.65,0.35,False,False,1.0,left,0.0,1.0,2.0,2.682533105999937,False,nan,0.0,0.0,-0.25,-1.0,0.25,rl,23
1,43,2.0,26.0,early,6.0,True,False,1,True,1,2,0.65,0.35,False,False,4.0,right,0.0,1.0,2.0,1.7319378680003865,False,nan,1.0,1.0,0.25,-0.75,0.25,rl,23
1,44,2.0,27.0,late,6.0,True,False,1,False,2,1,0.65,0.35,False,False,1.0,left,0.0,1.0,2.0,1.5171669860001202,False,nan,1.0,1.0,0.25,-0.5,0.25,rl,23
1,45,2.0,28.0,late,6.0,True,False,1,True,1,2,0.65,0.35,False,False,1.0,left,1.0,0.0,1.0,0.5672454189998462,True,1.0,nan,1.0,0.75,0.25,0.75,rl,23
1,46,2.0,29.0,late,6.0,True,False,1,False,2,1,0.65,0.35,False,False,1.0,left,0.0,1.0,2.0,1.7562274550000438,False,nan,1.0,1.0,0.75,1.0,0.75,rl,23
1,47,2.0,30.0,late,6.0,True,False,1,False,2,1,0.65,0.35,False,False,4.0,right,1.0,0.0,1.0,1.9493362079992949,True,0.0,nan,0.0,-0.5,0.5,0.5,rl,23
1,48,2.0,31.0,late,7.0,True,False,1,True,1,2,0.65,0.35,False,False,4.0,right,0.0,1.0,2.0,0.7069942889993399,False,nan,0.0,0.0,-0.25,0.25,0.25,rl,23
1,49,2.0,32.0,late,7.0,True,False,1,False,2,1,0.65,0.35,False,False,1.0,left,0.0,1.0,2.0,0.6010735390000264,False,nan,0.0,0.0,-0.75,-0.5,0.75,rl,23
1,50,2.0,33.0,late,7.0,True,False,1,True,1,2,0.65,0.35,False,False,4.0,right,0.0,1.0,2.0,1.2691640530001678,False,nan,0.0,0.0,-0.5,-1.0,0.5,rl,23
1,51,2.0,34.0,late,7.0,True,False,1,False,2,1,0.65,0.35,False,False,1.0,left,0.0,1.0,2.0,0.3769807729995591,False,nan,0.0,0.0,-0.5,-1.5,0.5,rl,23
1,52,2.0,35.0,late,7.0,True,False,1,False,2,1,0.65,0.35,False,False,4.0,right,1.0,0.0,1.0,1.654125584999747,True,1.0,nan,1.0,0.75,-0.75,0.75,rl,23
1,53,2.0,36.0,late,8.0,True,False,1,False,2,1,0.65,0.35,False,False,1.0,left,0.0,1.0,2.0,0.7573069230002147,False,nan,0.0,0.0,-0.5,-1.25,0.5,rl,23
1,54,2.0,37.0,late,8.0,True,False,1,True,1,2,0.65,0.35,False,False,1.0,left,1.0,0.0,1.0,0.9216175600004135,True,1.0,nan,1.0,0.75,-0.5,0.75,rl,23
1,55,2.0,38.0,late,8.0,True,False,1,False,2,1,0.65,0.35,False,False,1.0,left,0.0,1.0,2.0,0.5635082070002682,False,nan,0.0,0.0,-0.25,-0.75,0.25,rl,23
1,56,2.0,39.0,late,8.0,True,False,1,False,2,1,0.65,0.35,False,False,1.0,left,0.0,1.0,2.0,0.9376499729996794,False,nan,1.0,1.0,0.25,-0.5,0.25,rl,23
1,57,2.0,40.0,late,8.0,True,False,1,True,1,2,0.65,0.35,False,False,4.0,right,0.0,1.0,2.0,0.737688387000162,False,nan,0.0,0.0,-0.25,-0.75,0.25,rl,23
1,58,2.0,41.0,late,9.0,True,False,1,True,1,2,0.65,0.35,False,False,4.0,right,0.0,1.0,2.0,1.4154978130000018,False,nan,0.0,0.0,-0.75,-1.5,0.75,rl,23
1,59,2.0,42.0,late,9.0,True,False,1,True,1,2,0.65,0.35,False,False,1.0,left,1.0,0.0,1.0,0.7802542750005159,True,0.0,nan,0.0,-0.75,-2.25,0.75,rl,23
1,60,2.0,43.0,late,9.0,True,False,1,False,2,1,0.65,0.35,False,False,1.0,left,0.0,1.0,2.0,0.9546312689999468,False,nan,0.0,0.0,-0.25,-2.5,0.25,rl,23
1,61,2.0,44.0,late,9.0,True,False,1,True,1,2,0.65,0.35,False,False,1.0,left,1.0,0.0,1.0,1.269277262000287,True,1.0,nan,1.0,0.25,-2.25,0.25,rl,23
1,62,2.0,45.0,late,9.0,True,False,1,True,1,2,0.65,0.35,False,False,4.0,right,0.0,1.0,2.0,0.9206188050002311,False,nan,0.0,0.0,-0.25,-2.5,0.25,rl,23
1,63,2.0,46.0,late,10.0,True,False,1,False,2,1,0.65,0.35,False,False,1.0,left,0.0,1.0,2.0,0.6678260260005118,False,nan,0.0,0.0,-0.75,-3.25,0.75,rl,23
1,64,2.0,47.0,late,10.0,True,False,1,True,1,2,0.65,0.35,False,False,1.0,left,1.0,0.0,1.0,0.9770988149994082,True,0.0,nan,0.0,-0.25,-3.5,0.25,rl,23
1,65,2.0,48.0,late,10.0,True,False,1,True,1,2,0.65,0.35,False,False,4.0,right,0.0,1.0,2.0,0.6089321819999896,False,nan,0.0,0.0,-0.25,-3.75,0.25,rl,23
1,66,2.0,49.0,late,10.0,True,False,1,False,2,1,0.65,0.35,False,False,4.0,right,1.0,0.0,1.0,0.4391099779995784,True,1.0,nan,1.0,0.75,-3.0,0.75,rl,23
1,67,2.0,50.0,late,10.0,True,False,1,True,1,2,0.65,0.35,False,False,4.0,right,0.0,1.0,2.0,0.4422655289999966,False,nan,0.0,0.0,-0.75,-3.75,0.75,rl,23
1,68,2.0,51.0,late,11.0,True,False,1,True,1,2,0.65,0.35,False,False,4.0,right,0.0,1.0,2.0,0.34671488699950714,False,nan,0.0,0.0,-0.75,-4.5,0.75,rl,23
1,69,2.0,52.0,late,11.0,True,False,1,False,2,1,0.65,0.35,False,False,4.0,right,1.0,0.0,1.0,0.33800413199969626,True,1.0,nan,1.0,0.5,-4.0,0.5,rl,23
1,70,2.0,53.0,late,11.0,True,False,1,True,1,2,0.65,0.35,False,False,4.0,right,0.0,1.0,2.0,0.3374241430001348,False,nan,0.0,0.0,-0.75,-4.75,0.75,rl,23
