sessNo,trialNo,block,blockTrialNo,trialClass,blockBin,stim1_High,stim2_High,stimHigh,stim1_left,leftStim,rightStim,stim1_pWin,stim2_pWin,reverseStatus,reverseTrial,responseKey,response_LR,selected_stim1,selected_stim2,response_stimID,RT,highChosen,stim1_isWin,stim2_isWin,isWin,payOut,accum_payOut,abs_outMag,instructCond,subID
1,1,1.0,1.0,early,1.0,False,True,2,True,1,2,0.35,0.65,False,False,1.0,left,1.0,0.0,1.0,2.102119394003239,False,0.0,nan,0.0,-0.5,-0.5,0.5,hm,21
1,2,1.0,2.0,early,1.0,False,True,2,True,1,2,0.35,0.65,False,False,1.0,left,1.0,0.0,1.0,1.244839694001712,False,0.0,nan,0.0,-0.5,-1.0,0.5,hm,21
1,3,1.0,3.0,early,1.0,False,True,2,True,1,2,0.35,0.65,False,False,4.0,right,0.0,1.0,2.0,1.0386254319964792,True,nan,1.0,1.0,0.75,-0.25,0.75,hm,21
1,4,1.0,4.0,late,1.0,False,True,2,True,1,2,0.35,0.65,False,False,4.0,right,0.0,1.0,2.0,0.6135944240013487,True,nan,1.0,1.0,0.75,0.5,0.75,hm,21
1,5,1.0,5.0,late,1.0,False,True,2,True,1,2,0.35,0.65,False,False,4.0,right,0.0,1.0,2.0,0.6031110140029341,True,nan,0.0,0.0,-0.5,0.0,0.5,hm,21
1,6,1.0,6.0,late,2.0,False,True,2,True,1,2,0.35,0.65,True,True,4.0,right,0.0,1.0,2.0,1.3537313990018447,True,nan,1.0,1.0,0.75,0.75,0.75,hm,21
1,7,2.0,1.0,early,1.0,True,False,1,True,1,2,0.65,0.35,False,False,1.0,left,1.0,0.0,1.0,0.48115022399724694,True,1.0,nan,1.0,0.5,1.25,0.5,hm,21
1,8,2.0,2.0,early,1.0,True,False,1,True,1,2,0.65,0.35,False,False,1.0,left,1.0,0.0,1.0,0.457849685997644,True,0.0,nan,0.0,-0.75,0.5,0.75,hm,21
1,9,2.0,3.0,early,1.0,True,False,1,False,2,1,0.65,0.35,False,False,1.0,left,0.0,1.0,2.0,0.3304275780028547,False,nan,0.0,0.0,-0.5,0.0,0.5,hm,21
1,10,2.0,4.0,early,1.0,True,False,1,False,2,1,0.65,0.35,False,False,4.0,right,1.0,0.0,1.0,0.369490176999534,True,1.0,nan,1.0,0.75,0.75,0.75,hm,21
1,11,2.0,5.0,early,1.0,True,False,1,True,1,2,0.65,0.35,False,False,4.0,right,0.0,1.0,2.0,0.43150757200055523,False,nan,0.0,0.0,-0.75,0.0,0.75,hm,21
1,12,2.0,6.0,late,2.0,True,False,1,False,2,1,0.65,0.35,False,False,4.0,right,1.0,0.0,1.0,0.32045492799807107,True,1.0,nan,1.0,0.5,0.5,0.5,hm,21
1,13,2.0,7.0,late,2.0,True,False,1,True,1,2,0.65,0.35,False,False,1.0,left,1.0,0.0,1.0,0.5025138760029222,True,1.0,nan,1.0,0.75,1.25,0.75,hm,21
1,14,2.0,8.0,late,2.0,True,False,1,False,2,1,0.65,0.35,False,False,4.0,right,1.0,0.0,1.0,0.3863708350036177,True,1.0,nan,1.0,0.25,1.5,0.25,hm,21
1,15,2.0,9.0,late,2.0,True,False,1,True,1,2,0.65,0.35,True,False,1.0,left,1.0,0.0,1.0,0.3236708760014153,True,1.0,nan,1.0,0.25,1.75,0.25,hm,21
1,16,2.0,10.0,late,2.0,True,False,1,True,1,2,0.65,0.35,True,False,4.0,right,0.0,1.0,2.0,0.3837990419997368,False,nan,0.0,0.0,-0.5,1.25,0.5,hm,21
1,17,2.0,11.0,late,3.0,True,False,1,False,2,1,0.65,0.35,True,True,4.0,right,1.0,0.0,1.0,0.48551991199929034,True,1.0,nan,1.0,0.75,2.0,0.75,hm,21
1,18,3.0,1.0,early,1.0,False,True,2,True,1,2,0.35,0.65,False,False,1.0,left,1.0,0.0,1.0,0.32763521400192985,False,0.0,nan,0.0,-0.5,1.5,0.5,hm,21
1,19,3.0,2.0,early,1.0,False,True,2,True,1,2,0.35,0.65,False,False,1.0,left,1.0,0.0,1.0,0.5058853090013145,False,0.0,nan,0.0,-0.25,1.25,0.25,hm,21
1,20,3.0,3.0,early,1.0,False,True,2,False,2,1,0.35,0.65,False,False,1.0,left,0.0,1.0,2.0,0.3883802719938103,True,nan,1.0,1.0,0.25,1.5,0.25,hm,21
1,21,3.0,4.0,early,1.0,False,True,2,True,1,2,0.35,0.65,False,False,1.0,left,1.0,0.0,1.0,0.6438951529999031,False,0.0,nan,0.0,-0.25,1.25,0.25,hm,21
1,22,3.0,5.0,early,1.0,False,True,2,True,1,2,0.35,0.65,False,False,4.0,right,0.0,1.0,2.0,0.3768795629948727,True,nan,1.0,1.0,0.5,1.75,0.5,hm,21
1,23,3.0,6.0,early,2.0,False,True,2,False,2,1,0.35,0.65,False,False,1.0,left,0.0,1.0,2.0,0.8313865029995213,True,nan,1.0,1.0,0.25,2.0,0.25,hm,21
1,24,3.0,7.0,early,2.0,False,True,2,False,2,1,0.35,0.65,False,False,1.0,left,0.0,1.0,2.0,0.4688837110006716,True,nan,1.0,1.0,0.5,2.5,0.5,hm,21
1,25,3.0,8.0,early,2.0,False,True,2,True,1,2,0.35,0.65,True,False,4.0,right,0.0,1.0,2.0,0.479100324002502,True,nan,1.0,1.0,0.75,3.25,0.75,hm,21
1,26,3.0,9.0,early,2.0,False,True,2,False,2,1,0.35,0.65,True,False,4.0,right,1.0,0.0,1.0,0.8162195600016275,False,0.0,nan,0.0,-0.75,2.5,0.75,hm,21
1,27,3.0,10.0,early,2.0,False,True,2,True,1,2,0.35,0.65,True,False,1.0,left,1.0,0.0,1.0,0.3819177509940346,False,0.0,nan,0.0,-0.5,2.0,0.5,hm,21
1,28,3.0,11.0,late,3.0,False,True,2,False,2,1,0.35,0.65,True,False,1.0,left,0.0,1.0,2.0,0.5013817779981764,True,nan,1.0,1.0,0.75,2.75,0.75,hm,21
1,29,3.0,12.0,late,3.0,False,True,2,False,2,1,0.35,0.65,True,False,4.0,right,1.0,0.0,1.0,0.3982849680032814,False,0.0,nan,0.0,-0.5,2.25,0.5,hm,21
1,30,3.0,13.0,late,3.0,False,True,2,False,2,1,0.35,0.65,True,False,4.0,right,1.0,0.0,1.0,0.33931496200239053,False,0.0,nan,0.0,-0.75,1.5,0.75,hm,21
1,31,3.0,14.0,late,3.0,False,True,2,True,1,2,0.35,0.65,True,False,4.0,right,0.0,1.0,2.0,0.6005378269983339,True,nan,1.0,1.0,0.5,2.0,0.5,hm,21
1,32,3.0,15.0,late,3.0,False,True,2,True,1,2,0.35,0.65,True,False,4.0,right,0.0,1.0,2.0,0.3821735799938324,True,nan,0.0,0.0,-0.75,1.25,0.75,hm,21
1,33,3.0,16.0,late,4.0,False,True,2,True,1,2,0.35,0.65,True,False,4.0,right,0.0,1.0,2.0,0.38247715900070034,True,nan,0.0,0.0,-0.25,1.0,0.25,hm,21
1,34,3.0,17.0,late,4.0,False,True,2,False,2,1,0.35,0.65,True,False,4.0,right,1.0,0.0,1.0,1.0891256370014162,False,0.0,nan,0.0,-0.5,0.5,0.5,hm,21
1,35,3.0,18.0,late,4.0,False,True,2,True,1,2,0.35,0.65,True,False,4.0,right,0.0,1.0,2.0,0.3166096419954556,True,nan,1.0,1.0,0.75,1.25,0.75,hm,21
1,36,3.0,19.0,late,4.0,False,True,2,False,2,1,0.35,0.65,True,False,4.0,right,1.0,0.0,1.0,0.32369888700486626,False,1.0,nan,1.0,0.75,2.0,0.75,hm,21
1,37,3.0,20.0,late,4.0,False,True,2,False,2,1,0.35,0.65,True,False,1.0,left,0.0,1.0,2.0,0.4098762150024413,True,nan,1.0,1.0,0.5,2.5,0.5,hm,21
1,38,3.0,21.0,late,5.0,False,True,2,True,1,2,0.35,0.65,True,True,1.0,left,1.0,0.0,1.0,0.3801773210070678,False,0.0,nan,0.0,-0.25,2.25,0.25,hm,21
1,39,4.0,1.0,early,1.0,True,False,1,True,1,2,0.65,0.35,False,False,1.0,left,1.0,0.0,1.0,0.5899972879997222,True,1.0,nan,1.0,0.75,3.0,0.75,hm,21
1,40,4.0,2.0,early,1.0,True,False,1,True,1,2,0.65,0.35,False,False,4.0,right,0.0,1.0,2.0,0.35868599000241375,False,nan,0.0,0.0,-0.25,2.75,0.25,hm,21
1,41,4.0,3.0,early,1.0,True,False,1,True,1,2,0.65,0.35,False,False,4.0,right,0.0,1.0,2.0,0.4788472299987916,False,nan,1.0,1.0,0.75,3.5,0.75,hm,21
1,42,4.0,4.0,early,1.0,True,False,1,True,1,2,0.65,0.35,False,False,1.0,left,1.0,0.0,1.0,0.45761720099835657,True,0.0,nan,0.0,-0.75,2.75,0.75,hm,21
1,43,4.0,5.0,early,1.0,True,False,1,True,1,2,0.65,0.35,False,False,1.0,left,1.0,0.0,1.0,0.456826899004227,True,0.0,nan,0.0,-0.25,2.5,0.25,hm,21
1,44,4.0,6.0,early,2.0,True,False,1,False,2,1,0.65,0.35,False,False,1.0,left,0.0,1.0,2.0,0.3271502809948288,False,nan,0.0,0.0,-0.75,1.75,0.75,hm,21
1,45,4.0,7.0,early,2.0,True,False,1,True,1,2,0.65,0.35,False,False,1.0,left,1.0,0.0,1.0,0.4252438780022203,True,1.0,nan,1.0,0.75,2.5,0.75,hm,21
1,46,4.0,8.0,early,2.0,True,False,1,True,1,2,0.65,0.35,False,False,1.0,left,1.0,0.0,1.0,0.3628620329982368,True,1.0,nan,1.0,0.5,3.0,0.5,hm,21
1,47,4.0,9.0,early,2.0,True,False,1,True,1,2,0.65,0.35,False,False,4.0,right,0.0,1.0,2.0,0.32843613399745664,False,nan,0.0,0.0,-0.25,2.75,0.25,hm,21
1,48,4.0,10.0,early,2.0,True,False,1,False,2,1,0.65,0.35,False,False,4.0,right,1.0,0.0,1.0,1.415658853999048,True,1.0,nan,1.0,0.25,3.0,0.25,hm,21
1,49,4.0,11.0,late,3.0,True,False,1,False,2,1,0.65,0.35,False,False,1.0,left,0.0,1.0,2.0,0.42653610500565264,False,nan,1.0,1.0,0.75,3.75,0.75,hm,21
1,50,4.0,12.0,late,3.0,True,False,1,True,1,2,0.65,0.35,False,False,1.0,left,1.0,0.0,1.0,0.32719062300020596,True,0.0,nan,0.0,-0.75,3.0,0.75,hm,21
1,51,4.0,13.0,late,3.0,True,False,1,False,2,1,0.65,0.35,False,False,nan,nan,nan,nan,nan,nan,False,nan,nan,nan,nan,nan,nan,hm,21
1,52,4.0,14.0,late,3.0,True,False,1,True,1,2,0.65,0.35,False,False,4.0,right,0.0,1.0,2.0,0.33600748499884503,False,nan,0.0,0.0,-0.25,2.75,0.25,hm,21
1,53,4.0,15.0,late,3.0,True,False,1,False,2,1,0.65,0.35,False,False,4.0,right,1.0,0.0,1.0,0.3987337660000776,True,1.0,nan,1.0,0.25,3.0,0.25,hm,21
1,54,4.0,16.0,late,4.0,True,False,1,True,1,2,0.65,0.35,False,False,4.0,right,0.0,1.0,2.0,0.33684370999981184,False,nan,0.0,0.0,-0.25,2.75,0.25,hm,21
1,55,4.0,17.0,late,4.0,True,False,1,True,1,2,0.65,0.35,False,False,4.0,right,0.0,1.0,2.0,0.30854418300441466,False,nan,0.0,0.0,-0.75,2.0,0.75,hm,21
1,56,4.0,18.0,late,4.0,True,False,1,False,2,1,0.65,0.35,False,False,4.0,right,1.0,0.0,1.0,0.39467045200581197,True,1.0,nan,1.0,0.75,2.75,0.75,hm,21
1,57,4.0,19.0,late,4.0,True,False,1,False,2,1,0.65,0.35,False,False,4.0,right,1.0,0.0,1.0,0.43639569399965694,True,1.0,nan,1.0,0.75,3.5,0.75,hm,21
1,58,4.0,20.0,late,4.0,True,False,1,True,1,2,0.65,0.35,False,False,1.0,left,1.0,0.0,1.0,0.35744186399824684,True,1.0,nan,1.0,0.75,4.25,0.75,hm,21
1,59,4.0,21.0,late,5.0,True,False,1,True,1,2,0.65,0.35,True,True,1.0,left,1.0,0.0,1.0,0.4181577830022434,True,1.0,nan,1.0,0.75,5.0,0.75,hm,21
1,60,5.0,1.0,early,1.0,False,True,2,False,2,1,0.35,0.65,False,False,4.0,right,1.0,0.0,1.0,0.395190436996927,False,0.0,nan,0.0,-0.75,4.25,0.75,hm,21
1,61,5.0,2.0,early,1.0,False,True,2,False,2,1,0.35,0.65,False,False,1.0,left,0.0,1.0,2.0,0.6268220470010419,True,nan,1.0,1.0,0.5,4.75,0.5,hm,21
1,62,5.0,3.0,early,1.0,False,True,2,False,2,1,0.35,0.65,False,False,4.0,right,1.0,0.0,1.0,0.2950176640006248,False,1.0,nan,1.0,0.25,5.0,0.25,hm,21
1,63,5.0,4.0,early,1.0,False,True,2,True,1,2,0.35,0.65,False,False,4.0,right,0.0,1.0,2.0,0.4181466819936759,True,nan,1.0,1.0,0.75,5.75,0.75,hm,21
1,64,5.0,5.0,early,1.0,False,True,2,False,2,1,0.35,0.65,False,False,4.0,right,1.0,0.0,1.0,0.4141525989980437,False,1.0,nan,1.0,0.5,6.25,0.5,hm,21
1,65,5.0,6.0,late,2.0,False,True,2,True,1,2,0.35,0.65,False,False,1.0,left,1.0,0.0,1.0,0.38618303700059187,False,0.0,nan,0.0,-0.5,5.75,0.5,hm,21
1,66,5.0,7.0,late,2.0,False,True,2,True,1,2,0.35,0.65,False,False,1.0,left,1.0,0.0,1.0,0.4790197859983891,False,0.0,nan,0.0,-0.25,5.5,0.25,hm,21
1,67,5.0,8.0,late,2.0,False,True,2,True,1,2,0.35,0.65,False,False,1.0,left,1.0,0.0,1.0,0.2903524919966003,False,0.0,nan,0.0,-0.5,5.0,0.5,hm,21
1,68,5.0,9.0,late,2.0,False,True,2,False,2,1,0.35,0.65,False,False,1.0,left,0.0,1.0,2.0,0.4253616280038841,True,nan,0.0,0.0,-0.75,4.25,0.75,hm,21
1,69,5.0,10.0,late,2.0,False,True,2,True,1,2,0.35,0.65,False,False,1.0,left,1.0,0.0,1.0,0.3825920980016235,False,1.0,nan,1.0,0.5,4.75,0.5,hm,21
1,70,5.0,11.0,late,3.0,False,True,2,False,2,1,0.35,0.65,False,False,1.0,left,0.0,1.0,2.0,0.36139777099742787,True,nan,0.0,0.0,-0.75,4.0,0.75,hm,21
