sessNo,trialNo,block,blockTrialNo,trialClass,blockBin,stim1_High,stim2_High,stimHigh,stim1_left,leftStim,rightStim,stim1_pWin,stim2_pWin,reverseStatus,reverseTrial,responseKey,response_LR,selected_stim1,selected_stim2,response_stimID,RT,highChosen,stim1_isWin,stim2_isWin,isWin,payOut,accum_payOut,abs_outMag,instructCond,subID
1,1,1.0,1.0,early,1.0,False,True,2,True,1,2,0.3,0.7,False,False,1.0,left,1.0,0.0,1,1.813162537990138,False,0.0,nan,0,-0.5,-0.5,0.5,hm,29
1,2,1.0,2.0,early,1.0,False,True,2,True,1,2,0.3,0.7,False,False,4.0,right,0.0,1.0,2,0.5298105299007148,True,nan,1.0,1,0.5,0.0,0.5,hm,29
1,3,1.0,3.0,early,1.0,False,True,2,True,1,2,0.3,0.7,False,False,4.0,right,0.0,1.0,2,0.44796628365293145,True,nan,0.0,0,-0.75,-0.75,0.75,hm,29
1,4,1.0,4.0,late,1.0,False,True,2,True,1,2,0.3,0.7,False,False,4.0,right,0.0,1.0,2,0.3904997145291418,True,nan,1.0,1,0.25,-0.5,0.25,hm,29
1,5,1.0,5.0,late,1.0,False,True,2,True,1,2,0.3,0.7,True,False,4.0,right,0.0,1.0,2,0.46195214381441474,True,nan,1.0,1,0.25,-0.25,0.25,hm,29
1,6,1.0,6.0,late,2.0,False,True,2,True,1,2,0.3,0.7,True,False,4.0,right,0.0,1.0,2,0.4204112682491541,True,nan,1.0,1,0.5,0.25,0.5,hm,29
1,7,1.0,7.0,late,2.0,False,True,2,False,2,1,0.3,0.7,True,True,1.0,left,0.0,1.0,2,0.5570280172396451,True,nan,1.0,1,0.25,0.5,0.25,hm,29
1,8,2.0,1.0,early,1.0,True,False,1,False,2,1,0.7,0.3,False,False,1.0,left,0.0,1.0,2,0.5239584795199335,False,nan,0.0,0,-0.25,0.25,0.25,hm,29
1,9,2.0,2.0,early,1.0,True,False,1,False,2,1,0.7,0.3,False,False,1.0,left,0.0,1.0,2,0.3771387650631368,False,nan,0.0,0,-0.5,-0.25,0.5,hm,29
1,10,2.0,3.0,early,1.0,True,False,1,False,2,1,0.7,0.3,False,False,1.0,left,0.0,1.0,2,0.27141682896763086,False,nan,1.0,1,0.75,0.5,0.75,hm,29
1,11,2.0,4.0,early,1.0,True,False,1,True,1,2,0.7,0.3,False,False,4.0,right,0.0,1.0,2,0.44097877852618694,False,nan,1.0,1,0.75,1.25,0.75,hm,29
1,12,2.0,5.0,early,1.0,True,False,1,True,1,2,0.7,0.3,False,False,4.0,right,0.0,1.0,2,0.40308414422906935,False,nan,1.0,1,0.5,1.75,0.5,hm,29
1,13,2.0,6.0,early,2.0,True,False,1,False,2,1,0.7,0.3,False,False,1.0,left,0.0,1.0,2,0.5391214359551668,False,nan,1.0,1,0.5,2.25,0.5,hm,29
1,14,2.0,7.0,early,2.0,True,False,1,True,1,2,0.7,0.3,False,False,1.0,left,1.0,0.0,1,0.4894136132206768,True,1.0,nan,1,0.75,3.0,0.75,hm,29
1,15,2.0,8.0,early,2.0,True,False,1,False,2,1,0.7,0.3,False,False,1.0,left,0.0,1.0,2,0.6145151134114712,False,nan,0.0,0,-0.25,2.75,0.25,hm,29
1,16,2.0,9.0,early,2.0,True,False,1,True,1,2,0.7,0.3,False,False,1.0,left,1.0,0.0,1,0.020379831781610847,True,0.0,nan,0,-0.75,2.0,0.75,hm,29
1,17,2.0,10.0,early,2.0,True,False,1,False,2,1,0.7,0.3,False,False,1.0,left,0.0,1.0,2,0.6481154293287545,False,nan,0.0,0,-0.25,1.75,0.25,hm,29
1,18,2.0,11.0,early,3.0,True,False,1,False,2,1,0.7,0.3,False,False,1.0,left,0.0,1.0,2,0.444669006858021,False,nan,0.0,0,-0.25,1.5,0.25,hm,29
1,19,2.0,12.0,early,3.0,True,False,1,False,2,1,0.7,0.3,False,False,1.0,left,0.0,1.0,2,0.40609667729586363,False,nan,0.0,0,-0.5,1.0,0.5,hm,29
1,20,2.0,13.0,early,3.0,True,False,1,False,2,1,0.7,0.3,False,False,1.0,left,0.0,1.0,2,0.4038357378449291,False,nan,0.0,0,-0.5,0.5,0.5,hm,29
1,21,2.0,14.0,early,3.0,True,False,1,True,1,2,0.7,0.3,False,False,4.0,right,0.0,1.0,2,0.6037508721929044,False,nan,1.0,1,0.75,1.25,0.75,hm,29
1,22,2.0,15.0,early,3.0,True,False,1,False,2,1,0.7,0.3,False,False,1.0,left,0.0,1.0,2,0.4937991318292916,False,nan,0.0,0,-0.5,0.75,0.5,hm,29
1,23,2.0,16.0,early,4.0,True,False,1,True,1,2,0.7,0.3,False,False,4.0,right,0.0,1.0,2,0.3549232028890401,False,nan,0.0,0,-0.75,0.0,0.75,hm,29
1,24,2.0,17.0,late,4.0,True,False,1,False,2,1,0.7,0.3,False,False,4.0,right,1.0,0.0,1,0.5324521046131849,True,1.0,nan,1,0.5,0.5,0.5,hm,29
1,25,2.0,18.0,late,4.0,True,False,1,True,1,2,0.7,0.3,False,False,1.0,left,1.0,0.0,1,0.6061666461173445,True,1.0,nan,1,0.25,0.75,0.25,hm,29
1,26,2.0,19.0,late,4.0,True,False,1,True,1,2,0.7,0.3,False,False,1.0,left,1.0,0.0,1,0.6778709753416479,True,1.0,nan,1,0.5,1.25,0.5,hm,29
1,27,2.0,20.0,late,4.0,True,False,1,True,1,2,0.7,0.3,False,False,4.0,right,0.0,1.0,2,0.4364369590766728,False,nan,0.0,0,-0.75,0.5,0.75,hm,29
1,28,2.0,21.0,late,5.0,True,False,1,False,2,1,0.7,0.3,False,False,4.0,right,1.0,0.0,1,0.5569332982413471,True,0.0,nan,0,-0.25,0.25,0.25,hm,29
1,29,2.0,22.0,late,5.0,True,False,1,True,1,2,0.7,0.3,False,False,4.0,right,0.0,1.0,2,0.5634442758746445,False,nan,0.0,0,-0.5,-0.25,0.5,hm,29
1,30,2.0,23.0,late,5.0,True,False,1,True,1,2,0.7,0.3,False,False,1.0,left,1.0,0.0,1,0.423998566577211,True,0.0,nan,0,-0.25,-0.5,0.25,hm,29
1,31,2.0,24.0,late,5.0,True,False,1,False,2,1,0.7,0.3,False,False,1.0,left,0.0,1.0,2,0.662916811183095,False,nan,0.0,0,-0.5,-1.0,0.5,hm,29
1,32,2.0,25.0,late,5.0,True,False,1,True,1,2,0.7,0.3,False,False,4.0,right,0.0,1.0,2,0.4968210489023477,False,nan,1.0,1,0.25,-0.75,0.25,hm,29
1,33,2.0,26.0,late,6.0,True,False,1,True,1,2,0.7,0.3,False,False,4.0,right,0.0,1.0,2,0.46319434070028365,False,nan,0.0,0,-0.75,-1.5,0.75,hm,29
1,34,2.0,27.0,late,6.0,True,False,1,False,2,1,0.7,0.3,False,False,4.0,right,1.0,0.0,1,0.4777807721402496,True,1.0,nan,1,0.25,-1.25,0.25,hm,29
1,35,2.0,28.0,late,6.0,True,False,1,True,1,2,0.7,0.3,False,False,1.0,left,1.0,0.0,1,1.0523118618875742,True,1.0,nan,1,0.5,-0.75,0.5,hm,29
1,36,2.0,29.0,late,6.0,True,False,1,True,1,2,0.7,0.3,False,False,1.0,left,1.0,0.0,1,0.4915000703185797,True,1.0,nan,1,0.75,0.0,0.75,hm,29
1,37,2.0,30.0,late,6.0,True,False,1,True,1,2,0.7,0.3,True,False,1.0,left,1.0,0.0,1,0.5243731318041682,True,1.0,nan,1,0.5,0.5,0.5,hm,29
1,38,2.0,31.0,late,7.0,True,False,1,True,1,2,0.7,0.3,True,False,1.0,left,1.0,0.0,1,0.4390838120598346,True,1.0,nan,1,0.5,1.0,0.5,hm,29
1,39,2.0,32.0,late,7.0,True,False,1,True,1,2,0.7,0.3,True,False,1.0,left,1.0,0.0,1,0.3560005947947502,True,0.0,nan,0,-0.25,0.75,0.25,hm,29
1,40,2.0,33.0,late,7.0,True,False,1,True,1,2,0.7,0.3,True,True,4.0,right,0.0,1.0,2,0.41574129927903414,False,nan,0.0,0,-0.75,0.0,0.75,hm,29
1,41,3.0,1.0,early,1.0,False,True,2,True,1,2,0.3,0.7,False,False,4.0,right,0.0,1.0,2,0.5037968240212649,True,nan,1.0,1,0.75,0.75,0.75,hm,29
1,42,3.0,2.0,early,1.0,False,True,2,True,1,2,0.3,0.7,False,False,4.0,right,0.0,1.0,2,0.41196984122507274,True,nan,0.0,0,-0.75,0.0,0.75,hm,29
1,43,3.0,3.0,early,1.0,False,True,2,True,1,2,0.3,0.7,False,False,4.0,right,0.0,1.0,2,0.36484230449423194,True,nan,1.0,1,0.5,0.5,0.5,hm,29
1,44,3.0,4.0,late,1.0,False,True,2,False,2,1,0.3,0.7,True,False,1.0,left,0.0,1.0,2,0.8333013204392046,True,nan,0.0,0,-0.25,0.25,0.25,hm,29
1,45,3.0,5.0,late,1.0,False,True,2,False,2,1,0.3,0.7,True,False,1.0,left,0.0,1.0,2,0.5837678040843457,True,nan,1.0,1,0.5,0.75,0.5,hm,29
1,46,3.0,6.0,late,2.0,False,True,2,True,1,2,0.3,0.7,True,True,4.0,right,0.0,1.0,2,0.5593839688226581,True,nan,1.0,1,0.25,1.0,0.25,hm,29
1,47,4.0,1.0,early,1.0,True,False,1,False,2,1,0.7,0.3,False,False,1.0,left,0.0,1.0,2,0.5043466631323099,False,nan,0.0,0,-0.25,0.75,0.25,hm,29
1,48,4.0,2.0,early,1.0,True,False,1,True,1,2,0.7,0.3,False,False,4.0,right,0.0,1.0,2,0.25938722398132086,False,nan,0.0,0,-0.75,0.0,0.75,hm,29
1,49,4.0,3.0,early,1.0,True,False,1,False,2,1,0.7,0.3,False,False,1.0,left,0.0,1.0,2,0.4997602701187134,False,nan,0.0,0,-0.5,-0.5,0.5,hm,29
1,50,4.0,4.0,early,1.0,True,False,1,True,1,2,0.7,0.3,False,False,1.0,left,1.0,0.0,1,0.5125133171677589,True,1.0,nan,1,0.5,0.0,0.5,hm,29
1,51,4.0,5.0,early,1.0,True,False,1,False,2,1,0.7,0.3,False,False,4.0,right,1.0,0.0,1,0.4340182524174452,True,1.0,nan,1,0.25,0.25,0.25,hm,29
1,52,4.0,6.0,early,2.0,True,False,1,True,1,2,0.7,0.3,False,False,1.0,left,1.0,0.0,1,0.42847293918021023,True,1.0,nan,1,0.25,0.5,0.25,hm,29
1,53,4.0,7.0,late,2.0,True,False,1,True,1,2,0.7,0.3,False,False,4.0,right,0.0,1.0,2,0.4290635399520397,False,nan,0.0,0,-0.25,0.25,0.25,hm,29
1,54,4.0,8.0,late,2.0,True,False,1,False,2,1,0.7,0.3,False,False,1.0,left,0.0,1.0,2,0.3753264946863055,False,nan,0.0,0,-0.5,-0.25,0.5,hm,29
1,55,4.0,9.0,late,2.0,True,False,1,True,1,2,0.7,0.3,False,False,1.0,left,1.0,0.0,1,0.7648617175873369,True,1.0,nan,1,0.5,0.25,0.5,hm,29
1,56,4.0,10.0,late,2.0,True,False,1,True,1,2,0.7,0.3,False,False,1.0,left,1.0,0.0,1,0.7156714771408588,True,1.0,nan,1,0.5,0.75,0.5,hm,29
1,57,4.0,11.0,late,3.0,True,False,1,False,2,1,0.7,0.3,False,False,4.0,right,1.0,0.0,1,0.5872114114463329,True,0.0,nan,0,-0.75,0.0,0.75,hm,29
1,58,4.0,12.0,late,3.0,True,False,1,False,2,1,0.7,0.3,True,False,4.0,right,1.0,0.0,1,0.761706372955814,True,1.0,nan,1,0.75,0.75,0.75,hm,29
1,59,4.0,13.0,late,3.0,True,False,1,True,1,2,0.7,0.3,True,True,1.0,left,1.0,0.0,1,0.4172292377334088,True,1.0,nan,1,0.5,1.25,0.5,hm,29
1,60,5.0,1.0,early,1.0,False,True,2,True,1,2,0.3,0.7,False,False,1.0,left,1.0,0.0,1,0.4544312213547528,False,1.0,nan,1,0.75,2.0,0.75,hm,29
1,61,5.0,2.0,early,1.0,False,True,2,True,1,2,0.3,0.7,False,False,1.0,left,1.0,0.0,1,0.4368967714253813,False,0.0,nan,0,-0.5,1.5,0.5,hm,29
1,62,5.0,3.0,early,1.0,False,True,2,True,1,2,0.3,0.7,False,False,1.0,left,1.0,0.0,1,0.5227385694161057,False,1.0,nan,1,0.25,1.75,0.25,hm,29
1,63,5.0,4.0,early,1.0,False,True,2,False,2,1,0.3,0.7,False,False,4.0,right,1.0,0.0,1,0.5711889462545514,False,0.0,nan,0,-0.25,1.5,0.25,hm,29
1,64,5.0,5.0,early,1.0,False,True,2,False,2,1,0.3,0.7,False,False,4.0,right,1.0,0.0,1,0.4428843017667532,False,0.0,nan,0,-0.75,0.75,0.75,hm,29
1,65,5.0,6.0,late,2.0,False,True,2,True,1,2,0.3,0.7,False,False,4.0,right,0.0,1.0,2,0.6270816551987082,True,nan,0.0,0,-0.75,0.0,0.75,hm,29
1,66,5.0,7.0,late,2.0,False,True,2,False,2,1,0.3,0.7,False,False,4.0,right,1.0,0.0,1,0.9043423233088106,False,1.0,nan,1,0.5,0.5,0.5,hm,29
1,67,5.0,8.0,late,2.0,False,True,2,False,2,1,0.3,0.7,False,False,4.0,right,1.0,0.0,1,0.34736063913442194,False,0.0,nan,0,-0.5,0.0,0.5,hm,29
1,68,5.0,9.0,late,2.0,False,True,2,False,2,1,0.3,0.7,False,False,1.0,left,0.0,1.0,2,0.47032729675993323,True,nan,0.0,0,-0.75,-0.75,0.75,hm,29
1,69,5.0,10.0,late,2.0,False,True,2,True,1,2,0.3,0.7,False,False,1.0,left,1.0,0.0,1,0.18590845330618322,False,0.0,nan,0,-0.5,-1.25,0.5,hm,29
1,70,5.0,11.0,late,3.0,False,True,2,False,2,1,0.3,0.7,False,False,1.0,left,0.0,1.0,2,0.5564183553215116,True,nan,1.0,1,0.25,-1.0,0.25,hm,29
