sessNo,trialNo,block,blockTrialNo,trialClass,blockBin,stim1_High,stim2_High,stimHigh,stim1_left,leftStim,rightStim,stim1_pWin,stim2_pWin,reverseStatus,reverseTrial,responseKey,response_LR,selected_stim1,selected_stim2,response_stimID,RT,highChosen,stim1_isWin,stim2_isWin,isWin,payOut,accum_payOut,abs_outMag,instructCond,subID
1,1,1.0,1.0,early,1.0,False,True,2,True,1,2,0.3,0.7,False,False,4.0,right,0.0,1.0,2,0.6329524728935212,True,nan,1.0,1,0.25,0.25,0.25,rl,28
1,2,1.0,2.0,early,1.0,False,True,2,True,1,2,0.3,0.7,False,False,4.0,right,0.0,1.0,2,0.5893233809620142,True,nan,0.0,0,-0.25,0.0,0.25,rl,28
1,3,1.0,3.0,early,1.0,False,True,2,True,1,2,0.3,0.7,False,False,1.0,left,1.0,0.0,1,0.5795350675471127,False,0.0,nan,0,-0.5,-0.5,0.5,rl,28
1,4,1.0,4.0,early,1.0,False,True,2,True,1,2,0.3,0.7,False,False,4.0,right,0.0,1.0,2,0.5286428176332265,True,nan,0.0,0,-0.75,-1.25,0.75,rl,28
1,5,1.0,5.0,early,1.0,False,True,2,True,1,2,0.3,0.7,False,False,1.0,left,1.0,0.0,1,0.6254737782292068,False,1.0,nan,1,0.5,-0.75,0.5,rl,28
1,6,1.0,6.0,early,2.0,False,True,2,True,1,2,0.3,0.7,False,False,1.0,left,1.0,0.0,1,0.47169148456305265,False,0.0,nan,0,-0.5,-1.25,0.5,rl,28
1,7,1.0,7.0,early,2.0,False,True,2,False,2,1,0.3,0.7,False,False,4.0,right,1.0,0.0,1,0.8235945301130414,False,1.0,nan,1,0.5,-0.75,0.5,rl,28
1,8,1.0,8.0,early,2.0,False,True,2,True,1,2,0.3,0.7,False,False,1.0,left,1.0,0.0,1,0.7869585144799203,False,0.0,nan,0,-0.25,-1.0,0.25,rl,28
1,9,1.0,9.0,early,2.0,False,True,2,False,2,1,0.3,0.7,False,False,4.0,right,1.0,0.0,1,0.5363701863680035,False,0.0,nan,0,-0.75,-1.75,0.75,rl,28
1,10,1.0,10.0,late,2.0,False,True,2,False,2,1,0.3,0.7,False,False,4.0,right,1.0,0.0,1,0.6683506900444627,False,1.0,nan,1,0.75,-1.0,0.75,rl,28
1,11,1.0,11.0,late,3.0,False,True,2,False,2,1,0.3,0.7,False,False,4.0,right,1.0,0.0,1,0.4837858974933624,False,0.0,nan,0,-0.75,-1.75,0.75,rl,28
1,12,1.0,12.0,late,3.0,False,True,2,True,1,2,0.3,0.7,False,False,1.0,left,1.0,0.0,1,0.5569555850233883,False,0.0,nan,0,-0.5,-2.25,0.5,rl,28
1,13,1.0,13.0,late,3.0,False,True,2,True,1,2,0.3,0.7,False,False,4.0,right,0.0,1.0,2,0.6317442927975208,True,nan,0.0,0,-0.5,-2.75,0.5,rl,28
1,14,1.0,14.0,late,3.0,False,True,2,False,2,1,0.3,0.7,False,False,4.0,right,1.0,0.0,1,0.751158548053354,False,0.0,nan,0,-0.25,-3.0,0.25,rl,28
1,15,1.0,15.0,late,3.0,False,True,2,False,2,1,0.3,0.7,False,False,1.0,left,0.0,1.0,2,0.49967904039658606,True,nan,1.0,1,0.75,-2.25,0.75,rl,28
1,16,1.0,16.0,late,4.0,False,True,2,False,2,1,0.3,0.7,False,False,1.0,left,0.0,1.0,2,0.7081555395852774,True,nan,1.0,1,0.25,-2.0,0.25,rl,28
1,17,1.0,17.0,late,4.0,False,True,2,True,1,2,0.3,0.7,False,False,4.0,right,0.0,1.0,2,1.0995426217559725,True,nan,1.0,1,0.5,-1.5,0.5,rl,28
1,18,1.0,18.0,late,4.0,False,True,2,False,2,1,0.3,0.7,True,True,1.0,left,0.0,1.0,2,0.5849003265611827,True,nan,1.0,1,0.75,-0.75,0.75,rl,28
1,19,2.0,1.0,early,1.0,True,False,1,True,1,2,0.7,0.3,False,False,4.0,right,0.0,1.0,2,0.5339761127252132,False,nan,1.0,1,0.5,-0.25,0.5,rl,28
1,20,2.0,2.0,early,1.0,True,False,1,True,1,2,0.7,0.3,False,False,4.0,right,0.0,1.0,2,0.5644653639756143,False,nan,0.0,0,-0.25,-0.5,0.25,rl,28
1,21,2.0,3.0,early,1.0,True,False,1,True,1,2,0.7,0.3,False,False,1.0,left,1.0,0.0,1,0.572968666208908,True,1.0,nan,1,0.5,0.0,0.5,rl,28
1,22,2.0,4.0,early,1.0,True,False,1,False,2,1,0.7,0.3,False,False,4.0,right,1.0,0.0,1,0.45965102943591774,True,0.0,nan,0,-0.5,-0.5,0.5,rl,28
1,23,2.0,5.0,early,1.0,True,False,1,False,2,1,0.7,0.3,False,False,1.0,left,0.0,1.0,2,0.7505779177881777,False,nan,0.0,0,-0.25,-0.75,0.25,rl,28
1,24,2.0,6.0,early,2.0,True,False,1,True,1,2,0.7,0.3,False,False,4.0,right,0.0,1.0,2,0.5554456526879221,False,nan,1.0,1,0.5,-0.25,0.5,rl,28
1,25,2.0,7.0,early,2.0,True,False,1,False,2,1,0.7,0.3,False,False,1.0,left,0.0,1.0,2,0.602575535653159,False,nan,1.0,1,0.25,0.0,0.25,rl,28
1,26,2.0,8.0,early,2.0,True,False,1,True,1,2,0.7,0.3,False,False,4.0,right,0.0,1.0,2,0.5712546335998923,False,nan,0.0,0,-0.5,-0.5,0.5,rl,28
1,27,2.0,9.0,early,2.0,True,False,1,True,1,2,0.7,0.3,False,False,1.0,left,1.0,0.0,1,0.7915003339294344,True,0.0,nan,0,-0.75,-1.25,0.75,rl,28
1,28,2.0,10.0,early,2.0,True,False,1,True,1,2,0.7,0.3,False,False,4.0,right,0.0,1.0,2,0.6325255045667291,False,nan,0.0,0,-0.25,-1.5,0.25,rl,28
1,29,2.0,11.0,early,3.0,True,False,1,True,1,2,0.7,0.3,False,False,1.0,left,1.0,0.0,1,0.6132776085287333,True,1.0,nan,1,0.75,-0.75,0.75,rl,28
1,30,2.0,12.0,early,3.0,True,False,1,False,2,1,0.7,0.3,False,False,4.0,right,1.0,0.0,1,1.1685156419407576,True,1.0,nan,1,0.75,0.0,0.75,rl,28
1,31,2.0,13.0,early,3.0,True,False,1,False,2,1,0.7,0.3,False,False,4.0,right,1.0,0.0,1,0.726004937896505,True,0.0,nan,0,-0.75,-0.75,0.75,rl,28
1,32,2.0,14.0,early,3.0,True,False,1,False,2,1,0.7,0.3,False,False,1.0,left,0.0,1.0,2,0.5940288328565657,False,nan,0.0,0,-0.5,-1.25,0.5,rl,28
1,33,2.0,15.0,early,3.0,True,False,1,True,1,2,0.7,0.3,False,False,1.0,left,1.0,0.0,1,0.7029204827267677,True,0.0,nan,0,-0.5,-1.75,0.5,rl,28
1,34,2.0,16.0,early,4.0,True,False,1,True,1,2,0.7,0.3,False,False,4.0,right,0.0,1.0,2,0.7478580458555371,False,nan,1.0,1,0.25,-1.5,0.25,rl,28
1,35,2.0,17.0,early,4.0,True,False,1,False,2,1,0.7,0.3,False,False,4.0,right,1.0,0.0,1,0.517085047904402,True,1.0,nan,1,0.25,-1.25,0.25,rl,28
1,36,2.0,18.0,late,4.0,True,False,1,False,2,1,0.7,0.3,False,False,4.0,right,1.0,0.0,1,0.6207348962780088,True,0.0,nan,0,-0.75,-2.0,0.75,rl,28
1,37,2.0,19.0,late,4.0,True,False,1,False,2,1,0.7,0.3,False,False,1.0,left,0.0,1.0,2,0.5025860043242574,False,nan,0.0,0,-0.25,-2.25,0.25,rl,28
1,38,2.0,20.0,late,4.0,True,False,1,True,1,2,0.7,0.3,False,False,1.0,left,1.0,0.0,1,1.0710462813731283,True,1.0,nan,1,0.5,-1.75,0.5,rl,28
1,39,2.0,21.0,late,5.0,True,False,1,True,1,2,0.7,0.3,False,False,1.0,left,1.0,0.0,1,0.5721783638000488,True,1.0,nan,1,0.5,-1.25,0.5,rl,28
1,40,2.0,22.0,late,5.0,True,False,1,True,1,2,0.7,0.3,False,False,4.0,right,0.0,1.0,2,0.8257117778994143,False,nan,0.0,0,-0.75,-2.0,0.75,rl,28
1,41,2.0,23.0,late,5.0,True,False,1,False,2,1,0.7,0.3,False,False,4.0,right,1.0,0.0,1,0.6153787279035896,True,1.0,nan,1,0.25,-1.75,0.25,rl,28
1,42,2.0,24.0,late,5.0,True,False,1,False,2,1,0.7,0.3,False,False,4.0,right,1.0,0.0,1,0.7661288408562541,True,1.0,nan,1,0.75,-1.0,0.75,rl,28
1,43,2.0,25.0,late,5.0,True,False,1,True,1,2,0.7,0.3,False,False,1.0,left,1.0,0.0,1,0.4963239941280335,True,0.0,nan,0,-0.5,-1.5,0.5,rl,28
1,44,2.0,26.0,late,6.0,True,False,1,False,2,1,0.7,0.3,False,False,1.0,left,0.0,1.0,2,0.8328834425192326,False,nan,0.0,0,-0.5,-2.0,0.5,rl,28
1,45,2.0,27.0,late,6.0,True,False,1,True,1,2,0.7,0.3,False,False,1.0,left,1.0,0.0,1,0.8074005150701851,True,0.0,nan,0,-0.5,-2.5,0.5,rl,28
1,46,2.0,28.0,late,6.0,True,False,1,False,2,1,0.7,0.3,False,False,1.0,left,0.0,1.0,2,0.7020559886004776,False,nan,0.0,0,-0.75,-3.25,0.75,rl,28
1,47,2.0,29.0,late,6.0,True,False,1,True,1,2,0.7,0.3,False,False,4.0,right,0.0,1.0,2,0.5922752118203789,False,nan,0.0,0,-0.75,-4.0,0.75,rl,28
1,48,2.0,30.0,late,6.0,True,False,1,True,1,2,0.7,0.3,False,False,1.0,left,1.0,0.0,1,0.5082662114873528,True,1.0,nan,1,0.5,-3.5,0.5,rl,28
1,49,2.0,31.0,late,7.0,True,False,1,True,1,2,0.7,0.3,False,False,1.0,left,1.0,0.0,1,0.4918027017265558,True,1.0,nan,1,0.25,-3.25,0.25,rl,28
1,50,2.0,32.0,late,7.0,True,False,1,True,1,2,0.7,0.3,False,False,1.0,left,1.0,0.0,1,0.5660119522362947,True,1.0,nan,1,0.25,-3.0,0.25,rl,28
1,51,2.0,33.0,late,7.0,True,False,1,True,1,2,0.7,0.3,True,False,1.0,left,1.0,0.0,1,0.7080241648945957,True,1.0,nan,1,0.5,-2.5,0.5,rl,28
1,52,2.0,34.0,late,7.0,True,False,1,False,2,1,0.7,0.3,True,True,4.0,right,1.0,0.0,1,1.3140732187312096,True,1.0,nan,1,0.25,-2.25,0.25,rl,28
1,53,3.0,1.0,early,1.0,False,True,2,False,2,1,0.3,0.7,False,False,4.0,right,1.0,0.0,1,0.5663128241430968,False,0.0,nan,0,-0.25,-2.5,0.25,rl,28
1,54,3.0,2.0,early,1.0,False,True,2,False,2,1,0.3,0.7,False,False,1.0,left,0.0,1.0,2,0.7336587014142424,True,nan,1.0,1,0.5,-2.0,0.5,rl,28
1,55,3.0,3.0,early,1.0,False,True,2,False,2,1,0.3,0.7,False,False,1.0,left,0.0,1.0,2,0.5434767499100417,True,nan,1.0,1,0.5,-1.5,0.5,rl,28
1,56,3.0,4.0,early,1.0,False,True,2,False,2,1,0.3,0.7,False,False,1.0,left,0.0,1.0,2,0.47526763984933496,True,nan,0.0,0,-0.75,-2.25,0.75,rl,28
1,57,3.0,5.0,early,1.0,False,True,2,False,2,1,0.3,0.7,False,False,4.0,right,1.0,0.0,1,0.6449266541749239,False,0.0,nan,0,-0.25,-2.5,0.25,rl,28
1,58,3.0,6.0,early,2.0,False,True,2,False,2,1,0.3,0.7,False,False,1.0,left,0.0,1.0,2,0.5710024407599121,True,nan,1.0,1,0.75,-1.75,0.75,rl,28
1,59,3.0,7.0,early,2.0,False,True,2,True,1,2,0.3,0.7,False,False,4.0,right,0.0,1.0,2,0.5685878396034241,True,nan,1.0,1,0.5,-1.25,0.5,rl,28
1,60,3.0,8.0,early,2.0,False,True,2,False,2,1,0.3,0.7,False,False,1.0,left,0.0,1.0,2,0.654270111117512,True,nan,0.0,0,-0.25,-1.5,0.25,rl,28
1,61,3.0,9.0,early,2.0,False,True,2,True,1,2,0.3,0.7,False,False,1.0,left,1.0,0.0,1,0.9937761118635535,False,0.0,nan,0,-0.75,-2.25,0.75,rl,28
1,62,3.0,10.0,late,2.0,False,True,2,False,2,1,0.3,0.7,False,False,1.0,left,0.0,1.0,2,0.8933927493635565,True,nan,0.0,0,-0.25,-2.5,0.25,rl,28
1,63,3.0,11.0,late,3.0,False,True,2,False,2,1,0.3,0.7,False,False,4.0,right,1.0,0.0,1,0.5602859985083342,False,0.0,nan,0,-0.75,-3.25,0.75,rl,28
1,64,3.0,12.0,late,3.0,False,True,2,True,1,2,0.3,0.7,False,False,1.0,left,1.0,0.0,1,0.6826412347145379,False,0.0,nan,0,-0.5,-3.75,0.5,rl,28
1,65,3.0,13.0,late,3.0,False,True,2,True,1,2,0.3,0.7,False,False,4.0,right,0.0,1.0,2,0.5311582959257066,True,nan,1.0,1,0.5,-3.25,0.5,rl,28
1,66,3.0,14.0,late,3.0,False,True,2,False,2,1,0.3,0.7,False,False,1.0,left,0.0,1.0,2,0.8832446211017668,True,nan,1.0,1,0.5,-2.75,0.5,rl,28
1,67,3.0,15.0,late,3.0,False,True,2,False,2,1,0.3,0.7,False,False,1.0,left,0.0,1.0,2,0.6850974769331515,True,nan,1.0,1,0.5,-2.25,0.5,rl,28
1,68,3.0,16.0,late,4.0,False,True,2,False,2,1,0.3,0.7,True,False,1.0,left,0.0,1.0,2,0.6613702231552452,True,nan,1.0,1,0.25,-2.0,0.25,rl,28
1,69,3.0,17.0,late,4.0,False,True,2,False,2,1,0.3,0.7,True,False,1.0,left,0.0,1.0,2,0.6509323660284281,True,nan,0.0,0,-0.75,-2.75,0.75,rl,28
1,70,3.0,18.0,late,4.0,False,True,2,False,2,1,0.3,0.7,True,True,4.0,right,1.0,0.0,1,0.598298225319013,False,1.0,nan,1,0.25,-2.5,0.25,rl,28
