sessNo,trialNo,block,blockTrialNo,trialClass,blockBin,stim1_High,stim2_High,stimHigh,stim1_left,leftStim,rightStim,stim1_pWin,stim2_pWin,reverseStatus,reverseTrial,responseKey,response_LR,selected_stim1,selected_stim2,response_stimID,RT,highChosen,stim1_isWin,stim2_isWin,isWin,payOut,accum_payOut,abs_outMag,instructCond,subID
1,1,1.0,1.0,early,1.0,True,False,1,True,1,2,0.65,0.35,False,False,4.0,right,0.0,1.0,2,0.8845129000037559,False,nan,0.0,0,-0.25,-0.25,0.25,hm,22
1,2,1.0,2.0,early,1.0,True,False,1,True,1,2,0.65,0.35,False,False,1.0,left,1.0,0.0,1,0.6635155210024095,True,1.0,nan,1,0.75,0.5,0.75,hm,22
1,3,1.0,3.0,early,1.0,True,False,1,False,2,1,0.65,0.35,False,False,4.0,right,1.0,0.0,1,0.4785603079944849,True,1.0,nan,1,0.25,0.75,0.25,hm,22
1,4,1.0,4.0,early,1.0,True,False,1,True,1,2,0.65,0.35,False,False,1.0,left,1.0,0.0,1,0.5888498360000085,True,1.0,nan,1,0.25,1.0,0.25,hm,22
1,5,1.0,5.0,early,1.0,True,False,1,False,2,1,0.65,0.35,True,False,4.0,right,1.0,0.0,1,0.5573866179984179,True,0.0,nan,0,-0.75,0.25,0.75,hm,22
1,6,1.0,6.0,early,2.0,True,False,1,True,1,2,0.65,0.35,True,False,4.0,right,0.0,1.0,2,0.9125992990011582,False,nan,1.0,1,0.25,0.5,0.25,hm,22
1,7,1.0,7.0,early,2.0,True,False,1,False,2,1,0.65,0.35,True,False,1.0,left,0.0,1.0,2,0.7777849970007082,False,nan,0.0,0,-0.5,0.0,0.5,hm,22
1,8,1.0,8.0,early,2.0,True,False,1,False,2,1,0.65,0.35,True,False,4.0,right,1.0,0.0,1,0.636960692005232,True,1.0,nan,1,0.75,0.75,0.75,hm,22
1,9,1.0,9.0,late,2.0,True,False,1,False,2,1,0.65,0.35,True,False,4.0,right,1.0,0.0,1,0.537203348998446,True,0.0,nan,0,-0.75,0.0,0.75,hm,22
1,10,1.0,10.0,late,2.0,True,False,1,False,2,1,0.65,0.35,True,False,1.0,left,0.0,1.0,2,0.505284869002935,False,nan,0.0,0,-0.25,-0.25,0.25,hm,22
1,11,1.0,11.0,late,3.0,True,False,1,False,2,1,0.65,0.35,True,False,1.0,left,0.0,1.0,2,0.45514416299556615,False,nan,1.0,1,0.75,0.5,0.75,hm,22
1,12,1.0,12.0,late,3.0,True,False,1,False,2,1,0.65,0.35,True,False,4.0,right,1.0,0.0,1,0.42440320000605425,True,1.0,nan,1,0.75,1.25,0.75,hm,22
1,13,1.0,13.0,late,3.0,True,False,1,False,2,1,0.65,0.35,True,False,1.0,left,0.0,1.0,2,0.4489548730052775,False,nan,0.0,0,-0.5,0.75,0.5,hm,22
1,14,1.0,14.0,late,3.0,True,False,1,True,1,2,0.65,0.35,True,False,4.0,right,0.0,1.0,2,0.6402140499994857,False,nan,0.0,0,-0.25,0.5,0.25,hm,22
1,15,1.0,15.0,late,3.0,True,False,1,False,2,1,0.65,0.35,True,False,4.0,right,1.0,0.0,1,0.5396565970004303,True,0.0,nan,0,-0.25,0.25,0.25,hm,22
1,16,1.0,16.0,late,4.0,True,False,1,True,1,2,0.65,0.35,True,False,4.0,right,0.0,1.0,2,1.2348234319943003,False,nan,0.0,0,-0.5,-0.25,0.5,hm,22
1,17,1.0,17.0,late,4.0,True,False,1,True,1,2,0.65,0.35,True,True,4.0,right,0.0,1.0,2,0.40797843899781583,False,nan,1.0,1,0.5,0.25,0.5,hm,22
1,18,2.0,1.0,early,1.0,False,True,2,False,2,1,0.35,0.65,False,False,1.0,left,0.0,1.0,2,0.5448467300011544,True,nan,1.0,1,0.5,0.75,0.5,hm,22
1,19,2.0,2.0,early,1.0,False,True,2,False,2,1,0.35,0.65,False,False,1.0,left,0.0,1.0,2,0.628792103001615,True,nan,1.0,1,0.5,1.25,0.5,hm,22
1,20,2.0,3.0,early,1.0,False,True,2,False,2,1,0.35,0.65,False,False,1.0,left,0.0,1.0,2,0.5253797010009293,True,nan,1.0,1,0.75,2.0,0.75,hm,22
1,21,2.0,4.0,early,1.0,False,True,2,True,1,2,0.35,0.65,True,False,4.0,right,0.0,1.0,2,0.6423618929984514,True,nan,1.0,1,0.5,2.5,0.5,hm,22
1,22,2.0,5.0,early,1.0,False,True,2,True,1,2,0.35,0.65,True,False,4.0,right,0.0,1.0,2,0.39759057800256414,True,nan,1.0,1,0.25,2.75,0.25,hm,22
1,23,2.0,6.0,early,2.0,False,True,2,False,2,1,0.35,0.65,True,False,1.0,left,0.0,1.0,2,0.5595298120024381,True,nan,1.0,1,0.5,3.25,0.5,hm,22
1,24,2.0,7.0,early,2.0,False,True,2,False,2,1,0.35,0.65,True,False,1.0,left,0.0,1.0,2,0.3808524150008452,True,nan,0.0,0,-0.75,2.5,0.75,hm,22
1,25,2.0,8.0,early,2.0,False,True,2,True,1,2,0.35,0.65,True,False,1.0,left,1.0,0.0,1,0.4940370050026104,False,1.0,nan,1,0.75,3.25,0.75,hm,22
1,26,2.0,9.0,early,2.0,False,True,2,False,2,1,0.35,0.65,True,False,4.0,right,1.0,0.0,1,0.42666847899818094,False,1.0,nan,1,0.75,4.0,0.75,hm,22
1,27,2.0,10.0,early,2.0,False,True,2,False,2,1,0.35,0.65,True,False,4.0,right,1.0,0.0,1,0.4526932509979815,False,1.0,nan,1,0.25,4.25,0.25,hm,22
1,28,2.0,11.0,early,3.0,False,True,2,True,1,2,0.35,0.65,False,False,1.0,left,1.0,0.0,1,0.6257847150045563,False,0.0,nan,0,-0.75,3.5,0.75,hm,22
1,29,2.0,12.0,early,3.0,False,True,2,False,2,1,0.35,0.65,False,False,1.0,left,0.0,1.0,2,0.8380399800007581,True,nan,0.0,0,-0.5,3.0,0.5,hm,22
1,30,2.0,13.0,early,3.0,False,True,2,False,2,1,0.35,0.65,False,False,1.0,left,0.0,1.0,2,0.48118511600478087,True,nan,0.0,0,-0.25,2.75,0.25,hm,22
1,31,2.0,14.0,early,3.0,False,True,2,True,1,2,0.35,0.65,False,False,4.0,right,0.0,1.0,2,0.3732945869996911,True,nan,1.0,1,0.75,3.5,0.75,hm,22
1,32,2.0,15.0,late,3.0,False,True,2,True,1,2,0.35,0.65,True,False,4.0,right,0.0,1.0,2,0.541212842996174,True,nan,0.0,0,-0.75,2.75,0.75,hm,22
1,33,2.0,16.0,late,4.0,False,True,2,True,1,2,0.35,0.65,True,False,4.0,right,0.0,1.0,2,0.39575615999638103,True,nan,1.0,1,0.75,3.5,0.75,hm,22
1,34,2.0,17.0,late,4.0,False,True,2,True,1,2,0.35,0.65,True,False,1.0,left,1.0,0.0,1,0.466651216003811,False,0.0,nan,0,-0.25,3.25,0.25,hm,22
1,35,2.0,18.0,late,4.0,False,True,2,True,1,2,0.35,0.65,True,False,1.0,left,1.0,0.0,1,0.36755215899756877,False,0.0,nan,0,-0.75,2.5,0.75,hm,22
1,36,2.0,19.0,late,4.0,False,True,2,False,2,1,0.35,0.65,True,False,4.0,right,1.0,0.0,1,0.6675275340021471,False,0.0,nan,0,-0.5,2.0,0.5,hm,22
1,37,2.0,20.0,late,4.0,False,True,2,True,1,2,0.35,0.65,True,False,4.0,right,0.0,1.0,2,0.552944976996514,True,nan,0.0,0,-0.75,1.25,0.75,hm,22
1,38,2.0,21.0,late,5.0,False,True,2,True,1,2,0.35,0.65,True,False,1.0,left,1.0,0.0,1,0.44041874099639244,False,0.0,nan,0,-0.5,0.75,0.5,hm,22
1,39,2.0,22.0,late,5.0,False,True,2,False,2,1,0.35,0.65,True,False,1.0,left,0.0,1.0,2,0.43447349600319285,True,nan,1.0,1,0.75,1.5,0.75,hm,22
1,40,2.0,23.0,late,5.0,False,True,2,True,1,2,0.35,0.65,True,False,4.0,right,0.0,1.0,2,0.415363107000303,True,nan,1.0,1,0.5,2.0,0.5,hm,22
1,41,2.0,24.0,late,5.0,False,True,2,False,2,1,0.35,0.65,True,False,1.0,left,0.0,1.0,2,0.4288518949979334,True,nan,1.0,1,0.5,2.5,0.5,hm,22
1,42,2.0,25.0,late,5.0,False,True,2,True,1,2,0.35,0.65,True,False,4.0,right,0.0,1.0,2,0.4495711889976519,True,nan,1.0,1,0.5,3.0,0.5,hm,22
1,43,2.0,26.0,late,6.0,False,True,2,False,2,1,0.35,0.65,True,False,1.0,left,0.0,1.0,2,0.6849705330023426,True,nan,1.0,1,0.25,3.25,0.25,hm,22
1,44,2.0,27.0,late,6.0,False,True,2,False,2,1,0.35,0.65,True,False,1.0,left,0.0,1.0,2,0.5300722450047033,True,nan,1.0,1,0.25,3.5,0.25,hm,22
1,45,2.0,28.0,late,6.0,False,True,2,True,1,2,0.35,0.65,True,False,4.0,right,0.0,1.0,2,0.5508716350013856,True,nan,1.0,1,0.75,4.25,0.75,hm,22
1,46,2.0,29.0,late,6.0,False,True,2,True,1,2,0.35,0.65,True,True,1.0,left,1.0,0.0,1,0.5488294160022633,False,0.0,nan,0,-0.5,3.75,0.5,hm,22
1,47,3.0,1.0,early,1.0,True,False,1,False,2,1,0.65,0.35,False,False,1.0,left,0.0,1.0,2,0.6450010539992945,False,nan,0.0,0,-0.5,3.25,0.5,hm,22
1,48,3.0,2.0,early,1.0,True,False,1,True,1,2,0.65,0.35,False,False,1.0,left,1.0,0.0,1,0.8873772410006495,True,1.0,nan,1,0.5,3.75,0.5,hm,22
1,49,3.0,3.0,early,1.0,True,False,1,False,2,1,0.65,0.35,False,False,4.0,right,1.0,0.0,1,0.5442961389999255,True,1.0,nan,1,0.75,4.5,0.75,hm,22
1,50,3.0,4.0,late,1.0,True,False,1,False,2,1,0.65,0.35,False,False,4.0,right,1.0,0.0,1,0.727626797000994,True,1.0,nan,1,0.25,4.75,0.25,hm,22
1,51,3.0,5.0,late,1.0,True,False,1,False,2,1,0.65,0.35,True,False,4.0,right,1.0,0.0,1,0.48325323100289097,True,0.0,nan,0,-0.25,4.5,0.25,hm,22
1,52,3.0,6.0,late,2.0,True,False,1,True,1,2,0.65,0.35,True,False,1.0,left,1.0,0.0,1,0.741835049004294,True,0.0,nan,0,-0.5,4.0,0.5,hm,22
1,53,3.0,7.0,late,2.0,True,False,1,True,1,2,0.65,0.35,True,True,1.0,left,1.0,0.0,1,0.7835792659971048,True,1.0,nan,1,0.25,4.25,0.25,hm,22
1,54,4.0,1.0,early,1.0,False,True,2,True,1,2,0.35,0.65,False,False,1.0,left,1.0,0.0,1,0.881882082001539,False,0.0,nan,0,-0.5,3.75,0.5,hm,22
1,55,4.0,2.0,early,1.0,False,True,2,True,1,2,0.35,0.65,False,False,4.0,right,0.0,1.0,2,0.9964426299993647,True,nan,0.0,0,-0.75,3.0,0.75,hm,22
1,56,4.0,3.0,early,1.0,False,True,2,False,2,1,0.35,0.65,False,False,1.0,left,0.0,1.0,2,1.0926516239997,True,nan,0.0,0,-0.25,2.75,0.25,hm,22
1,57,4.0,4.0,early,1.0,False,True,2,True,1,2,0.35,0.65,False,False,1.0,left,1.0,0.0,1,0.6741328650023206,False,1.0,nan,1,0.5,3.25,0.5,hm,22
1,58,4.0,5.0,early,1.0,False,True,2,True,1,2,0.35,0.65,False,False,4.0,right,0.0,1.0,2,0.560176421997312,True,nan,1.0,1,0.25,3.5,0.25,hm,22
1,59,4.0,6.0,early,2.0,False,True,2,True,1,2,0.35,0.65,False,False,1.0,left,1.0,0.0,1,0.41393773299932946,False,0.0,nan,0,-0.75,2.75,0.75,hm,22
1,60,4.0,7.0,early,2.0,False,True,2,False,2,1,0.35,0.65,False,False,4.0,right,1.0,0.0,1,0.8280943729987484,False,0.0,nan,0,-0.5,2.25,0.5,hm,22
1,61,4.0,8.0,early,2.0,False,True,2,False,2,1,0.35,0.65,False,False,1.0,left,0.0,1.0,2,0.6892052999974112,True,nan,0.0,0,-0.25,2.0,0.25,hm,22
1,62,4.0,9.0,late,2.0,False,True,2,False,2,1,0.35,0.65,False,False,4.0,right,1.0,0.0,1,0.7923132450014236,False,0.0,nan,0,-0.75,1.25,0.75,hm,22
1,63,4.0,10.0,late,2.0,False,True,2,True,1,2,0.35,0.65,False,False,4.0,right,0.0,1.0,2,0.6854562110020197,True,nan,0.0,0,-0.75,0.5,0.75,hm,22
1,64,4.0,11.0,late,3.0,False,True,2,True,1,2,0.35,0.65,False,False,1.0,left,1.0,0.0,1,0.9224879469984444,False,1.0,nan,1,0.5,1.0,0.5,hm,22
1,65,4.0,12.0,late,3.0,False,True,2,False,2,1,0.35,0.65,False,False,4.0,right,1.0,0.0,1,0.4569115709964535,False,1.0,nan,1,0.25,1.25,0.25,hm,22
1,66,4.0,13.0,late,3.0,False,True,2,False,2,1,0.35,0.65,False,False,4.0,right,1.0,0.0,1,0.5152713909992599,False,0.0,nan,0,-0.5,0.75,0.5,hm,22
1,67,4.0,14.0,late,3.0,False,True,2,True,1,2,0.35,0.65,False,False,4.0,right,0.0,1.0,2,0.8395337959955214,True,nan,1.0,1,0.25,1.0,0.25,hm,22
1,68,4.0,15.0,late,3.0,False,True,2,False,2,1,0.35,0.65,False,False,4.0,right,1.0,0.0,1,1.322578561004775,False,0.0,nan,0,-0.75,0.25,0.75,hm,22
1,69,4.0,16.0,late,4.0,False,True,2,False,2,1,0.35,0.65,False,False,1.0,left,0.0,1.0,2,0.5125195780055947,True,nan,1.0,1,0.5,0.75,0.5,hm,22
1,70,4.0,17.0,late,4.0,False,True,2,False,2,1,0.35,0.65,False,False,1.0,left,0.0,1.0,2,0.4430201479990501,True,nan,0.0,0,-0.25,0.5,0.25,hm,22
