sessNo,trialNo,block,blockTrialNo,trialClass,blockBin,stim1_High,stim2_High,stimHigh,stim1_left,leftStim,rightStim,stim1_pWin,stim2_pWin,reverseStatus,reverseTrial,responseKey,response_LR,selected_stim1,selected_stim2,response_stimID,RT,highChosen,stim1_isWin,stim2_isWin,isWin,payOut,accum_payOut,abs_outMag,instructCond,subID
1,1,1.0,1.0,early,1.0,False,True,2,True,1,2,0.3,0.7,False,False,nan,nan,nan,nan,nan,nan,False,nan,nan,nan,nan,nan,nan,hm,27
1,2,1.0,2.0,early,1.0,False,True,2,True,1,2,0.3,0.7,False,False,4.0,right,0.0,1.0,2.0,0.47294570482335985,True,nan,1.0,1.0,0.25,0.25,0.25,hm,27
1,3,1.0,3.0,early,1.0,False,True,2,False,2,1,0.3,0.7,False,False,1.0,left,0.0,1.0,2.0,0.43941606185398996,True,nan,0.0,0.0,-0.75,-0.5,0.75,hm,27
1,4,1.0,4.0,late,1.0,False,True,2,True,1,2,0.3,0.7,False,False,4.0,right,0.0,1.0,2.0,1.0580574630293995,True,nan,1.0,1.0,0.5,0.0,0.5,hm,27
1,5,1.0,5.0,late,1.0,False,True,2,False,2,1,0.3,0.7,True,False,1.0,left,0.0,1.0,2.0,0.6724001469556242,True,nan,0.0,0.0,-0.5,-0.5,0.5,hm,27
1,6,1.0,6.0,late,2.0,False,True,2,True,1,2,0.3,0.7,True,False,1.0,left,1.0,0.0,1.0,0.6226855793502182,False,0.0,nan,0.0,-0.25,-0.75,0.25,hm,27
1,7,1.0,7.0,late,2.0,False,True,2,True,1,2,0.3,0.7,True,True,4.0,right,0.0,1.0,2.0,0.42420618585310876,True,nan,1.0,1.0,0.5,-0.25,0.5,hm,27
1,8,2.0,1.0,early,1.0,True,False,1,True,1,2,0.7,0.3,False,False,4.0,right,0.0,1.0,2.0,0.4332144604995847,False,nan,0.0,0.0,-0.5,-0.75,0.5,hm,27
1,9,2.0,2.0,early,1.0,True,False,1,True,1,2,0.7,0.3,False,False,4.0,right,0.0,1.0,2.0,0.502490698825568,False,nan,1.0,1.0,0.75,0.0,0.75,hm,27
1,10,2.0,3.0,early,1.0,True,False,1,True,1,2,0.7,0.3,False,False,4.0,right,0.0,1.0,2.0,0.4443417426664382,False,nan,0.0,0.0,-0.5,-0.5,0.5,hm,27
1,11,2.0,4.0,early,1.0,True,False,1,True,1,2,0.7,0.3,False,False,4.0,right,0.0,1.0,2.0,0.48518938082270324,False,nan,1.0,1.0,0.25,-0.25,0.25,hm,27
1,12,2.0,5.0,early,1.0,True,False,1,False,2,1,0.7,0.3,False,False,1.0,left,0.0,1.0,2.0,0.44720208016224205,False,nan,0.0,0.0,-0.5,-0.75,0.5,hm,27
1,13,2.0,6.0,early,2.0,True,False,1,False,2,1,0.7,0.3,False,False,1.0,left,0.0,1.0,2.0,0.6178452337626368,False,nan,0.0,0.0,-0.75,-1.5,0.75,hm,27
1,14,2.0,7.0,late,2.0,True,False,1,True,1,2,0.7,0.3,False,False,1.0,left,1.0,0.0,1.0,0.4741357038728893,True,1.0,nan,1.0,0.25,-1.25,0.25,hm,27
1,15,2.0,8.0,late,2.0,True,False,1,True,1,2,0.7,0.3,False,False,1.0,left,1.0,0.0,1.0,0.6429595490917563,True,1.0,nan,1.0,0.5,-0.75,0.5,hm,27
1,16,2.0,9.0,late,2.0,True,False,1,False,2,1,0.7,0.3,False,False,4.0,right,1.0,0.0,1.0,0.6883610300719738,True,1.0,nan,1.0,0.5,-0.25,0.5,hm,27
1,17,2.0,10.0,late,2.0,True,False,1,False,2,1,0.7,0.3,True,False,4.0,right,1.0,0.0,1.0,0.5439641275443137,True,1.0,nan,1.0,0.25,0.0,0.25,hm,27
1,18,2.0,11.0,late,3.0,True,False,1,True,1,2,0.7,0.3,True,False,1.0,left,1.0,0.0,1.0,0.615623882971704,True,0.0,nan,0.0,-0.5,-0.5,0.5,hm,27
1,19,2.0,12.0,late,3.0,True,False,1,False,2,1,0.7,0.3,True,False,1.0,left,0.0,1.0,2.0,0.7987485362682492,False,nan,0.0,0.0,-0.25,-0.75,0.25,hm,27
1,20,2.0,13.0,late,3.0,True,False,1,True,1,2,0.7,0.3,True,True,4.0,right,0.0,1.0,2.0,0.3585371868684888,False,nan,1.0,1.0,0.75,0.0,0.75,hm,27
1,21,3.0,1.0,early,1.0,False,True,2,True,1,2,0.3,0.7,False,False,4.0,right,0.0,1.0,2.0,0.5407964666374028,True,nan,1.0,1.0,0.5,0.5,0.5,hm,27
1,22,3.0,2.0,early,1.0,False,True,2,True,1,2,0.3,0.7,False,False,1.0,left,1.0,0.0,1.0,0.4964034641161561,False,0.0,nan,0.0,-0.5,0.0,0.5,hm,27
1,23,3.0,3.0,early,1.0,False,True,2,False,2,1,0.3,0.7,False,False,1.0,left,0.0,1.0,2.0,0.5357238685246557,True,nan,0.0,0.0,-0.75,-0.75,0.75,hm,27
1,24,3.0,4.0,early,1.0,False,True,2,False,2,1,0.3,0.7,False,False,4.0,right,1.0,0.0,1.0,0.5434814421460032,False,0.0,nan,0.0,-0.25,-1.0,0.25,hm,27
1,25,3.0,5.0,early,1.0,False,True,2,False,2,1,0.3,0.7,False,False,1.0,left,0.0,1.0,2.0,0.787567590130493,True,nan,1.0,1.0,0.5,-0.5,0.5,hm,27
1,26,3.0,6.0,early,2.0,False,True,2,False,2,1,0.3,0.7,False,False,1.0,left,0.0,1.0,2.0,0.5142801343463361,True,nan,0.0,0.0,-0.75,-1.25,0.75,hm,27
1,27,3.0,7.0,early,2.0,False,True,2,False,2,1,0.3,0.7,False,False,1.0,left,0.0,1.0,2.0,0.4532051526475698,True,nan,0.0,0.0,-0.25,-1.5,0.25,hm,27
1,28,3.0,8.0,early,2.0,False,True,2,True,1,2,0.3,0.7,False,False,1.0,left,1.0,0.0,1.0,0.5587133115623146,False,0.0,nan,0.0,-0.5,-2.0,0.5,hm,27
1,29,3.0,9.0,early,2.0,False,True,2,False,2,1,0.3,0.7,False,False,1.0,left,0.0,1.0,2.0,0.4923226300161332,True,nan,1.0,1.0,0.5,-1.5,0.5,hm,27
1,30,3.0,10.0,early,2.0,False,True,2,True,1,2,0.3,0.7,False,False,1.0,left,1.0,0.0,1.0,0.47380873281508684,False,0.0,nan,0.0,-0.25,-1.75,0.25,hm,27
1,31,3.0,11.0,early,3.0,False,True,2,True,1,2,0.3,0.7,False,False,4.0,right,0.0,1.0,2.0,0.7615163484588265,True,nan,1.0,1.0,0.75,-1.0,0.75,hm,27
1,32,3.0,12.0,early,3.0,False,True,2,True,1,2,0.3,0.7,False,False,4.0,right,0.0,1.0,2.0,0.3977766549214721,True,nan,1.0,1.0,0.25,-0.75,0.25,hm,27
1,33,3.0,13.0,early,3.0,False,True,2,True,1,2,0.3,0.7,False,False,1.0,left,1.0,0.0,1.0,0.5152384673710912,False,1.0,nan,1.0,0.5,-0.25,0.5,hm,27
1,34,3.0,14.0,early,3.0,False,True,2,True,1,2,0.3,0.7,False,False,1.0,left,1.0,0.0,1.0,0.45784491719678044,False,1.0,nan,1.0,0.5,0.25,0.5,hm,27
1,35,3.0,15.0,early,3.0,False,True,2,True,1,2,0.3,0.7,False,False,1.0,left,1.0,0.0,1.0,0.4229757187422365,False,0.0,nan,0.0,-0.25,0.0,0.25,hm,27
1,36,3.0,16.0,early,4.0,False,True,2,True,1,2,0.3,0.7,False,False,4.0,right,0.0,1.0,2.0,0.3838303831871599,True,nan,1.0,1.0,0.5,0.5,0.5,hm,27
1,37,3.0,17.0,early,4.0,False,True,2,True,1,2,0.3,0.7,False,False,4.0,right,0.0,1.0,2.0,0.39209146285429597,True,nan,1.0,1.0,0.75,1.25,0.75,hm,27
1,38,3.0,18.0,early,4.0,False,True,2,True,1,2,0.3,0.7,False,False,1.0,left,1.0,0.0,1.0,0.502923239255324,False,0.0,nan,0.0,-0.5,0.75,0.5,hm,27
1,39,3.0,19.0,early,4.0,False,True,2,True,1,2,0.3,0.7,False,False,1.0,left,1.0,0.0,1.0,0.45325207244604826,False,0.0,nan,0.0,-0.25,0.5,0.25,hm,27
1,40,3.0,20.0,early,4.0,False,True,2,True,1,2,0.3,0.7,False,False,1.0,left,1.0,0.0,1.0,0.49011418176814914,False,0.0,nan,0.0,-0.75,-0.25,0.75,hm,27
1,41,3.0,21.0,early,5.0,False,True,2,False,2,1,0.3,0.7,False,False,1.0,left,0.0,1.0,2.0,0.4312280009035021,True,nan,1.0,1.0,0.75,0.5,0.75,hm,27
1,42,3.0,22.0,early,5.0,False,True,2,False,2,1,0.3,0.7,False,False,1.0,left,0.0,1.0,2.0,0.5581793074961752,True,nan,0.0,0.0,-0.5,0.0,0.5,hm,27
1,43,3.0,23.0,early,5.0,False,True,2,False,2,1,0.3,0.7,False,False,4.0,right,1.0,0.0,1.0,0.5281926824245602,False,1.0,nan,1.0,0.75,0.75,0.75,hm,27
1,44,3.0,24.0,early,5.0,False,True,2,True,1,2,0.3,0.7,False,False,1.0,left,1.0,0.0,1.0,0.5271246745251119,False,1.0,nan,1.0,0.25,1.0,0.25,hm,27
1,45,3.0,25.0,early,5.0,False,True,2,False,2,1,0.3,0.7,False,False,4.0,right,1.0,0.0,1.0,0.5697696276474744,False,0.0,nan,0.0,-0.75,0.25,0.75,hm,27
1,46,3.0,26.0,late,6.0,False,True,2,False,2,1,0.3,0.7,False,False,1.0,left,0.0,1.0,2.0,0.4955618432722986,True,nan,1.0,1.0,0.5,0.75,0.5,hm,27
1,47,3.0,27.0,late,6.0,False,True,2,True,1,2,0.3,0.7,False,False,4.0,right,0.0,1.0,2.0,0.46060994919389486,True,nan,1.0,1.0,0.25,1.0,0.25,hm,27
1,48,3.0,28.0,late,6.0,False,True,2,True,1,2,0.3,0.7,False,False,4.0,right,0.0,1.0,2.0,0.5454379904549569,True,nan,1.0,1.0,0.25,1.25,0.25,hm,27
1,49,3.0,29.0,late,6.0,False,True,2,True,1,2,0.3,0.7,False,False,1.0,left,1.0,0.0,1.0,0.5834566683042794,False,0.0,nan,0.0,-0.5,0.75,0.5,hm,27
1,50,3.0,30.0,late,6.0,False,True,2,False,2,1,0.3,0.7,False,False,4.0,right,1.0,0.0,1.0,0.5371871744282544,False,0.0,nan,0.0,-0.75,0.0,0.75,hm,27
1,51,3.0,31.0,late,7.0,False,True,2,False,2,1,0.3,0.7,False,False,1.0,left,0.0,1.0,2.0,0.6659616015385836,True,nan,1.0,1.0,0.5,0.5,0.5,hm,27
1,52,3.0,32.0,late,7.0,False,True,2,False,2,1,0.3,0.7,False,False,1.0,left,0.0,1.0,2.0,0.9849522900767624,True,nan,0.0,0.0,-0.5,0.0,0.5,hm,27
1,53,3.0,33.0,late,7.0,False,True,2,False,2,1,0.3,0.7,False,False,4.0,right,1.0,0.0,1.0,0.45560245239175856,False,1.0,nan,1.0,0.5,0.5,0.5,hm,27
1,54,3.0,34.0,late,7.0,False,True,2,True,1,2,0.3,0.7,False,False,1.0,left,1.0,0.0,1.0,1.2684295151848346,False,0.0,nan,0.0,-0.75,-0.25,0.75,hm,27
1,55,3.0,35.0,late,7.0,False,True,2,False,2,1,0.3,0.7,False,False,1.0,left,0.0,1.0,2.0,0.7135184528306127,True,nan,1.0,1.0,0.75,0.5,0.75,hm,27
1,56,3.0,36.0,late,8.0,False,True,2,False,2,1,0.3,0.7,False,False,1.0,left,0.0,1.0,2.0,0.692753586685285,True,nan,0.0,0.0,-0.5,0.0,0.5,hm,27
1,57,3.0,37.0,late,8.0,False,True,2,True,1,2,0.3,0.7,False,False,1.0,left,1.0,0.0,1.0,0.5301163869444281,False,0.0,nan,0.0,-0.25,-0.25,0.25,hm,27
1,58,3.0,38.0,late,8.0,False,True,2,False,2,1,0.3,0.7,False,False,1.0,left,0.0,1.0,2.0,0.46838101209141314,True,nan,1.0,1.0,0.25,0.0,0.25,hm,27
1,59,3.0,39.0,late,8.0,False,True,2,True,1,2,0.3,0.7,False,False,4.0,right,0.0,1.0,2.0,0.4329308900050819,True,nan,1.0,1.0,0.5,0.5,0.5,hm,27
1,60,3.0,40.0,late,8.0,False,True,2,True,1,2,0.3,0.7,False,False,1.0,left,1.0,0.0,1.0,0.6286508233752102,False,0.0,nan,0.0,-0.25,0.25,0.25,hm,27
1,61,3.0,41.0,late,9.0,False,True,2,False,2,1,0.3,0.7,False,False,4.0,right,1.0,0.0,1.0,0.3990681176073849,False,0.0,nan,0.0,-0.75,-0.5,0.75,hm,27
1,62,3.0,42.0,late,9.0,False,True,2,False,2,1,0.3,0.7,False,False,4.0,right,1.0,0.0,1.0,0.48509876732714474,False,0.0,nan,0.0,-0.5,-1.0,0.5,hm,27
1,63,3.0,43.0,late,9.0,False,True,2,True,1,2,0.3,0.7,False,False,1.0,left,1.0,0.0,1.0,0.6086988397873938,False,0.0,nan,0.0,-0.25,-1.25,0.25,hm,27
1,64,3.0,44.0,late,9.0,False,True,2,False,2,1,0.3,0.7,False,False,1.0,left,0.0,1.0,2.0,0.7045433151070029,True,nan,1.0,1.0,0.5,-0.75,0.5,hm,27
1,65,3.0,45.0,late,9.0,False,True,2,False,2,1,0.3,0.7,False,False,4.0,right,1.0,0.0,1.0,0.40453542675822973,False,0.0,nan,0.0,-0.25,-1.0,0.25,hm,27
1,66,3.0,46.0,late,10.0,False,True,2,True,1,2,0.3,0.7,False,False,4.0,right,0.0,1.0,2.0,0.45645726937800646,True,nan,1.0,1.0,0.25,-0.75,0.25,hm,27
1,67,3.0,47.0,late,10.0,False,True,2,False,2,1,0.3,0.7,False,False,1.0,left,0.0,1.0,2.0,0.5648776702582836,True,nan,0.0,0.0,-0.5,-1.25,0.5,hm,27
1,68,3.0,48.0,late,10.0,False,True,2,True,1,2,0.3,0.7,False,False,1.0,left,1.0,0.0,1.0,0.6580213350243866,False,0.0,nan,0.0,-0.75,-2.0,0.75,hm,27
1,69,3.0,49.0,late,10.0,False,True,2,True,1,2,0.3,0.7,False,False,4.0,right,0.0,1.0,2.0,0.6149491199757904,True,nan,1.0,1.0,0.5,-1.5,0.5,hm,27
1,70,3.0,50.0,late,10.0,False,True,2,True,1,2,0.3,0.7,False,False,4.0,right,0.0,1.0,2.0,0.4814328784123063,True,nan,1.0,1.0,0.75,-0.75,0.75,hm,27
