sessNo,trialNo,block,blockTrialNo,trialClass,blockBin,stim1_High,stim2_High,stimHigh,stim1_left,leftStim,rightStim,stim1_pWin,stim2_pWin,reverseStatus,reverseTrial,responseKey,response_LR,selected_stim1,selected_stim2,response_stimID,RT,highChosen,stim1_isWin,stim2_isWin,isWin,payOut,accum_payOut,abs_outMag,instructCond,subID
1,1,1.0,1.0,early,1.0,True,False,1,False,2,1,0.7,0.3,False,False,1.0,left,0.0,1.0,2,2.2257842689286917,False,nan,0.0,0,-0.5,-0.5,0.5,rl,26
1,2,1.0,2.0,early,1.0,True,False,1,True,1,2,0.7,0.3,False,False,1.0,left,1.0,0.0,1,1.16092052788008,True,0.0,nan,0,-0.5,-1.0,0.5,rl,26
1,3,1.0,3.0,early,1.0,True,False,1,True,1,2,0.7,0.3,False,False,4.0,right,0.0,1.0,2,1.1663195103174075,False,nan,1.0,1,0.75,-0.25,0.75,rl,26
1,4,1.0,4.0,early,1.0,True,False,1,True,1,2,0.7,0.3,False,False,4.0,right,0.0,1.0,2,0.8620243412442505,False,nan,0.0,0,-0.25,-0.5,0.25,rl,26
1,5,1.0,5.0,late,1.0,True,False,1,True,1,2,0.7,0.3,False,False,4.0,right,0.0,1.0,2,1.2535721230087802,False,nan,0.0,0,-0.75,-1.25,0.75,rl,26
1,6,1.0,6.0,late,2.0,True,False,1,True,1,2,0.7,0.3,False,False,1.0,left,1.0,0.0,1,0.4979934529401362,True,1.0,nan,1,0.5,-0.75,0.5,rl,26
1,7,1.0,7.0,late,2.0,True,False,1,True,1,2,0.7,0.3,False,False,1.0,left,1.0,0.0,1,0.5928989495150745,True,1.0,nan,1,0.5,-0.25,0.5,rl,26
1,8,1.0,8.0,late,2.0,True,False,1,True,1,2,0.7,0.3,False,False,1.0,left,1.0,0.0,1,0.40733124990947545,True,1.0,nan,1,0.75,0.5,0.75,rl,26
1,9,1.0,9.0,late,2.0,True,False,1,False,2,1,0.7,0.3,True,True,4.0,right,1.0,0.0,1,0.5098213036544621,True,0.0,nan,0,-0.25,0.25,0.25,rl,26
1,10,2.0,1.0,early,1.0,False,True,2,False,2,1,0.3,0.7,False,False,4.0,right,1.0,0.0,1,0.65961073723156,False,0.0,nan,0,-0.25,0.0,0.25,rl,26
1,11,2.0,2.0,early,1.0,False,True,2,True,1,2,0.3,0.7,False,False,4.0,right,0.0,1.0,2,0.5835584254236892,True,nan,1.0,1,0.5,0.5,0.5,rl,26
1,12,2.0,3.0,early,1.0,False,True,2,True,1,2,0.3,0.7,False,False,4.0,right,0.0,1.0,2,0.522793993121013,True,nan,0.0,0,-0.5,0.0,0.5,rl,26
1,13,2.0,4.0,early,1.0,False,True,2,True,1,2,0.3,0.7,False,False,1.0,left,1.0,0.0,1,0.9333958341740072,False,0.0,nan,0,-0.75,-0.75,0.75,rl,26
1,14,2.0,5.0,early,1.0,False,True,2,True,1,2,0.3,0.7,False,False,1.0,left,1.0,0.0,1,1.4416529549052939,False,1.0,nan,1,0.25,-0.5,0.25,rl,26
1,15,2.0,6.0,early,2.0,False,True,2,True,1,2,0.3,0.7,False,False,1.0,left,1.0,0.0,1,0.7816618755459785,False,0.0,nan,0,-0.25,-0.75,0.25,rl,26
1,16,2.0,7.0,late,2.0,False,True,2,False,2,1,0.3,0.7,False,False,1.0,left,0.0,1.0,2,1.1565851545892656,True,nan,1.0,1,0.25,-0.5,0.25,rl,26
1,17,2.0,8.0,late,2.0,False,True,2,True,1,2,0.3,0.7,False,False,4.0,right,0.0,1.0,2,1.5777318878099322,True,nan,1.0,1,0.5,0.0,0.5,rl,26
1,18,2.0,9.0,late,2.0,False,True,2,True,1,2,0.3,0.7,False,False,4.0,right,0.0,1.0,2,0.9302642424590886,True,nan,1.0,1,0.75,0.75,0.75,rl,26
1,19,2.0,10.0,late,2.0,False,True,2,False,2,1,0.3,0.7,True,False,1.0,left,0.0,1.0,2,0.9516021144809201,True,nan,0.0,0,-0.5,0.25,0.5,rl,26
1,20,2.0,11.0,late,3.0,False,True,2,True,1,2,0.3,0.7,True,False,1.0,left,1.0,0.0,1,1.2820699296426028,False,1.0,nan,1,0.75,1.0,0.75,rl,26
1,21,2.0,12.0,late,3.0,False,True,2,True,1,2,0.3,0.7,True,True,4.0,right,0.0,1.0,2,1.1799250282347202,True,nan,1.0,1,0.25,1.25,0.25,rl,26
1,22,3.0,1.0,early,1.0,True,False,1,False,2,1,0.7,0.3,False,False,1.0,left,0.0,1.0,2,0.6501578992465511,False,nan,0.0,0,-0.75,0.5,0.75,rl,26
1,23,3.0,2.0,early,1.0,True,False,1,True,1,2,0.7,0.3,False,False,1.0,left,1.0,0.0,1,1.0006404528394341,True,1.0,nan,1,0.25,0.75,0.25,rl,26
1,24,3.0,3.0,early,1.0,True,False,1,True,1,2,0.7,0.3,False,False,1.0,left,1.0,0.0,1,0.667374468757771,True,0.0,nan,0,-0.5,0.25,0.5,rl,26
1,25,3.0,4.0,late,1.0,True,False,1,False,2,1,0.7,0.3,False,False,4.0,right,1.0,0.0,1,1.0155298090539873,True,1.0,nan,1,0.25,0.5,0.25,rl,26
1,26,3.0,5.0,late,1.0,True,False,1,True,1,2,0.7,0.3,True,False,1.0,left,1.0,0.0,1,1.0395133612910286,True,1.0,nan,1,0.5,1.0,0.5,rl,26
1,27,3.0,6.0,late,2.0,True,False,1,True,1,2,0.7,0.3,True,False,4.0,right,0.0,1.0,2,1.417953852796927,False,nan,1.0,1,0.25,1.25,0.25,rl,26
1,28,3.0,7.0,late,2.0,True,False,1,False,2,1,0.7,0.3,True,True,4.0,right,1.0,0.0,1,1.8472264783922583,True,0.0,nan,0,-0.75,0.5,0.75,rl,26
1,29,4.0,1.0,early,1.0,False,True,2,False,2,1,0.3,0.7,False,False,4.0,right,1.0,0.0,1,1.0916610044660047,False,1.0,nan,1,0.75,1.25,0.75,rl,26
1,30,4.0,2.0,early,1.0,False,True,2,False,2,1,0.3,0.7,False,False,1.0,left,0.0,1.0,2,0.3086410991381854,True,nan,0.0,0,-0.75,0.5,0.75,rl,26
1,31,4.0,3.0,early,1.0,False,True,2,False,2,1,0.3,0.7,False,False,1.0,left,0.0,1.0,2,1.6866423056926578,True,nan,1.0,1,0.5,1.0,0.5,rl,26
1,32,4.0,4.0,early,1.0,False,True,2,True,1,2,0.3,0.7,False,False,4.0,right,0.0,1.0,2,0.9472676209406927,True,nan,0.0,0,-0.5,0.5,0.5,rl,26
1,33,4.0,5.0,early,1.0,False,True,2,False,2,1,0.3,0.7,False,False,4.0,right,1.0,0.0,1,1.3961280166404322,False,1.0,nan,1,0.75,1.25,0.75,rl,26
1,34,4.0,6.0,early,2.0,False,True,2,False,2,1,0.3,0.7,False,False,4.0,right,1.0,0.0,1,0.6696946441661566,False,0.0,nan,0,-0.75,0.5,0.75,rl,26
1,35,4.0,7.0,early,2.0,False,True,2,True,1,2,0.3,0.7,False,False,4.0,right,0.0,1.0,2,0.69051640026737,True,nan,1.0,1,0.5,1.0,0.5,rl,26
1,36,4.0,8.0,early,2.0,False,True,2,True,1,2,0.3,0.7,False,False,1.0,left,1.0,0.0,1,0.4846709189005196,False,0.0,nan,0,-0.25,0.75,0.25,rl,26
1,37,4.0,9.0,early,2.0,False,True,2,False,2,1,0.3,0.7,False,False,4.0,right,1.0,0.0,1,0.3328058785991743,False,1.0,nan,1,0.25,1.0,0.25,rl,26
1,38,4.0,10.0,early,2.0,False,True,2,False,2,1,0.3,0.7,False,False,1.0,left,0.0,1.0,2,0.39159030246082693,True,nan,0.0,0,-0.25,0.75,0.25,rl,26
1,39,4.0,11.0,early,3.0,False,True,2,True,1,2,0.3,0.7,False,False,4.0,right,0.0,1.0,2,0.4158832310931757,True,nan,1.0,1,0.5,1.25,0.5,rl,26
1,40,4.0,12.0,early,3.0,False,True,2,True,1,2,0.3,0.7,False,False,1.0,left,1.0,0.0,1,0.7008231754880399,False,0.0,nan,0,-0.75,0.5,0.75,rl,26
1,41,4.0,13.0,early,3.0,False,True,2,True,1,2,0.3,0.7,False,False,1.0,left,1.0,0.0,1,1.3368301161099225,False,0.0,nan,0,-0.75,-0.25,0.75,rl,26
1,42,4.0,14.0,early,3.0,False,True,2,False,2,1,0.3,0.7,False,False,4.0,right,1.0,0.0,1,0.5180709466803819,False,0.0,nan,0,-0.5,-0.75,0.5,rl,26
1,43,4.0,15.0,early,3.0,False,True,2,False,2,1,0.3,0.7,False,False,4.0,right,1.0,0.0,1,0.6785821006633341,False,0.0,nan,0,-0.25,-1.0,0.25,rl,26
1,44,4.0,16.0,early,4.0,False,True,2,False,2,1,0.3,0.7,False,False,4.0,right,1.0,0.0,1,1.1085769952042028,False,0.0,nan,0,-0.5,-1.5,0.5,rl,26
1,45,4.0,17.0,early,4.0,False,True,2,True,1,2,0.3,0.7,False,False,4.0,right,0.0,1.0,2,1.894125575083308,True,nan,0.0,0,-0.75,-2.25,0.75,rl,26
1,46,4.0,18.0,early,4.0,False,True,2,True,1,2,0.3,0.7,False,False,1.0,left,1.0,0.0,1,0.9217210586648434,False,0.0,nan,0,-0.25,-2.5,0.25,rl,26
1,47,4.0,19.0,late,4.0,False,True,2,True,1,2,0.3,0.7,False,False,1.0,left,1.0,0.0,1,0.7562088592676446,False,1.0,nan,1,0.75,-1.75,0.75,rl,26
1,48,4.0,20.0,late,4.0,False,True,2,False,2,1,0.3,0.7,False,False,4.0,right,1.0,0.0,1,0.8900919536827132,False,0.0,nan,0,-0.5,-2.25,0.5,rl,26
1,49,4.0,21.0,late,5.0,False,True,2,False,2,1,0.3,0.7,False,False,1.0,left,0.0,1.0,2,0.711667180294171,True,nan,1.0,1,0.5,-1.75,0.5,rl,26
1,50,4.0,22.0,late,5.0,False,True,2,False,2,1,0.3,0.7,False,False,1.0,left,0.0,1.0,2,0.7558645864482969,True,nan,0.0,0,-0.25,-2.0,0.25,rl,26
1,51,4.0,23.0,late,5.0,False,True,2,False,2,1,0.3,0.7,False,False,4.0,right,1.0,0.0,1,0.6736514347139746,False,0.0,nan,0,-0.5,-2.5,0.5,rl,26
1,52,4.0,24.0,late,5.0,False,True,2,False,2,1,0.3,0.7,False,False,1.0,left,0.0,1.0,2,1.3218070389702916,True,nan,1.0,1,0.75,-1.75,0.75,rl,26
1,53,4.0,25.0,late,5.0,False,True,2,False,2,1,0.3,0.7,False,False,4.0,right,1.0,0.0,1,1.4144099549157545,False,0.0,nan,0,-0.5,-2.25,0.5,rl,26
1,54,4.0,26.0,late,6.0,False,True,2,True,1,2,0.3,0.7,False,False,4.0,right,0.0,1.0,2,1.2491385116009042,True,nan,1.0,1,0.5,-1.75,0.5,rl,26
1,55,4.0,27.0,late,6.0,False,True,2,False,2,1,0.3,0.7,False,False,1.0,left,0.0,1.0,2,0.6964757790556177,True,nan,1.0,1,0.25,-1.5,0.25,rl,26
1,56,4.0,28.0,late,6.0,False,True,2,False,2,1,0.3,0.7,False,False,1.0,left,0.0,1.0,2,1.4682270570192486,True,nan,0.0,0,-0.75,-2.25,0.75,rl,26
1,57,4.0,29.0,late,6.0,False,True,2,True,1,2,0.3,0.7,False,False,1.0,left,1.0,0.0,1,0.48085752653423697,False,0.0,nan,0,-0.25,-2.5,0.25,rl,26
1,58,4.0,30.0,late,6.0,False,True,2,True,1,2,0.3,0.7,False,False,1.0,left,1.0,0.0,1,1.2842704599024728,False,0.0,nan,0,-0.5,-3.0,0.5,rl,26
1,59,4.0,31.0,late,7.0,False,True,2,True,1,2,0.3,0.7,False,False,4.0,right,0.0,1.0,2,0.3817852741340175,True,nan,0.0,0,-0.25,-3.25,0.25,rl,26
1,60,4.0,32.0,late,7.0,False,True,2,False,2,1,0.3,0.7,False,False,1.0,left,0.0,1.0,2,1.0750517508713529,True,nan,1.0,1,0.75,-2.5,0.75,rl,26
1,61,4.0,33.0,late,7.0,False,True,2,False,2,1,0.3,0.7,False,False,1.0,left,0.0,1.0,2,0.7299453063169494,True,nan,1.0,1,0.75,-1.75,0.75,rl,26
1,62,4.0,34.0,late,7.0,False,True,2,False,2,1,0.3,0.7,True,False,1.0,left,0.0,1.0,2,0.6730927978642285,True,nan,1.0,1,0.25,-1.5,0.25,rl,26
1,63,4.0,35.0,late,7.0,False,True,2,True,1,2,0.3,0.7,True,False,4.0,right,0.0,1.0,2,1.427651259349659,True,nan,1.0,1,0.5,-1.0,0.5,rl,26
1,64,4.0,36.0,late,8.0,False,True,2,False,2,1,0.3,0.7,True,False,1.0,left,0.0,1.0,2,0.4842580263502896,True,nan,0.0,0,-0.25,-1.25,0.25,rl,26
1,65,4.0,37.0,late,8.0,False,True,2,False,2,1,0.3,0.7,True,True,4.0,right,1.0,0.0,1,0.7797575251897797,False,0.0,nan,0,-0.5,-1.75,0.5,rl,26
1,66,5.0,1.0,early,1.0,True,False,1,False,2,1,0.7,0.3,False,False,1.0,left,0.0,1.0,2,0.9212102213641629,False,nan,0.0,0,-0.5,-2.25,0.5,rl,26
1,67,5.0,2.0,early,1.0,True,False,1,True,1,2,0.7,0.3,False,False,1.0,left,1.0,0.0,1,0.9547061409102753,True,1.0,nan,1,0.25,-2.0,0.25,rl,26
1,68,5.0,3.0,late,1.0,True,False,1,True,1,2,0.7,0.3,False,False,1.0,left,1.0,0.0,1,0.8012264788849279,True,1.0,nan,1,0.25,-1.75,0.25,rl,26
1,69,5.0,4.0,late,1.0,True,False,1,True,1,2,0.7,0.3,False,False,4.0,right,0.0,1.0,2,1.6001143079483882,False,nan,0.0,0,-0.75,-2.5,0.75,rl,26
1,70,5.0,5.0,late,1.0,True,False,1,True,1,2,0.7,0.3,False,False,4.0,right,0.0,1.0,2,1.2386100413277745,False,nan,0.0,0,-0.5,-3.0,0.5,rl,26
