sessNo,trialNo,block,blockTrialNo,trialClass,blockBin,stim1_High,stim2_High,stimHigh,stim1_left,leftStim,rightStim,stim1_pWin,stim2_pWin,reverseStatus,reverseTrial,responseKey,response_LR,selected_stim1,selected_stim2,response_stimID,RT,highChosen,stim1_isWin,stim2_isWin,isWin,payOut,accum_payOut,abs_outMag,instructCond,subID
1,1,1.0,1.0,early,1.0,True,False,1,True,1,2,0.65,0.35,False,False,4.0,right,0.0,1.0,2.0,1.342577886998697,False,nan,0.0,0.0,-0.5,-0.5,0.5,rl,20
1,2,1.0,2.0,early,1.0,True,False,1,False,2,1,0.65,0.35,False,False,1.0,left,0.0,1.0,2.0,2.0619637509989843,False,nan,0.0,0.0,-0.25,-0.75,0.25,rl,20
1,3,1.0,3.0,early,1.0,True,False,1,True,1,2,0.65,0.35,False,False,1.0,left,1.0,0.0,1.0,0.5212773690000176,True,1.0,nan,1.0,0.75,0.0,0.75,rl,20
1,4,1.0,4.0,early,1.0,True,False,1,False,2,1,0.65,0.35,False,False,1.0,left,0.0,1.0,2.0,1.6709490979992552,False,nan,0.0,0.0,-0.25,-0.25,0.25,rl,20
1,5,1.0,5.0,late,1.0,True,False,1,False,2,1,0.65,0.35,False,False,4.0,right,1.0,0.0,1.0,0.5216540950004855,True,0.0,nan,0.0,-0.25,-0.5,0.25,rl,20
1,6,1.0,6.0,late,2.0,True,False,1,True,1,2,0.65,0.35,False,False,1.0,left,1.0,0.0,1.0,0.37521319199913705,True,1.0,nan,1.0,0.5,0.0,0.5,rl,20
1,7,1.0,7.0,late,2.0,True,False,1,True,1,2,0.65,0.35,False,False,1.0,left,1.0,0.0,1.0,0.43473017500036804,True,1.0,nan,1.0,0.75,0.75,0.75,rl,20
1,8,1.0,8.0,late,2.0,True,False,1,True,1,2,0.65,0.35,True,False,1.0,left,1.0,0.0,1.0,0.5669896439994773,True,1.0,nan,1.0,0.25,1.0,0.25,rl,20
1,9,1.0,9.0,late,2.0,True,False,1,False,2,1,0.65,0.35,True,True,1.0,left,0.0,1.0,2.0,2.4163111730013043,False,nan,0.0,0.0,-0.25,0.75,0.25,rl,20
1,10,2.0,1.0,early,1.0,False,True,2,False,2,1,0.35,0.65,False,False,4.0,right,1.0,0.0,1.0,1.093807260000176,False,0.0,nan,0.0,-0.75,0.0,0.75,rl,20
1,11,2.0,2.0,early,1.0,False,True,2,False,2,1,0.35,0.65,False,False,1.0,left,0.0,1.0,2.0,1.2793935949994193,True,nan,1.0,1.0,0.75,0.75,0.75,rl,20
1,12,2.0,3.0,early,1.0,False,True,2,True,1,2,0.35,0.65,False,False,1.0,left,1.0,0.0,1.0,1.1958295029999135,False,0.0,nan,0.0,-0.75,0.0,0.75,rl,20
1,13,2.0,4.0,early,1.0,False,True,2,True,1,2,0.35,0.65,False,False,1.0,left,1.0,0.0,1.0,0.40337957399970037,False,1.0,nan,1.0,0.25,0.25,0.25,rl,20
1,14,2.0,5.0,early,1.0,False,True,2,False,2,1,0.35,0.65,False,False,nan,nan,nan,nan,nan,nan,False,nan,nan,nan,nan,nan,nan,rl,20
1,15,2.0,6.0,early,2.0,False,True,2,True,1,2,0.35,0.65,False,False,1.0,left,1.0,0.0,1.0,0.8579646010002762,False,1.0,nan,1.0,0.75,1.0,0.75,rl,20
1,16,2.0,7.0,early,2.0,False,True,2,False,2,1,0.35,0.65,False,False,4.0,right,1.0,0.0,1.0,1.2409884890003013,False,1.0,nan,1.0,0.5,1.5,0.5,rl,20
1,17,2.0,8.0,early,2.0,False,True,2,True,1,2,0.35,0.65,False,False,1.0,left,1.0,0.0,1.0,0.810490124998978,False,0.0,nan,0.0,-0.5,1.0,0.5,rl,20
1,18,2.0,9.0,early,2.0,False,True,2,False,2,1,0.35,0.65,False,False,1.0,left,0.0,1.0,2.0,1.252257546000692,True,nan,1.0,1.0,0.25,1.25,0.25,rl,20
1,19,2.0,10.0,early,2.0,False,True,2,True,1,2,0.35,0.65,False,False,1.0,left,1.0,0.0,1.0,1.1435045130001527,False,0.0,nan,0.0,-0.5,0.75,0.5,rl,20
1,20,2.0,11.0,early,3.0,False,True,2,False,2,1,0.35,0.65,False,False,4.0,right,1.0,0.0,1.0,1.208337477999521,False,1.0,nan,1.0,0.5,1.25,0.5,rl,20
1,21,2.0,12.0,early,3.0,False,True,2,True,1,2,0.35,0.65,False,False,1.0,left,1.0,0.0,1.0,0.4143113199988875,False,1.0,nan,1.0,0.25,1.5,0.25,rl,20
1,22,2.0,13.0,early,3.0,False,True,2,False,2,1,0.35,0.65,False,False,1.0,left,0.0,1.0,2.0,1.445765307998954,True,nan,1.0,1.0,0.5,2.0,0.5,rl,20
1,23,2.0,14.0,early,3.0,False,True,2,False,2,1,0.35,0.65,False,False,1.0,left,0.0,1.0,2.0,1.6561219960003655,True,nan,0.0,0.0,-0.25,1.75,0.25,rl,20
1,24,2.0,15.0,early,3.0,False,True,2,False,2,1,0.35,0.65,False,False,4.0,right,1.0,0.0,1.0,0.568899711000995,False,1.0,nan,1.0,0.25,2.0,0.25,rl,20
1,25,2.0,16.0,early,4.0,False,True,2,False,2,1,0.35,0.65,False,False,1.0,left,0.0,1.0,2.0,0.6661076719992707,True,nan,0.0,0.0,-0.75,1.25,0.75,rl,20
1,26,2.0,17.0,early,4.0,False,True,2,False,2,1,0.35,0.65,False,False,4.0,right,1.0,0.0,1.0,0.6001615370005311,False,0.0,nan,0.0,-0.5,0.75,0.5,rl,20
1,27,2.0,18.0,early,4.0,False,True,2,False,2,1,0.35,0.65,False,False,4.0,right,1.0,0.0,1.0,0.4051147879999917,False,1.0,nan,1.0,0.75,1.5,0.75,rl,20
1,28,2.0,19.0,early,4.0,False,True,2,True,1,2,0.35,0.65,False,False,1.0,left,1.0,0.0,1.0,0.9746430559989676,False,1.0,nan,1.0,0.5,2.0,0.5,rl,20
1,29,2.0,20.0,early,4.0,False,True,2,True,1,2,0.35,0.65,False,False,4.0,right,0.0,1.0,2.0,0.4394759030001296,True,nan,0.0,0.0,-0.25,1.75,0.25,rl,20
1,30,2.0,21.0,early,5.0,False,True,2,False,2,1,0.35,0.65,False,False,4.0,right,1.0,0.0,1.0,0.7563986020013544,False,0.0,nan,0.0,-0.5,1.25,0.5,rl,20
1,31,2.0,22.0,early,5.0,False,True,2,True,1,2,0.35,0.65,False,False,1.0,left,1.0,0.0,1.0,0.3774354769993806,False,0.0,nan,0.0,-0.5,0.75,0.5,rl,20
1,32,2.0,23.0,early,5.0,False,True,2,True,1,2,0.35,0.65,False,False,4.0,right,0.0,1.0,2.0,0.47481204100040486,True,nan,0.0,0.0,-0.25,0.5,0.25,rl,20
1,33,2.0,24.0,early,5.0,False,True,2,False,2,1,0.35,0.65,False,False,1.0,left,0.0,1.0,2.0,1.5419533559997944,True,nan,0.0,0.0,-0.5,0.0,0.5,rl,20
1,34,2.0,25.0,early,5.0,False,True,2,False,2,1,0.35,0.65,False,False,4.0,right,1.0,0.0,1.0,0.43381424600011087,False,0.0,nan,0.0,-0.5,-0.5,0.5,rl,20
1,35,2.0,26.0,early,6.0,False,True,2,False,2,1,0.35,0.65,False,False,4.0,right,1.0,0.0,1.0,0.39395019599942316,False,0.0,nan,0.0,-0.25,-0.75,0.25,rl,20
1,36,2.0,27.0,early,6.0,False,True,2,False,2,1,0.35,0.65,False,False,4.0,right,1.0,0.0,1.0,0.38186144500105,False,0.0,nan,0.0,-0.75,-1.5,0.75,rl,20
1,37,2.0,28.0,early,6.0,False,True,2,False,2,1,0.35,0.65,False,False,1.0,left,0.0,1.0,2.0,0.44372289099919726,True,nan,1.0,1.0,0.5,-1.0,0.5,rl,20
1,38,2.0,29.0,early,6.0,False,True,2,False,2,1,0.35,0.65,False,False,1.0,left,0.0,1.0,2.0,0.5360709810011031,True,nan,0.0,0.0,-0.75,-1.75,0.75,rl,20
1,39,2.0,30.0,early,6.0,False,True,2,True,1,2,0.35,0.65,False,False,1.0,left,1.0,0.0,1.0,1.566605850999622,False,0.0,nan,0.0,-0.25,-2.0,0.25,rl,20
1,40,2.0,31.0,late,7.0,False,True,2,True,1,2,0.35,0.65,False,False,4.0,right,0.0,1.0,2.0,0.4163334570002917,True,nan,1.0,1.0,0.5,-1.5,0.5,rl,20
1,41,2.0,32.0,late,7.0,False,True,2,False,2,1,0.35,0.65,False,False,4.0,right,1.0,0.0,1.0,0.6878720379991137,False,0.0,nan,0.0,-0.75,-2.25,0.75,rl,20
1,42,2.0,33.0,late,7.0,False,True,2,True,1,2,0.35,0.65,False,False,4.0,right,0.0,1.0,2.0,0.5037154109995754,True,nan,1.0,1.0,0.75,-1.5,0.75,rl,20
1,43,2.0,34.0,late,7.0,False,True,2,True,1,2,0.35,0.65,False,False,4.0,right,0.0,1.0,2.0,0.5777395519999118,True,nan,0.0,0.0,-0.75,-2.25,0.75,rl,20
1,44,2.0,35.0,late,7.0,False,True,2,False,2,1,0.35,0.65,False,False,4.0,right,1.0,0.0,1.0,1.02935305200117,False,0.0,nan,0.0,-0.25,-2.5,0.25,rl,20
1,45,2.0,36.0,late,8.0,False,True,2,False,2,1,0.35,0.65,False,False,1.0,left,0.0,1.0,2.0,0.6663171680011146,True,nan,0.0,0.0,-0.5,-3.0,0.5,rl,20
1,46,2.0,37.0,late,8.0,False,True,2,False,2,1,0.35,0.65,False,False,1.0,left,0.0,1.0,2.0,0.4126376239983074,True,nan,0.0,0.0,-0.5,-3.5,0.5,rl,20
1,47,2.0,38.0,late,8.0,False,True,2,False,2,1,0.35,0.65,False,False,4.0,right,1.0,0.0,1.0,0.48288121999939904,False,1.0,nan,1.0,0.75,-2.75,0.75,rl,20
1,48,2.0,39.0,late,8.0,False,True,2,True,1,2,0.35,0.65,False,False,1.0,left,1.0,0.0,1.0,1.2152152519993251,False,1.0,nan,1.0,0.25,-2.5,0.25,rl,20
1,49,2.0,40.0,late,8.0,False,True,2,False,2,1,0.35,0.65,False,False,4.0,right,1.0,0.0,1.0,1.554939106999882,False,0.0,nan,0.0,-0.5,-3.0,0.5,rl,20
1,50,2.0,41.0,late,9.0,False,True,2,False,2,1,0.35,0.65,False,False,4.0,right,1.0,0.0,1.0,1.7497686260012415,False,0.0,nan,0.0,-0.75,-3.75,0.75,rl,20
1,51,2.0,42.0,late,9.0,False,True,2,False,2,1,0.35,0.65,False,False,1.0,left,0.0,1.0,2.0,0.4164942030001839,True,nan,1.0,1.0,0.25,-3.5,0.25,rl,20
1,52,2.0,43.0,late,9.0,False,True,2,True,1,2,0.35,0.65,False,False,1.0,left,1.0,0.0,1.0,0.5504018100000394,False,0.0,nan,0.0,-0.75,-4.25,0.75,rl,20
1,53,2.0,44.0,late,9.0,False,True,2,True,1,2,0.35,0.65,False,False,1.0,left,1.0,0.0,1.0,0.4632502669992391,False,1.0,nan,1.0,0.25,-4.0,0.25,rl,20
1,54,2.0,45.0,late,9.0,False,True,2,True,1,2,0.35,0.65,False,False,4.0,right,0.0,1.0,2.0,0.3340683650003484,True,nan,1.0,1.0,0.5,-3.5,0.5,rl,20
1,55,2.0,46.0,late,10.0,False,True,2,False,2,1,0.35,0.65,False,False,1.0,left,0.0,1.0,2.0,0.658210211999176,True,nan,0.0,0.0,-0.25,-3.75,0.25,rl,20
1,56,2.0,47.0,late,10.0,False,True,2,False,2,1,0.35,0.65,False,False,4.0,right,1.0,0.0,1.0,0.37908202900143806,False,0.0,nan,0.0,-0.75,-4.5,0.75,rl,20
1,57,2.0,48.0,late,10.0,False,True,2,False,2,1,0.35,0.65,False,False,1.0,left,0.0,1.0,2.0,0.46461227699910523,True,nan,1.0,1.0,0.5,-4.0,0.5,rl,20
1,58,2.0,49.0,late,10.0,False,True,2,True,1,2,0.35,0.65,False,False,1.0,left,1.0,0.0,1.0,0.5546872670001903,False,0.0,nan,0.0,-0.5,-4.5,0.5,rl,20
1,59,2.0,50.0,late,10.0,False,True,2,False,2,1,0.35,0.65,False,False,4.0,right,1.0,0.0,1.0,0.9513259309987916,False,0.0,nan,0.0,-0.75,-5.25,0.75,rl,20
1,60,2.0,51.0,late,11.0,False,True,2,True,1,2,0.35,0.65,False,False,1.0,left,1.0,0.0,1.0,0.2666170359989337,False,1.0,nan,1.0,0.5,-4.75,0.5,rl,20
1,61,2.0,52.0,late,11.0,False,True,2,True,1,2,0.35,0.65,False,False,1.0,left,1.0,0.0,1.0,0.40248871900075756,False,1.0,nan,1.0,0.75,-4.0,0.75,rl,20
1,62,2.0,53.0,late,11.0,False,True,2,False,2,1,0.35,0.65,False,False,4.0,right,1.0,0.0,1.0,1.4942147359997762,False,1.0,nan,1.0,0.5,-3.5,0.5,rl,20
1,63,2.0,54.0,late,11.0,False,True,2,True,1,2,0.35,0.65,False,False,1.0,left,1.0,0.0,1.0,0.34066969599916774,False,1.0,nan,1.0,0.75,-2.75,0.75,rl,20
1,64,2.0,55.0,late,11.0,False,True,2,False,2,1,0.35,0.65,False,False,1.0,left,0.0,1.0,2.0,0.31874005700046837,True,nan,0.0,0.0,-0.5,-3.25,0.5,rl,20
1,65,2.0,56.0,late,12.0,False,True,2,False,2,1,0.35,0.65,False,False,4.0,right,1.0,0.0,1.0,0.29677992399956565,False,0.0,nan,0.0,-0.5,-3.75,0.5,rl,20
1,66,2.0,57.0,late,12.0,False,True,2,True,1,2,0.35,0.65,False,False,1.0,left,1.0,0.0,1.0,0.3262457339988032,False,1.0,nan,1.0,0.25,-3.5,0.25,rl,20
1,67,2.0,58.0,late,12.0,False,True,2,True,1,2,0.35,0.65,False,False,4.0,right,0.0,1.0,2.0,0.6645517990000371,True,nan,0.0,0.0,-0.5,-4.0,0.5,rl,20
1,68,2.0,59.0,late,12.0,False,True,2,True,1,2,0.35,0.65,False,False,4.0,right,0.0,1.0,2.0,0.39993602100003045,True,nan,1.0,1.0,0.75,-3.25,0.75,rl,20
1,69,2.0,60.0,late,12.0,False,True,2,True,1,2,0.35,0.65,False,False,1.0,left,1.0,0.0,1.0,0.33372645899908093,False,0.0,nan,0.0,-0.25,-3.5,0.25,rl,20
1,70,2.0,61.0,late,13.0,False,True,2,False,2,1,0.35,0.65,False,False,1.0,left,0.0,1.0,2.0,0.3569746800003486,True,nan,1.0,1.0,0.5,-3.0,0.5,rl,20
