sessNo,trialNo,block,blockTrialNo,trialClass,blockBin,stim1_High,stim2_High,stimHigh,stim1_left,leftStim,rightStim,stim1_pWin,stim2_pWin,reverseStatus,reverseTrial,responseKey,response_LR,selected_stim1,selected_stim2,response_stimID,RT,highChosen,stim1_isWin,stim2_isWin,isWin,payOut,accum_payOut,abs_outMag,instructCond,subID
1,1,1.0,1.0,early,1.0,False,True,2,True,1,2,0.3,0.7,False,False,1.0,left,1.0,0.0,1,1.9251482440158725,False,1.0,nan,1,0.75,0.75,0.75,hm,25
1,2,1.0,2.0,early,1.0,False,True,2,True,1,2,0.3,0.7,False,False,1.0,left,1.0,0.0,1,0.6331272486131638,False,0.0,nan,0,-0.75,0.0,0.75,hm,25
1,3,1.0,3.0,early,1.0,False,True,2,True,1,2,0.3,0.7,False,False,4.0,right,0.0,1.0,2,0.6850144879426807,True,nan,1.0,1,0.5,0.5,0.5,hm,25
1,4,1.0,4.0,early,1.0,False,True,2,False,2,1,0.3,0.7,False,False,1.0,left,0.0,1.0,2,0.6843423643149436,True,nan,1.0,1,0.25,0.75,0.25,hm,25
1,5,1.0,5.0,early,1.0,False,True,2,False,2,1,0.3,0.7,False,False,1.0,left,0.0,1.0,2,0.6031514737987891,True,nan,0.0,0,-0.5,0.25,0.5,hm,25
1,6,1.0,6.0,early,2.0,False,True,2,False,2,1,0.3,0.7,False,False,4.0,right,1.0,0.0,1,0.4317980743944645,False,0.0,nan,0,-0.5,-0.25,0.5,hm,25
1,7,1.0,7.0,early,2.0,False,True,2,True,1,2,0.3,0.7,False,False,4.0,right,0.0,1.0,2,0.7301194955362007,True,nan,1.0,1,0.5,0.25,0.5,hm,25
1,8,1.0,8.0,early,2.0,False,True,2,True,1,2,0.3,0.7,False,False,4.0,right,0.0,1.0,2,0.6153655317611992,True,nan,1.0,1,0.75,1.0,0.75,hm,25
1,9,1.0,9.0,early,2.0,False,True,2,False,2,1,0.3,0.7,False,False,1.0,left,0.0,1.0,2,0.45422770734876394,True,nan,0.0,0,-0.25,0.75,0.25,hm,25
1,10,1.0,10.0,early,2.0,False,True,2,False,2,1,0.3,0.7,False,False,4.0,right,1.0,0.0,1,0.7320707653416321,False,0.0,nan,0,-0.25,0.5,0.25,hm,25
1,11,1.0,11.0,early,3.0,False,True,2,True,1,2,0.3,0.7,False,False,4.0,right,0.0,1.0,2,1.0532916022930294,True,nan,0.0,0,-0.75,-0.25,0.75,hm,25
1,12,1.0,12.0,early,3.0,False,True,2,True,1,2,0.3,0.7,False,False,1.0,left,1.0,0.0,1,0.5698854604270309,False,1.0,nan,1,0.5,0.25,0.5,hm,25
1,13,1.0,13.0,early,3.0,False,True,2,True,1,2,0.3,0.7,False,False,1.0,left,1.0,0.0,1,0.5322670653695241,False,0.0,nan,0,-0.75,-0.5,0.75,hm,25
1,14,1.0,14.0,early,3.0,False,True,2,False,2,1,0.3,0.7,False,False,1.0,left,0.0,1.0,2,0.3726755358511582,True,nan,1.0,1,0.5,0.0,0.5,hm,25
1,15,1.0,15.0,late,3.0,False,True,2,False,2,1,0.3,0.7,False,False,1.0,left,0.0,1.0,2,0.4864180884324014,True,nan,0.0,0,-0.5,-0.5,0.5,hm,25
1,16,1.0,16.0,late,4.0,False,True,2,True,1,2,0.3,0.7,False,False,1.0,left,1.0,0.0,1,0.7140111088519916,False,1.0,nan,1,0.25,-0.25,0.25,hm,25
1,17,1.0,17.0,late,4.0,False,True,2,False,2,1,0.3,0.7,False,False,4.0,right,1.0,0.0,1,0.6591940323123708,False,0.0,nan,0,-0.75,-1.0,0.75,hm,25
1,18,1.0,18.0,late,4.0,False,True,2,False,2,1,0.3,0.7,False,False,1.0,left,0.0,1.0,2,0.3866361767286435,True,nan,1.0,1,0.5,-0.5,0.5,hm,25
1,19,1.0,19.0,late,4.0,False,True,2,False,2,1,0.3,0.7,False,False,4.0,right,1.0,0.0,1,0.48304896615445614,False,0.0,nan,0,-0.25,-0.75,0.25,hm,25
1,20,1.0,20.0,late,4.0,False,True,2,True,1,2,0.3,0.7,False,False,4.0,right,0.0,1.0,2,0.709485417813994,True,nan,0.0,0,-0.25,-1.0,0.25,hm,25
1,21,1.0,21.0,late,5.0,False,True,2,True,1,2,0.3,0.7,False,False,1.0,left,1.0,0.0,1,0.745792702655308,False,0.0,nan,0,-0.5,-1.5,0.5,hm,25
1,22,1.0,22.0,late,5.0,False,True,2,False,2,1,0.3,0.7,False,False,1.0,left,0.0,1.0,2,0.6701195599744096,True,nan,1.0,1,0.75,-0.75,0.75,hm,25
1,23,1.0,23.0,late,5.0,False,True,2,True,1,2,0.3,0.7,False,False,1.0,left,1.0,0.0,1,0.6375107145868242,False,0.0,nan,0,-0.75,-1.5,0.75,hm,25
1,24,1.0,24.0,late,5.0,False,True,2,False,2,1,0.3,0.7,False,False,1.0,left,0.0,1.0,2,0.5030188380042091,True,nan,0.0,0,-0.5,-2.0,0.5,hm,25
1,25,1.0,25.0,late,5.0,False,True,2,False,2,1,0.3,0.7,False,False,1.0,left,0.0,1.0,2,0.47235481091775,True,nan,1.0,1,0.5,-1.5,0.5,hm,25
1,26,1.0,26.0,late,6.0,False,True,2,True,1,2,0.3,0.7,False,False,4.0,right,0.0,1.0,2,0.46706139761954546,True,nan,1.0,1,0.25,-1.25,0.25,hm,25
1,27,1.0,27.0,late,6.0,False,True,2,True,1,2,0.3,0.7,True,False,4.0,right,0.0,1.0,2,0.4435974800726399,True,nan,0.0,0,-0.25,-1.5,0.25,hm,25
1,28,1.0,28.0,late,6.0,False,True,2,True,1,2,0.3,0.7,True,False,1.0,left,1.0,0.0,1,0.8021692702313885,False,0.0,nan,0,-0.5,-2.0,0.5,hm,25
1,29,1.0,29.0,late,6.0,False,True,2,False,2,1,0.3,0.7,True,True,1.0,left,0.0,1.0,2,0.48823475767858326,True,nan,0.0,0,-0.75,-2.75,0.75,hm,25
1,30,2.0,1.0,early,1.0,True,False,1,True,1,2,0.7,0.3,False,False,4.0,right,0.0,1.0,2,0.48024727823212743,False,nan,1.0,1,0.25,-2.5,0.25,hm,25
1,31,2.0,2.0,early,1.0,True,False,1,False,2,1,0.7,0.3,False,False,4.0,right,1.0,0.0,1,1.166807474452071,True,1.0,nan,1,0.75,-1.75,0.75,hm,25
1,32,2.0,3.0,early,1.0,True,False,1,True,1,2,0.7,0.3,False,False,1.0,left,1.0,0.0,1,0.44221980252768844,True,1.0,nan,1,0.25,-1.5,0.25,hm,25
1,33,2.0,4.0,early,1.0,True,False,1,False,2,1,0.7,0.3,False,False,1.0,left,0.0,1.0,2,0.5969730390934274,False,nan,0.0,0,-0.75,-2.25,0.75,hm,25
1,34,2.0,5.0,early,1.0,True,False,1,True,1,2,0.7,0.3,False,False,4.0,right,0.0,1.0,2,0.9161317584803328,False,nan,0.0,0,-0.5,-2.75,0.5,hm,25
1,35,2.0,6.0,early,2.0,True,False,1,False,2,1,0.7,0.3,False,False,1.0,left,0.0,1.0,2,0.5063445594860241,False,nan,0.0,0,-0.5,-3.25,0.5,hm,25
1,36,2.0,7.0,early,2.0,True,False,1,False,2,1,0.7,0.3,False,False,4.0,right,1.0,0.0,1,0.6423393303994089,True,0.0,nan,0,-0.25,-3.5,0.25,hm,25
1,37,2.0,8.0,early,2.0,True,False,1,True,1,2,0.7,0.3,False,False,4.0,right,0.0,1.0,2,0.473817530204542,False,nan,0.0,0,-0.5,-4.0,0.5,hm,25
1,38,2.0,9.0,early,2.0,True,False,1,True,1,2,0.7,0.3,False,False,1.0,left,1.0,0.0,1,1.0283617397071794,True,0.0,nan,0,-0.75,-4.75,0.75,hm,25
1,39,2.0,10.0,early,2.0,True,False,1,False,2,1,0.7,0.3,False,False,4.0,right,1.0,0.0,1,0.4800329140853137,True,1.0,nan,1,0.5,-4.25,0.5,hm,25
1,40,2.0,11.0,early,3.0,True,False,1,False,2,1,0.7,0.3,False,False,1.0,left,0.0,1.0,2,0.4026343022705987,False,nan,0.0,0,-0.25,-4.5,0.25,hm,25
1,41,2.0,12.0,early,3.0,True,False,1,True,1,2,0.7,0.3,False,False,4.0,right,0.0,1.0,2,0.4810625066747889,False,nan,0.0,0,-0.25,-4.75,0.25,hm,25
1,42,2.0,13.0,early,3.0,True,False,1,False,2,1,0.7,0.3,False,False,4.0,right,1.0,0.0,1,0.5678761275485158,True,1.0,nan,1,0.5,-4.25,0.5,hm,25
1,43,2.0,14.0,early,3.0,True,False,1,True,1,2,0.7,0.3,False,False,1.0,left,1.0,0.0,1,0.6271778403315693,True,0.0,nan,0,-0.5,-4.75,0.5,hm,25
1,44,2.0,15.0,late,3.0,True,False,1,True,1,2,0.7,0.3,False,False,4.0,right,0.0,1.0,2,0.8156249385792762,False,nan,1.0,1,0.5,-4.25,0.5,hm,25
1,45,2.0,16.0,late,4.0,True,False,1,False,2,1,0.7,0.3,False,False,1.0,left,0.0,1.0,2,0.5598124035168439,False,nan,0.0,0,-0.75,-5.0,0.75,hm,25
1,46,2.0,17.0,late,4.0,True,False,1,True,1,2,0.7,0.3,False,False,1.0,left,1.0,0.0,1,0.6714127821614966,True,1.0,nan,1,0.75,-4.25,0.75,hm,25
1,47,2.0,18.0,late,4.0,True,False,1,True,1,2,0.7,0.3,False,False,1.0,left,1.0,0.0,1,1.0055444332538173,True,1.0,nan,1,0.75,-3.5,0.75,hm,25
1,48,2.0,19.0,late,4.0,True,False,1,False,2,1,0.7,0.3,False,False,1.0,left,0.0,1.0,2,0.46438316674903035,False,nan,0.0,0,-0.25,-3.75,0.25,hm,25
1,49,2.0,20.0,late,4.0,True,False,1,True,1,2,0.7,0.3,False,False,1.0,left,1.0,0.0,1,0.4926800988614559,True,1.0,nan,1,0.5,-3.25,0.5,hm,25
1,50,2.0,21.0,late,5.0,True,False,1,False,2,1,0.7,0.3,False,False,4.0,right,1.0,0.0,1,0.4102499437285587,True,0.0,nan,0,-0.25,-3.5,0.25,hm,25
1,51,2.0,22.0,late,5.0,True,False,1,False,2,1,0.7,0.3,False,False,1.0,left,0.0,1.0,2,0.45528926386032254,False,nan,0.0,0,-0.5,-4.0,0.5,hm,25
1,52,2.0,23.0,late,5.0,True,False,1,False,2,1,0.7,0.3,False,False,4.0,right,1.0,0.0,1,0.4034908786416054,True,0.0,nan,0,-0.5,-4.5,0.5,hm,25
1,53,2.0,24.0,late,5.0,True,False,1,False,2,1,0.7,0.3,False,False,4.0,right,1.0,0.0,1,0.5196404079906642,True,1.0,nan,1,0.75,-3.75,0.75,hm,25
1,54,2.0,25.0,late,5.0,True,False,1,False,2,1,0.7,0.3,False,False,4.0,right,1.0,0.0,1,0.4174371504923329,True,1.0,nan,1,0.5,-3.25,0.5,hm,25
1,55,2.0,26.0,late,6.0,True,False,1,False,2,1,0.7,0.3,True,False,4.0,right,1.0,0.0,1,0.8382416635286063,True,1.0,nan,1,0.25,-3.0,0.25,hm,25
1,56,2.0,27.0,late,6.0,True,False,1,False,2,1,0.7,0.3,True,False,4.0,right,1.0,0.0,1,0.386108624166809,True,0.0,nan,0,-0.25,-3.25,0.25,hm,25
1,57,2.0,28.0,late,6.0,True,False,1,False,2,1,0.7,0.3,True,False,4.0,right,1.0,0.0,1,0.5968862378504127,True,1.0,nan,1,0.5,-2.75,0.5,hm,25
1,58,2.0,29.0,late,6.0,True,False,1,False,2,1,0.7,0.3,True,True,4.0,right,1.0,0.0,1,0.515527902985923,True,1.0,nan,1,0.75,-2.0,0.75,hm,25
1,59,3.0,1.0,early,1.0,False,True,2,False,2,1,0.3,0.7,False,False,4.0,right,1.0,0.0,1,0.408479314413853,False,0.0,nan,0,-0.75,-2.75,0.75,hm,25
1,60,3.0,2.0,early,1.0,False,True,2,False,2,1,0.3,0.7,False,False,4.0,right,1.0,0.0,1,0.8695537679595873,False,0.0,nan,0,-0.25,-3.0,0.25,hm,25
1,61,3.0,3.0,early,1.0,False,True,2,True,1,2,0.3,0.7,False,False,4.0,right,0.0,1.0,2,0.8209529551677406,True,nan,0.0,0,-0.75,-3.75,0.75,hm,25
1,62,3.0,4.0,early,1.0,False,True,2,True,1,2,0.3,0.7,False,False,4.0,right,0.0,1.0,2,0.766938790678978,True,nan,0.0,0,-0.5,-4.25,0.5,hm,25
1,63,3.0,5.0,early,1.0,False,True,2,True,1,2,0.3,0.7,False,False,1.0,left,1.0,0.0,1,0.41339707758743316,False,1.0,nan,1,0.75,-3.5,0.75,hm,25
1,64,3.0,6.0,late,2.0,False,True,2,True,1,2,0.3,0.7,False,False,1.0,left,1.0,0.0,1,0.9179343518335372,False,0.0,nan,0,-0.5,-4.0,0.5,hm,25
1,65,3.0,7.0,late,2.0,False,True,2,True,1,2,0.3,0.7,False,False,1.0,left,1.0,0.0,1,0.47644678864162415,False,0.0,nan,0,-0.5,-4.5,0.5,hm,25
1,66,3.0,8.0,late,2.0,False,True,2,False,2,1,0.3,0.7,False,False,1.0,left,0.0,1.0,2,0.5189269364345819,True,nan,1.0,1,0.25,-4.25,0.25,hm,25
1,67,3.0,9.0,late,2.0,False,True,2,False,2,1,0.3,0.7,False,False,1.0,left,0.0,1.0,2,1.0366099163657054,True,nan,1.0,1,0.25,-4.0,0.25,hm,25
1,68,3.0,10.0,late,2.0,False,True,2,True,1,2,0.3,0.7,False,False,4.0,right,0.0,1.0,2,0.7203493635170162,True,nan,1.0,1,0.25,-3.75,0.25,hm,25
1,69,3.0,11.0,late,3.0,False,True,2,True,1,2,0.3,0.7,True,True,4.0,right,0.0,1.0,2,0.5058319626841694,True,nan,1.0,1,0.75,-3.0,0.75,hm,25
1,70,4.0,1.0,late,1.0,True,False,1,True,1,2,0.7,0.3,False,False,4.0,right,0.0,1.0,2,1.132141203386709,False,nan,1.0,1,0.25,-2.75,0.25,hm,25
