sessNo,trialNo,block,blockTrialNo,trialClass,blockBin,stim1_High,stim2_High,stimHigh,stim1_left,leftStim,rightStim,stim1_pWin,stim2_pWin,reverseStatus,reverseTrial,responseKey,response_LR,selected_stim1,selected_stim2,response_stimID,RT,highChosen,stim1_isWin,stim2_isWin,isWin,payOut,accum_payOut,abs_outMag,instructCond,subID
1,1,1.0,1.0,early,1.0,True,False,1,True,1,2,0.7,0.3,False,False,1.0,left,1.0,0.0,1,0.5860583619214594,True,1.0,nan,1,0.5,0.5,0.5,hm,33
1,2,1.0,2.0,early,1.0,True,False,1,True,1,2,0.7,0.3,False,False,4.0,right,0.0,1.0,2,0.34730052342638373,False,nan,1.0,1,0.75,1.25,0.75,hm,33
1,3,1.0,3.0,early,1.0,True,False,1,True,1,2,0.7,0.3,False,False,1.0,left,1.0,0.0,1,0.8447670103050768,True,1.0,nan,1,0.75,2.0,0.75,hm,33
1,4,1.0,4.0,early,1.0,True,False,1,True,1,2,0.7,0.3,False,False,4.0,right,0.0,1.0,2,1.2742191036231816,False,nan,0.0,0,-0.5,1.5,0.5,hm,33
1,5,1.0,5.0,early,1.0,True,False,1,True,1,2,0.7,0.3,False,False,4.0,right,0.0,1.0,2,0.3604418304748833,False,nan,0.0,0,-0.5,1.0,0.5,hm,33
1,6,1.0,6.0,early,2.0,True,False,1,True,1,2,0.7,0.3,False,False,1.0,left,1.0,0.0,1,0.5494924322701991,True,0.0,nan,0,-0.75,0.25,0.75,hm,33
1,7,1.0,7.0,late,2.0,True,False,1,False,2,1,0.7,0.3,False,False,1.0,left,0.0,1.0,2,1.2089169570244849,False,nan,0.0,0,-0.25,0.0,0.25,hm,33
1,8,1.0,8.0,late,2.0,True,False,1,False,2,1,0.7,0.3,False,False,4.0,right,1.0,0.0,1,0.9258646476082504,True,1.0,nan,1,0.5,0.5,0.5,hm,33
1,9,1.0,9.0,late,2.0,True,False,1,False,2,1,0.7,0.3,False,False,4.0,right,1.0,0.0,1,0.5371777908876538,True,1.0,nan,1,0.25,0.75,0.25,hm,33
1,10,1.0,10.0,late,2.0,True,False,1,True,1,2,0.7,0.3,False,False,1.0,left,1.0,0.0,1,0.5110655534081161,True,0.0,nan,0,-0.25,0.5,0.25,hm,33
1,11,1.0,11.0,late,3.0,True,False,1,True,1,2,0.7,0.3,True,False,1.0,left,1.0,0.0,1,1.4401826113462448,True,1.0,nan,1,0.75,1.25,0.75,hm,33
1,12,1.0,12.0,late,3.0,True,False,1,False,2,1,0.7,0.3,True,True,4.0,right,1.0,0.0,1,0.5055542569607496,True,1.0,nan,1,0.5,1.75,0.5,hm,33
1,13,2.0,1.0,early,1.0,False,True,2,True,1,2,0.3,0.7,False,False,1.0,left,1.0,0.0,1,0.41644626669585705,False,0.0,nan,0,-0.75,1.0,0.75,hm,33
1,14,2.0,2.0,early,1.0,False,True,2,True,1,2,0.3,0.7,False,False,1.0,left,1.0,0.0,1,0.4722114126197994,False,1.0,nan,1,0.25,1.25,0.25,hm,33
1,15,2.0,3.0,early,1.0,False,True,2,False,2,1,0.3,0.7,False,False,4.0,right,1.0,0.0,1,0.5212415400892496,False,0.0,nan,0,-0.25,1.0,0.25,hm,33
1,16,2.0,4.0,early,1.0,False,True,2,True,1,2,0.3,0.7,False,False,1.0,left,1.0,0.0,1,0.4870019447989762,False,0.0,nan,0,-0.25,0.75,0.25,hm,33
1,17,2.0,5.0,early,1.0,False,True,2,False,2,1,0.3,0.7,False,False,4.0,right,1.0,0.0,1,0.5844642673619092,False,0.0,nan,0,-0.5,0.25,0.5,hm,33
1,18,2.0,6.0,early,2.0,False,True,2,False,2,1,0.3,0.7,False,False,1.0,left,0.0,1.0,2,0.4295787764713168,True,nan,1.0,1,0.75,1.0,0.75,hm,33
1,19,2.0,7.0,early,2.0,False,True,2,True,1,2,0.3,0.7,False,False,4.0,right,0.0,1.0,2,0.5201154691167176,True,nan,0.0,0,-0.5,0.5,0.5,hm,33
1,20,2.0,8.0,early,2.0,False,True,2,True,1,2,0.3,0.7,False,False,4.0,right,0.0,1.0,2,0.4583953428082168,True,nan,1.0,1,0.5,1.0,0.5,hm,33
1,21,2.0,9.0,late,2.0,False,True,2,False,2,1,0.3,0.7,False,False,4.0,right,1.0,0.0,1,0.5168196586892009,False,0.0,nan,0,-0.75,0.25,0.75,hm,33
1,22,2.0,10.0,late,2.0,False,True,2,True,1,2,0.3,0.7,False,False,4.0,right,0.0,1.0,2,1.121096617076546,True,nan,1.0,1,0.25,0.5,0.25,hm,33
1,23,2.0,11.0,late,3.0,False,True,2,True,1,2,0.3,0.7,False,False,4.0,right,0.0,1.0,2,0.3883308544754982,True,nan,1.0,1,0.5,1.0,0.5,hm,33
1,24,2.0,12.0,late,3.0,False,True,2,True,1,2,0.3,0.7,False,False,4.0,right,0.0,1.0,2,0.49140505772084,True,nan,0.0,0,-0.5,0.5,0.5,hm,33
1,25,2.0,13.0,late,3.0,False,True,2,False,2,1,0.3,0.7,True,False,1.0,left,0.0,1.0,2,0.4941539615392685,True,nan,1.0,1,0.25,0.75,0.25,hm,33
1,26,2.0,14.0,late,3.0,False,True,2,False,2,1,0.3,0.7,True,False,1.0,left,0.0,1.0,2,0.5711135813035071,True,nan,1.0,1,0.5,1.25,0.5,hm,33
1,27,2.0,15.0,late,3.0,False,True,2,False,2,1,0.3,0.7,True,False,1.0,left,0.0,1.0,2,0.48903092509135604,True,nan,1.0,1,0.75,2.0,0.75,hm,33
1,28,2.0,16.0,late,4.0,False,True,2,False,2,1,0.3,0.7,True,True,1.0,left,0.0,1.0,2,0.8223939738236368,True,nan,0.0,0,-0.5,1.5,0.5,hm,33
1,29,3.0,1.0,early,1.0,True,False,1,True,1,2,0.7,0.3,False,False,4.0,right,0.0,1.0,2,1.020393907558173,False,nan,0.0,0,-0.25,1.25,0.25,hm,33
1,30,3.0,2.0,early,1.0,True,False,1,False,2,1,0.7,0.3,False,False,1.0,left,0.0,1.0,2,0.5581892775371671,False,nan,1.0,1,0.5,1.75,0.5,hm,33
1,31,3.0,3.0,early,1.0,True,False,1,True,1,2,0.7,0.3,False,False,4.0,right,0.0,1.0,2,0.550660437438637,False,nan,0.0,0,-0.25,1.5,0.25,hm,33
1,32,3.0,4.0,early,1.0,True,False,1,False,2,1,0.7,0.3,False,False,1.0,left,0.0,1.0,2,0.5525345830246806,False,nan,0.0,0,-0.25,1.25,0.25,hm,33
1,33,3.0,5.0,early,1.0,True,False,1,True,1,2,0.7,0.3,False,False,1.0,left,1.0,0.0,1,0.5680564744397998,True,1.0,nan,1,0.5,1.75,0.5,hm,33
1,34,3.0,6.0,late,2.0,True,False,1,False,2,1,0.7,0.3,False,False,4.0,right,1.0,0.0,1,0.6182906767353415,True,0.0,nan,0,-0.5,1.25,0.5,hm,33
1,35,3.0,7.0,late,2.0,True,False,1,False,2,1,0.7,0.3,False,False,4.0,right,1.0,0.0,1,0.581798646133393,True,1.0,nan,1,0.75,2.0,0.75,hm,33
1,36,3.0,8.0,late,2.0,True,False,1,True,1,2,0.7,0.3,True,False,1.0,left,1.0,0.0,1,0.8052187524735928,True,0.0,nan,0,-0.75,1.25,0.75,hm,33
1,37,3.0,9.0,late,2.0,True,False,1,True,1,2,0.7,0.3,True,False,1.0,left,1.0,0.0,1,0.38099555810913444,True,1.0,nan,1,0.75,2.0,0.75,hm,33
1,38,3.0,10.0,late,2.0,True,False,1,True,1,2,0.7,0.3,True,False,1.0,left,1.0,0.0,1,0.4637435940094292,True,1.0,nan,1,0.5,2.5,0.5,hm,33
1,39,3.0,11.0,late,3.0,True,False,1,True,1,2,0.7,0.3,True,True,1.0,left,1.0,0.0,1,0.6972426217980683,True,0.0,nan,0,-0.25,2.25,0.25,hm,33
1,40,4.0,1.0,early,1.0,False,True,2,True,1,2,0.3,0.7,False,False,1.0,left,1.0,0.0,1,0.8294841158203781,False,0.0,nan,0,-0.75,1.5,0.75,hm,33
1,41,4.0,2.0,early,1.0,False,True,2,False,2,1,0.3,0.7,False,False,1.0,left,0.0,1.0,2,1.502241438254714,True,nan,1.0,1,0.5,2.0,0.5,hm,33
1,42,4.0,3.0,early,1.0,False,True,2,False,2,1,0.3,0.7,False,False,1.0,left,0.0,1.0,2,0.5006188987754285,True,nan,1.0,1,0.75,2.75,0.75,hm,33
1,43,4.0,4.0,late,1.0,False,True,2,True,1,2,0.3,0.7,False,False,4.0,right,0.0,1.0,2,0.4596114410087466,True,nan,1.0,1,0.75,3.5,0.75,hm,33
1,44,4.0,5.0,late,1.0,False,True,2,True,1,2,0.3,0.7,True,False,4.0,right,0.0,1.0,2,0.47067068982869387,True,nan,1.0,1,0.5,4.0,0.5,hm,33
1,45,4.0,6.0,late,2.0,False,True,2,True,1,2,0.3,0.7,True,False,4.0,right,0.0,1.0,2,0.42333846632391214,True,nan,1.0,1,0.5,4.5,0.5,hm,33
1,46,4.0,7.0,late,2.0,False,True,2,True,1,2,0.3,0.7,True,True,1.0,left,1.0,0.0,1,0.6875947741791606,False,0.0,nan,0,-0.25,4.25,0.25,hm,33
1,47,5.0,1.0,early,1.0,True,False,1,False,2,1,0.7,0.3,False,False,1.0,left,0.0,1.0,2,0.566078226082027,False,nan,0.0,0,-0.5,3.75,0.5,hm,33
1,48,5.0,2.0,early,1.0,True,False,1,False,2,1,0.7,0.3,False,False,1.0,left,0.0,1.0,2,0.5012590591795743,False,nan,0.0,0,-0.25,3.5,0.25,hm,33
1,49,5.0,3.0,early,1.0,True,False,1,True,1,2,0.7,0.3,False,False,1.0,left,1.0,0.0,1,1.1702258619479835,True,1.0,nan,1,0.5,4.0,0.5,hm,33
1,50,5.0,4.0,early,1.0,True,False,1,False,2,1,0.7,0.3,False,False,4.0,right,1.0,0.0,1,0.48266187962144613,True,1.0,nan,1,0.75,4.75,0.75,hm,33
1,51,5.0,5.0,late,1.0,True,False,1,False,2,1,0.7,0.3,False,False,4.0,right,1.0,0.0,1,0.3742749085649848,True,0.0,nan,0,-0.75,4.0,0.75,hm,33
1,52,5.0,6.0,late,2.0,True,False,1,True,1,2,0.7,0.3,True,False,1.0,left,1.0,0.0,1,0.552454233635217,True,1.0,nan,1,0.5,4.5,0.5,hm,33
1,53,5.0,7.0,late,2.0,True,False,1,True,1,2,0.7,0.3,True,False,1.0,left,1.0,0.0,1,0.7574997353367507,True,0.0,nan,0,-0.25,4.25,0.25,hm,33
1,54,5.0,8.0,late,2.0,True,False,1,False,2,1,0.7,0.3,True,True,1.0,left,0.0,1.0,2,1.5425773598253727,False,nan,0.0,0,-0.25,4.0,0.25,hm,33
1,55,6.0,1.0,early,1.0,False,True,2,True,1,2,0.3,0.7,False,False,1.0,left,1.0,0.0,1,0.615167589392513,False,0.0,nan,0,-0.5,3.5,0.5,hm,33
1,56,6.0,2.0,early,1.0,False,True,2,True,1,2,0.3,0.7,False,False,4.0,right,0.0,1.0,2,2.053202454932034,True,nan,1.0,1,0.25,3.75,0.25,hm,33
1,57,6.0,3.0,early,1.0,False,True,2,True,1,2,0.3,0.7,False,False,4.0,right,0.0,1.0,2,0.5254487642087042,True,nan,1.0,1,0.25,4.0,0.25,hm,33
1,58,6.0,4.0,early,1.0,False,True,2,False,2,1,0.3,0.7,False,False,1.0,left,0.0,1.0,2,0.5642339917831123,True,nan,0.0,0,-0.75,3.25,0.75,hm,33
1,59,6.0,5.0,early,1.0,False,True,2,True,1,2,0.3,0.7,False,False,1.0,left,1.0,0.0,1,0.4448320525698364,False,1.0,nan,1,0.5,3.75,0.5,hm,33
1,60,6.0,6.0,early,2.0,False,True,2,False,2,1,0.3,0.7,False,False,4.0,right,1.0,0.0,1,0.6555712507106364,False,0.0,nan,0,-0.25,3.5,0.25,hm,33
1,61,6.0,7.0,late,2.0,False,True,2,True,1,2,0.3,0.7,False,False,4.0,right,0.0,1.0,2,0.8327637971378863,True,nan,1.0,1,0.5,4.0,0.5,hm,33
1,62,6.0,8.0,late,2.0,False,True,2,True,1,2,0.3,0.7,False,False,1.0,left,1.0,0.0,1,1.335425459779799,False,0.0,nan,0,-0.5,3.5,0.5,hm,33
1,63,6.0,9.0,late,2.0,False,True,2,False,2,1,0.3,0.7,False,False,1.0,left,0.0,1.0,2,0.6128113446757197,True,nan,1.0,1,0.75,4.25,0.75,hm,33
1,64,6.0,10.0,late,2.0,False,True,2,True,1,2,0.3,0.7,False,False,4.0,right,0.0,1.0,2,0.6770434300415218,True,nan,1.0,1,0.25,4.5,0.25,hm,33
1,65,6.0,11.0,late,3.0,False,True,2,True,1,2,0.3,0.7,False,False,4.0,right,0.0,1.0,2,0.8493947512470186,True,nan,0.0,0,-0.25,4.25,0.25,hm,33
1,66,6.0,12.0,late,3.0,False,True,2,False,2,1,0.3,0.7,True,False,1.0,left,0.0,1.0,2,0.4876485555432737,True,nan,1.0,1,0.75,5.0,0.75,hm,33
1,67,6.0,13.0,late,3.0,False,True,2,True,1,2,0.3,0.7,True,True,4.0,right,0.0,1.0,2,0.4494386799633503,True,nan,0.0,0,-0.5,4.5,0.5,hm,33
1,68,7.0,1.0,early,1.0,True,False,1,False,2,1,0.7,0.3,False,False,1.0,left,0.0,1.0,2,0.5567702525295317,False,nan,0.0,0,-0.25,4.25,0.25,hm,33
1,69,7.0,2.0,late,1.0,True,False,1,False,2,1,0.7,0.3,False,False,1.0,left,0.0,1.0,2,1.1731172841973603,False,nan,0.0,0,-0.75,3.5,0.75,hm,33
1,70,7.0,3.0,late,1.0,True,False,1,False,2,1,0.7,0.3,False,False,1.0,left,0.0,1.0,2,0.5302287009544671,False,nan,0.0,0,-0.5,3.0,0.5,hm,33
