sessNo,trialNo,block,blockTrialNo,trialClass,blockBin,stim1_High,stim2_High,stimHigh,stim1_left,leftStim,rightStim,stim1_pWin,stim2_pWin,reverseStatus,reverseTrial,responseKey,response_LR,selected_stim1,selected_stim2,response_stimID,RT,highChosen,stim1_isWin,stim2_isWin,isWin,payOut,accum_payOut,abs_outMag,instructCond,subID
1,1,1.0,1.0,early,1.0,False,True,2,True,1,2,0.3,0.7,False,False,1.0,left,1.0,0.0,1,0.7428889644797891,False,0.0,nan,0,-0.25,-0.25,0.25,hm,31
1,2,1.0,2.0,early,1.0,False,True,2,True,1,2,0.3,0.7,False,False,4.0,right,0.0,1.0,2,0.5433535859920084,True,nan,0.0,0,-0.5,-0.75,0.5,hm,31
1,3,1.0,3.0,early,1.0,False,True,2,True,1,2,0.3,0.7,False,False,1.0,left,1.0,0.0,1,0.656503191916272,False,0.0,nan,0,-0.5,-1.25,0.5,hm,31
1,4,1.0,4.0,late,1.0,False,True,2,False,2,1,0.3,0.7,False,False,1.0,left,0.0,1.0,2,0.7615899536758661,True,nan,1.0,1,0.25,-1.0,0.25,hm,31
1,5,1.0,5.0,late,1.0,False,True,2,False,2,1,0.3,0.7,False,False,1.0,left,0.0,1.0,2,0.5644735749810934,True,nan,1.0,1,0.5,-0.5,0.5,hm,31
1,6,1.0,6.0,late,2.0,False,True,2,False,2,1,0.3,0.7,False,False,1.0,left,0.0,1.0,2,0.5540958337951452,True,nan,1.0,1,0.5,0.0,0.5,hm,31
1,7,1.0,7.0,late,2.0,False,True,2,True,1,2,0.3,0.7,True,True,4.0,right,0.0,1.0,2,0.576658894540742,True,nan,1.0,1,0.75,0.75,0.75,hm,31
1,8,2.0,1.0,early,1.0,True,False,1,True,1,2,0.7,0.3,False,False,4.0,right,0.0,1.0,2,0.5417591985315084,False,nan,0.0,0,-0.75,0.0,0.75,hm,31
1,9,2.0,2.0,early,1.0,True,False,1,False,2,1,0.7,0.3,False,False,4.0,right,1.0,0.0,1,0.5823613884858787,True,1.0,nan,1,0.5,0.5,0.5,hm,31
1,10,2.0,3.0,early,1.0,True,False,1,True,1,2,0.7,0.3,False,False,1.0,left,1.0,0.0,1,0.5911409298423678,True,0.0,nan,0,-0.75,-0.25,0.75,hm,31
1,11,2.0,4.0,early,1.0,True,False,1,True,1,2,0.7,0.3,False,False,4.0,right,0.0,1.0,2,0.6645455088000745,False,nan,0.0,0,-0.25,-0.5,0.25,hm,31
1,12,2.0,5.0,early,1.0,True,False,1,True,1,2,0.7,0.3,False,False,1.0,left,1.0,0.0,1,1.5762354449834675,True,1.0,nan,1,0.75,0.25,0.75,hm,31
1,13,2.0,6.0,late,2.0,True,False,1,True,1,2,0.7,0.3,False,False,1.0,left,1.0,0.0,1,0.5327503376174718,True,1.0,nan,1,0.5,0.75,0.5,hm,31
1,14,2.0,7.0,late,2.0,True,False,1,True,1,2,0.7,0.3,False,False,1.0,left,1.0,0.0,1,0.44729885179549456,True,1.0,nan,1,0.5,1.25,0.5,hm,31
1,15,2.0,8.0,late,2.0,True,False,1,False,2,1,0.7,0.3,True,False,4.0,right,1.0,0.0,1,0.6768460746388882,True,1.0,nan,1,0.75,2.0,0.75,hm,31
1,16,2.0,9.0,late,2.0,True,False,1,False,2,1,0.7,0.3,True,False,4.0,right,1.0,0.0,1,0.4947897223755717,True,1.0,nan,1,0.25,2.25,0.25,hm,31
1,17,2.0,10.0,late,2.0,True,False,1,False,2,1,0.7,0.3,True,True,4.0,right,1.0,0.0,1,0.551899115787819,True,1.0,nan,1,0.5,2.75,0.5,hm,31
1,18,3.0,1.0,early,1.0,False,True,2,False,2,1,0.3,0.7,False,False,4.0,right,1.0,0.0,1,0.7210238331463188,False,1.0,nan,1,0.5,3.25,0.5,hm,31
1,19,3.0,2.0,early,1.0,False,True,2,True,1,2,0.3,0.7,False,False,1.0,left,1.0,0.0,1,0.6183208813890815,False,0.0,nan,0,-0.75,2.5,0.75,hm,31
1,20,3.0,3.0,early,1.0,False,True,2,False,2,1,0.3,0.7,False,False,1.0,left,0.0,1.0,2,0.6509382312651724,True,nan,0.0,0,-0.25,2.25,0.25,hm,31
1,21,3.0,4.0,early,1.0,False,True,2,True,1,2,0.3,0.7,False,False,4.0,right,0.0,1.0,2,0.5089093034621328,True,nan,1.0,1,0.25,2.5,0.25,hm,31
1,22,3.0,5.0,late,1.0,False,True,2,True,1,2,0.3,0.7,False,False,4.0,right,0.0,1.0,2,0.5074149135034531,True,nan,1.0,1,0.75,3.25,0.75,hm,31
1,23,3.0,6.0,late,2.0,False,True,2,False,2,1,0.3,0.7,True,False,1.0,left,0.0,1.0,2,0.7212343849241734,True,nan,0.0,0,-0.5,2.75,0.5,hm,31
1,24,3.0,7.0,late,2.0,False,True,2,False,2,1,0.3,0.7,True,False,4.0,right,1.0,0.0,1,0.5612988760694861,False,0.0,nan,0,-0.25,2.5,0.25,hm,31
1,25,3.0,8.0,late,2.0,False,True,2,False,2,1,0.3,0.7,True,False,4.0,right,1.0,0.0,1,0.5504836095497012,False,1.0,nan,1,0.75,3.25,0.75,hm,31
1,26,3.0,9.0,late,2.0,False,True,2,False,2,1,0.3,0.7,True,True,4.0,right,1.0,0.0,1,0.5032607670873404,False,0.0,nan,0,-0.5,2.75,0.5,hm,31
1,27,4.0,1.0,early,1.0,True,False,1,False,2,1,0.7,0.3,False,False,1.0,left,0.0,1.0,2,0.5671823036391288,False,nan,0.0,0,-0.25,2.5,0.25,hm,31
1,28,4.0,2.0,early,1.0,True,False,1,False,2,1,0.7,0.3,False,False,1.0,left,0.0,1.0,2,0.5564728993922472,False,nan,1.0,1,0.75,3.25,0.75,hm,31
1,29,4.0,3.0,early,1.0,True,False,1,True,1,2,0.7,0.3,False,False,4.0,right,0.0,1.0,2,0.5951367223169655,False,nan,0.0,0,-0.5,2.75,0.5,hm,31
1,30,4.0,4.0,early,1.0,True,False,1,True,1,2,0.7,0.3,False,False,4.0,right,0.0,1.0,2,0.5576881177257746,False,nan,0.0,0,-0.75,2.0,0.75,hm,31
1,31,4.0,5.0,late,1.0,True,False,1,True,1,2,0.7,0.3,False,False,1.0,left,1.0,0.0,1,0.7652414734475315,True,1.0,nan,1,0.75,2.75,0.75,hm,31
1,32,4.0,6.0,late,2.0,True,False,1,False,2,1,0.7,0.3,False,False,4.0,right,1.0,0.0,1,0.5215720301494002,True,0.0,nan,0,-0.75,2.0,0.75,hm,31
1,33,4.0,7.0,late,2.0,True,False,1,False,2,1,0.7,0.3,False,False,4.0,right,1.0,0.0,1,0.556007222039625,True,1.0,nan,1,0.25,2.25,0.25,hm,31
1,34,4.0,8.0,late,2.0,True,False,1,False,2,1,0.7,0.3,True,False,4.0,right,1.0,0.0,1,0.5887140124104917,True,1.0,nan,1,0.5,2.75,0.5,hm,31
1,35,4.0,9.0,late,2.0,True,False,1,True,1,2,0.7,0.3,True,True,1.0,left,1.0,0.0,1,0.6302065020427108,True,0.0,nan,0,-0.5,2.25,0.5,hm,31
1,36,5.0,1.0,early,1.0,False,True,2,False,2,1,0.3,0.7,False,False,4.0,right,1.0,0.0,1,0.5155842064414173,False,1.0,nan,1,0.25,2.5,0.25,hm,31
1,37,5.0,2.0,early,1.0,False,True,2,False,2,1,0.3,0.7,False,False,4.0,right,1.0,0.0,1,0.5164756793528795,False,1.0,nan,1,0.75,3.25,0.75,hm,31
1,38,5.0,3.0,early,1.0,False,True,2,True,1,2,0.3,0.7,False,False,1.0,left,1.0,0.0,1,0.7445499191526324,False,0.0,nan,0,-0.25,3.0,0.25,hm,31
1,39,5.0,4.0,early,1.0,False,True,2,True,1,2,0.3,0.7,False,False,1.0,left,1.0,0.0,1,0.6242861251812428,False,0.0,nan,0,-0.75,2.25,0.75,hm,31
1,40,5.0,5.0,late,1.0,False,True,2,True,1,2,0.3,0.7,False,False,1.0,left,1.0,0.0,1,0.7092449548654258,False,0.0,nan,0,-0.5,1.75,0.5,hm,31
1,41,5.0,6.0,late,2.0,False,True,2,False,2,1,0.3,0.7,False,False,1.0,left,0.0,1.0,2,0.6043977763038129,True,nan,1.0,1,0.75,2.5,0.75,hm,31
1,42,5.0,7.0,late,2.0,False,True,2,True,1,2,0.3,0.7,False,False,4.0,right,0.0,1.0,2,0.521030988311395,True,nan,1.0,1,0.75,3.25,0.75,hm,31
1,43,5.0,8.0,late,2.0,False,True,2,True,1,2,0.3,0.7,False,False,4.0,right,0.0,1.0,2,0.5061524824704975,True,nan,1.0,1,0.5,3.75,0.5,hm,31
1,44,5.0,9.0,late,2.0,False,True,2,False,2,1,0.3,0.7,True,True,1.0,left,0.0,1.0,2,0.5650175493210554,True,nan,0.0,0,-0.25,3.5,0.25,hm,31
1,45,6.0,1.0,early,1.0,True,False,1,True,1,2,0.7,0.3,False,False,4.0,right,0.0,1.0,2,0.567480243043974,False,nan,1.0,1,0.25,3.75,0.25,hm,31
1,46,6.0,2.0,early,1.0,True,False,1,True,1,2,0.7,0.3,False,False,4.0,right,0.0,1.0,2,0.5819112532772124,False,nan,1.0,1,0.75,4.5,0.75,hm,31
1,47,6.0,3.0,early,1.0,True,False,1,True,1,2,0.7,0.3,False,False,4.0,right,0.0,1.0,2,0.7185702298302203,False,nan,0.0,0,-0.5,4.0,0.5,hm,31
1,48,6.0,4.0,early,1.0,True,False,1,False,2,1,0.7,0.3,False,False,1.0,left,0.0,1.0,2,0.5729369954206049,False,nan,0.0,0,-0.75,3.25,0.75,hm,31
1,49,6.0,5.0,late,1.0,True,False,1,True,1,2,0.7,0.3,False,False,1.0,left,1.0,0.0,1,0.5157539967913181,True,0.0,nan,0,-0.25,3.0,0.25,hm,31
1,50,6.0,6.0,late,2.0,True,False,1,True,1,2,0.7,0.3,False,False,1.0,left,1.0,0.0,1,0.5254959771409631,True,1.0,nan,1,0.5,3.5,0.5,hm,31
1,51,6.0,7.0,late,2.0,True,False,1,True,1,2,0.7,0.3,False,False,1.0,left,1.0,0.0,1,0.5584499749820679,True,1.0,nan,1,0.25,3.75,0.25,hm,31
1,52,6.0,8.0,late,2.0,True,False,1,True,1,2,0.7,0.3,True,True,1.0,left,1.0,0.0,1,0.601274102460593,True,0.0,nan,0,-0.5,3.25,0.5,hm,31
1,53,7.0,1.0,early,1.0,False,True,2,False,2,1,0.3,0.7,False,False,4.0,right,1.0,0.0,1,0.5927065790165216,False,0.0,nan,0,-0.25,3.0,0.25,hm,31
1,54,7.0,2.0,early,1.0,False,True,2,False,2,1,0.3,0.7,False,False,1.0,left,0.0,1.0,2,0.44912754418328404,True,nan,1.0,1,0.5,3.5,0.5,hm,31
1,55,7.0,3.0,early,1.0,False,True,2,False,2,1,0.3,0.7,False,False,1.0,left,0.0,1.0,2,0.6415780594106764,True,nan,0.0,0,-0.75,2.75,0.75,hm,31
1,56,7.0,4.0,early,1.0,False,True,2,False,2,1,0.3,0.7,False,False,4.0,right,1.0,0.0,1,0.4103918755427003,False,1.0,nan,1,0.5,3.25,0.5,hm,31
1,57,7.0,5.0,early,1.0,False,True,2,False,2,1,0.3,0.7,False,False,4.0,right,1.0,0.0,1,0.6065549061167985,False,0.0,nan,0,-0.5,2.75,0.5,hm,31
1,58,7.0,6.0,early,2.0,False,True,2,True,1,2,0.3,0.7,False,False,1.0,left,1.0,0.0,1,0.5031065191142261,False,1.0,nan,1,0.25,3.0,0.25,hm,31
1,59,7.0,7.0,early,2.0,False,True,2,True,1,2,0.3,0.7,False,False,1.0,left,1.0,0.0,1,0.5696485163643956,False,0.0,nan,0,-0.75,2.25,0.75,hm,31
1,60,7.0,8.0,late,2.0,False,True,2,True,1,2,0.3,0.7,False,False,4.0,right,0.0,1.0,2,0.5435116463340819,True,nan,1.0,1,0.5,2.75,0.5,hm,31
1,61,7.0,9.0,late,2.0,False,True,2,True,1,2,0.3,0.7,False,False,4.0,right,0.0,1.0,2,0.6149593836162239,True,nan,0.0,0,-0.5,2.25,0.5,hm,31
1,62,7.0,10.0,late,2.0,False,True,2,True,1,2,0.3,0.7,False,False,1.0,left,1.0,0.0,1,1.4552414645440876,False,0.0,nan,0,-0.5,1.75,0.5,hm,31
1,63,7.0,11.0,late,3.0,False,True,2,False,2,1,0.3,0.7,False,False,1.0,left,0.0,1.0,2,1.2959115121047944,True,nan,1.0,1,0.25,2.0,0.25,hm,31
1,64,7.0,12.0,late,3.0,False,True,2,False,2,1,0.3,0.7,False,False,1.0,left,0.0,1.0,2,0.514459308469668,True,nan,1.0,1,0.5,2.5,0.5,hm,31
1,65,7.0,13.0,late,3.0,False,True,2,True,1,2,0.3,0.7,False,False,4.0,right,0.0,1.0,2,0.5038809860125184,True,nan,1.0,1,0.5,3.0,0.5,hm,31
1,66,7.0,14.0,late,3.0,False,True,2,True,1,2,0.3,0.7,True,False,4.0,right,0.0,1.0,2,0.7336493174079806,True,nan,1.0,1,0.25,3.25,0.25,hm,31
1,67,7.0,15.0,late,3.0,False,True,2,False,2,1,0.3,0.7,True,True,1.0,left,0.0,1.0,2,0.7980312525760382,True,nan,1.0,1,0.75,4.0,0.75,hm,31
1,68,8.0,1.0,early,1.0,True,False,1,True,1,2,0.7,0.3,False,False,4.0,right,0.0,1.0,2,0.4985843470785767,False,nan,0.0,0,-0.25,3.75,0.25,hm,31
1,69,8.0,2.0,late,1.0,True,False,1,False,2,1,0.7,0.3,False,False,4.0,right,1.0,0.0,1,0.477106302510947,True,1.0,nan,1,0.75,4.5,0.75,hm,31
1,70,8.0,3.0,late,1.0,True,False,1,False,2,1,0.7,0.3,False,False,4.0,right,1.0,0.0,1,0.6082495842128992,True,0.0,nan,0,-0.5,4.0,0.5,hm,31
