sessNo,trialNo,block,blockTrialNo,trialClass,blockBin,stim1_High,stim2_High,stimHigh,stim1_left,leftStim,rightStim,stim1_pWin,stim2_pWin,reverseStatus,reverseTrial,responseKey,response_LR,selected_stim1,selected_stim2,response_stimID,RT,highChosen,stim1_isWin,stim2_isWin,isWin,payOut,accum_payOut,abs_outMag,instructCond,subID
1,1,1.0,1.0,early,1.0,False,True,2,False,2,1,0.3,0.7,False,False,1.0,left,0.0,1.0,2,1.3224265999997442,True,nan,1.0,1,0.5,0.5,0.5,rl,38
1,2,1.0,2.0,early,1.0,False,True,2,True,1,2,0.3,0.7,False,False,4.0,right,0.0,1.0,2,0.5682439000001978,True,nan,1.0,1,0.25,0.75,0.25,rl,38
1,3,1.0,3.0,early,1.0,False,True,2,True,1,2,0.3,0.7,False,False,4.0,right,0.0,1.0,2,0.7013822999997501,True,nan,1.0,1,0.5,1.25,0.5,rl,38
1,4,1.0,4.0,late,1.0,False,True,2,True,1,2,0.3,0.7,True,False,4.0,right,0.0,1.0,2,0.5394945999996708,True,nan,1.0,1,0.75,2.0,0.75,rl,38
1,5,1.0,5.0,late,1.0,False,True,2,True,1,2,0.3,0.7,True,False,4.0,right,0.0,1.0,2,0.6939868000008573,True,nan,1.0,1,0.5,2.5,0.5,rl,38
1,6,1.0,6.0,late,2.0,False,True,2,False,2,1,0.3,0.7,True,False,1.0,left,0.0,1.0,2,0.6578872999998566,True,nan,0.0,0,-0.25,2.25,0.25,rl,38
1,7,1.0,7.0,late,2.0,False,True,2,False,2,1,0.3,0.7,True,True,1.0,left,0.0,1.0,2,0.9895904999993945,True,nan,0.0,0,-0.75,1.5,0.75,rl,38
1,8,2.0,1.0,early,1.0,True,False,1,True,1,2,0.7,0.3,False,False,1.0,left,1.0,0.0,1,0.9107764999998835,True,0.0,nan,0,-0.5,1.0,0.5,rl,38
1,9,2.0,2.0,early,1.0,True,False,1,True,1,2,0.7,0.3,False,False,4.0,right,0.0,1.0,2,0.8727604999994583,False,nan,0.0,0,-0.25,0.75,0.25,rl,38
1,10,2.0,3.0,early,1.0,True,False,1,True,1,2,0.7,0.3,False,False,4.0,right,0.0,1.0,2,1.2583537000000433,False,nan,0.0,0,-0.75,0.0,0.75,rl,38
1,11,2.0,4.0,early,1.0,True,False,1,True,1,2,0.7,0.3,False,False,1.0,left,1.0,0.0,1,0.8733707000001232,True,1.0,nan,1,0.25,0.25,0.25,rl,38
1,12,2.0,5.0,early,1.0,True,False,1,True,1,2,0.7,0.3,False,False,1.0,left,1.0,0.0,1,0.5192761999996947,True,0.0,nan,0,-0.5,-0.25,0.5,rl,38
1,13,2.0,6.0,early,2.0,True,False,1,False,2,1,0.7,0.3,False,False,1.0,left,0.0,1.0,2,0.6910595999997895,False,nan,0.0,0,-0.5,-0.75,0.5,rl,38
1,14,2.0,7.0,late,2.0,True,False,1,False,2,1,0.7,0.3,False,False,4.0,right,1.0,0.0,1,1.274667299999237,True,0.0,nan,0,-0.25,-1.0,0.25,rl,38
1,15,2.0,8.0,late,2.0,True,False,1,True,1,2,0.7,0.3,False,False,1.0,left,1.0,0.0,1,1.2131024000000252,True,1.0,nan,1,0.75,-0.25,0.75,rl,38
1,16,2.0,9.0,late,2.0,True,False,1,False,2,1,0.7,0.3,False,False,4.0,right,1.0,0.0,1,0.7032629000004817,True,1.0,nan,1,0.5,0.25,0.5,rl,38
1,17,2.0,10.0,late,2.0,True,False,1,True,1,2,0.7,0.3,True,False,1.0,left,1.0,0.0,1,0.6023542000002635,True,1.0,nan,1,0.5,0.75,0.5,rl,38
1,18,2.0,11.0,late,3.0,True,False,1,False,2,1,0.7,0.3,True,False,4.0,right,1.0,0.0,1,0.53769420000026,True,1.0,nan,1,0.75,1.5,0.75,rl,38
1,19,2.0,12.0,late,3.0,True,False,1,True,1,2,0.7,0.3,True,False,1.0,left,1.0,0.0,1,0.5007175000000643,True,1.0,nan,1,0.75,2.25,0.75,rl,38
1,20,2.0,13.0,late,3.0,True,False,1,True,1,2,0.7,0.3,True,True,1.0,left,1.0,0.0,1,0.747710200000256,True,0.0,nan,0,-0.25,2.0,0.25,rl,38
1,21,3.0,1.0,early,1.0,False,True,2,False,2,1,0.3,0.7,False,False,1.0,left,0.0,1.0,2,1.413049200000387,True,nan,1.0,1,0.5,2.5,0.5,rl,38
1,22,3.0,2.0,early,1.0,False,True,2,False,2,1,0.3,0.7,False,False,1.0,left,0.0,1.0,2,0.6205925999993269,True,nan,0.0,0,-0.25,2.25,0.25,rl,38
1,23,3.0,3.0,early,1.0,False,True,2,False,2,1,0.3,0.7,False,False,4.0,right,1.0,0.0,1,0.6335627000007662,False,0.0,nan,0,-0.75,1.5,0.75,rl,38
1,24,3.0,4.0,early,1.0,False,True,2,False,2,1,0.3,0.7,False,False,1.0,left,0.0,1.0,2,0.7897444000000178,True,nan,1.0,1,0.5,2.0,0.5,rl,38
1,25,3.0,5.0,early,1.0,False,True,2,False,2,1,0.3,0.7,False,False,1.0,left,0.0,1.0,2,0.6939621000001353,True,nan,1.0,1,0.75,2.75,0.75,rl,38
1,26,3.0,6.0,early,2.0,False,True,2,False,2,1,0.3,0.7,False,False,1.0,left,0.0,1.0,2,0.6258422000000792,True,nan,0.0,0,-0.5,2.25,0.5,rl,38
1,27,3.0,7.0,early,2.0,False,True,2,True,1,2,0.3,0.7,False,False,1.0,left,1.0,0.0,1,0.6549175000000105,False,0.0,nan,0,-0.25,2.0,0.25,rl,38
1,28,3.0,8.0,early,2.0,False,True,2,False,2,1,0.3,0.7,False,False,4.0,right,1.0,0.0,1,0.779816899999787,False,1.0,nan,1,0.25,2.25,0.25,rl,38
1,29,3.0,9.0,early,2.0,False,True,2,True,1,2,0.3,0.7,False,False,1.0,left,1.0,0.0,1,0.6368095999996513,False,0.0,nan,0,-0.75,1.5,0.75,rl,38
1,30,3.0,10.0,early,2.0,False,True,2,False,2,1,0.3,0.7,False,False,1.0,left,0.0,1.0,2,0.7371733999998469,True,nan,1.0,1,0.5,2.0,0.5,rl,38
1,31,3.0,11.0,early,3.0,False,True,2,True,1,2,0.3,0.7,False,False,4.0,right,0.0,1.0,2,1.0523012000003291,True,nan,0.0,0,-0.75,1.25,0.75,rl,38
1,32,3.0,12.0,early,3.0,False,True,2,True,1,2,0.3,0.7,False,False,1.0,left,1.0,0.0,1,1.0140330000003814,False,0.0,nan,0,-0.75,0.5,0.75,rl,38
1,33,3.0,13.0,early,3.0,False,True,2,True,1,2,0.3,0.7,False,False,4.0,right,0.0,1.0,2,0.7515942999998515,True,nan,1.0,1,0.25,0.75,0.25,rl,38
1,34,3.0,14.0,early,3.0,False,True,2,False,2,1,0.3,0.7,False,False,1.0,left,0.0,1.0,2,0.6836045999998532,True,nan,0.0,0,-0.25,0.5,0.25,rl,38
1,35,3.0,15.0,early,3.0,False,True,2,False,2,1,0.3,0.7,False,False,4.0,right,1.0,0.0,1,0.5969647000001714,False,0.0,nan,0,-0.5,0.0,0.5,rl,38
1,36,3.0,16.0,early,4.0,False,True,2,True,1,2,0.3,0.7,False,False,4.0,right,0.0,1.0,2,0.613575899999887,True,nan,1.0,1,0.5,0.5,0.5,rl,38
1,37,3.0,17.0,late,4.0,False,True,2,False,2,1,0.3,0.7,False,False,1.0,left,0.0,1.0,2,0.6604364000004352,True,nan,1.0,1,0.5,1.0,0.5,rl,38
1,38,3.0,18.0,late,4.0,False,True,2,True,1,2,0.3,0.7,False,False,4.0,right,0.0,1.0,2,0.4651738000002297,True,nan,0.0,0,-0.75,0.25,0.75,rl,38
1,39,3.0,19.0,late,4.0,False,True,2,False,2,1,0.3,0.7,False,False,4.0,right,1.0,0.0,1,0.7786196999995809,False,0.0,nan,0,-0.25,0.0,0.25,rl,38
1,40,3.0,20.0,late,4.0,False,True,2,False,2,1,0.3,0.7,False,False,4.0,right,1.0,0.0,1,0.5811812000001737,False,0.0,nan,0,-0.5,-0.5,0.5,rl,38
1,41,3.0,21.0,late,5.0,False,True,2,True,1,2,0.3,0.7,False,False,4.0,right,0.0,1.0,2,0.8092502999998032,True,nan,1.0,1,0.5,0.0,0.5,rl,38
1,42,3.0,22.0,late,5.0,False,True,2,True,1,2,0.3,0.7,False,False,4.0,right,0.0,1.0,2,0.918797799999993,True,nan,1.0,1,0.75,0.75,0.75,rl,38
1,43,3.0,23.0,late,5.0,False,True,2,False,2,1,0.3,0.7,False,False,1.0,left,0.0,1.0,2,0.7864758999994592,True,nan,0.0,0,-0.5,0.25,0.5,rl,38
1,44,3.0,24.0,late,5.0,False,True,2,True,1,2,0.3,0.7,False,False,1.0,left,1.0,0.0,1,0.8182200999999623,False,0.0,nan,0,-0.25,0.0,0.25,rl,38
1,45,3.0,25.0,late,5.0,False,True,2,False,2,1,0.3,0.7,False,False,4.0,right,1.0,0.0,1,0.7199282999999923,False,0.0,nan,0,-0.25,-0.25,0.25,rl,38
1,46,3.0,26.0,late,6.0,False,True,2,False,2,1,0.3,0.7,False,False,1.0,left,0.0,1.0,2,0.9839876000005461,True,nan,1.0,1,0.5,0.25,0.5,rl,38
1,47,3.0,27.0,late,6.0,False,True,2,True,1,2,0.3,0.7,False,False,4.0,right,0.0,1.0,2,0.4838329000003796,True,nan,0.0,0,-0.75,-0.5,0.75,rl,38
1,48,3.0,28.0,late,6.0,False,True,2,False,2,1,0.3,0.7,False,False,4.0,right,1.0,0.0,1,0.5698965999999928,False,0.0,nan,0,-0.5,-1.0,0.5,rl,38
1,49,3.0,29.0,late,6.0,False,True,2,True,1,2,0.3,0.7,False,False,4.0,right,0.0,1.0,2,0.8640632999995432,True,nan,1.0,1,0.75,-0.25,0.75,rl,38
1,50,3.0,30.0,late,6.0,False,True,2,True,1,2,0.3,0.7,False,False,4.0,right,0.0,1.0,2,0.6127472000007401,True,nan,1.0,1,0.25,0.0,0.25,rl,38
1,51,3.0,31.0,late,7.0,False,True,2,True,1,2,0.3,0.7,False,False,4.0,right,0.0,1.0,2,0.7600046000006841,True,nan,1.0,1,0.25,0.25,0.25,rl,38
1,52,3.0,32.0,late,7.0,False,True,2,False,2,1,0.3,0.7,True,False,1.0,left,0.0,1.0,2,0.7274614000007205,True,nan,0.0,0,-0.75,-0.5,0.75,rl,38
1,53,3.0,33.0,late,7.0,False,True,2,True,1,2,0.3,0.7,True,True,1.0,left,1.0,0.0,1,0.644510199999786,False,1.0,nan,1,0.25,-0.25,0.25,rl,38
1,54,4.0,1.0,early,1.0,True,False,1,True,1,2,0.7,0.3,False,False,1.0,left,1.0,0.0,1,0.7501069999998435,True,1.0,nan,1,0.25,0.0,0.25,rl,38
1,55,4.0,2.0,early,1.0,True,False,1,False,2,1,0.7,0.3,False,False,4.0,right,1.0,0.0,1,0.7661512000004223,True,1.0,nan,1,0.5,0.5,0.5,rl,38
1,56,4.0,3.0,early,1.0,True,False,1,False,2,1,0.7,0.3,False,False,4.0,right,1.0,0.0,1,0.7939292999999452,True,1.0,nan,1,0.5,1.0,0.5,rl,38
1,57,4.0,4.0,late,1.0,True,False,1,True,1,2,0.7,0.3,True,False,1.0,left,1.0,0.0,1,0.6367101999994702,True,0.0,nan,0,-0.25,0.75,0.25,rl,38
1,58,4.0,5.0,late,1.0,True,False,1,True,1,2,0.7,0.3,True,False,4.0,right,0.0,1.0,2,0.7505556999994951,False,nan,0.0,0,-0.75,0.0,0.75,rl,38
1,59,4.0,6.0,late,2.0,True,False,1,False,2,1,0.7,0.3,True,False,4.0,right,1.0,0.0,1,0.9393811999998434,True,0.0,nan,0,-0.75,-0.75,0.75,rl,38
1,60,4.0,7.0,late,2.0,True,False,1,False,2,1,0.7,0.3,True,True,1.0,left,0.0,1.0,2,0.9284526000001279,False,nan,0.0,0,-0.5,-1.25,0.5,rl,38
1,61,5.0,1.0,early,1.0,False,True,2,False,2,1,0.3,0.7,False,False,1.0,left,0.0,1.0,2,1.9784701999997196,True,nan,1.0,1,0.5,-0.75,0.5,rl,38
1,62,5.0,2.0,early,1.0,False,True,2,False,2,1,0.3,0.7,False,False,1.0,left,0.0,1.0,2,0.5945367999993323,True,nan,1.0,1,0.25,-0.5,0.25,rl,38
1,63,5.0,3.0,early,1.0,False,True,2,False,2,1,0.3,0.7,False,False,1.0,left,0.0,1.0,2,0.6651641999997082,True,nan,1.0,1,0.5,0.0,0.5,rl,38
1,64,5.0,4.0,late,1.0,False,True,2,True,1,2,0.3,0.7,True,False,4.0,right,0.0,1.0,2,1.332411299999876,True,nan,1.0,1,0.25,0.25,0.25,rl,38
1,65,5.0,5.0,late,1.0,False,True,2,True,1,2,0.3,0.7,True,False,4.0,right,0.0,1.0,2,0.6036362000004374,True,nan,0.0,0,-0.25,0.0,0.25,rl,38
1,66,5.0,6.0,late,2.0,False,True,2,True,1,2,0.3,0.7,True,False,1.0,left,1.0,0.0,1,0.6854176000006191,False,1.0,nan,1,0.75,0.75,0.75,rl,38
1,67,5.0,7.0,late,2.0,False,True,2,True,1,2,0.3,0.7,True,True,1.0,left,1.0,0.0,1,0.687388500000452,False,0.0,nan,0,-0.75,0.0,0.75,rl,38
1,68,6.0,1.0,early,1.0,True,False,1,False,2,1,0.7,0.3,False,False,1.0,left,0.0,1.0,2,1.0153521000002002,False,nan,0.0,0,-0.25,-0.25,0.25,rl,38
1,69,6.0,2.0,late,1.0,True,False,1,True,1,2,0.7,0.3,False,False,1.0,left,1.0,0.0,1,0.5274014000005991,True,1.0,nan,1,0.75,0.5,0.75,rl,38
1,70,6.0,3.0,late,1.0,True,False,1,False,2,1,0.7,0.3,False,False,4.0,right,1.0,0.0,1,0.6860788999993019,True,0.0,nan,0,-0.5,0.0,0.5,rl,38
