sessNo,trialNo,block,blockTrialNo,trialClass,blockBin,stim1_High,stim2_High,stimHigh,stim1_left,leftStim,rightStim,stim1_pWin,stim2_pWin,reverseStatus,reverseTrial,responseKey,response_LR,selected_stim1,selected_stim2,response_stimID,RT,highChosen,stim1_isWin,stim2_isWin,isWin,payOut,accum_payOut,abs_outMag,instructCond,subID
1,1,1.0,1.0,early,1.0,True,False,1,False,2,1,0.7,0.3,False,False,1.0,left,0.0,1.0,2,1.3609523745253682,False,nan,0.0,0,-0.75,-0.75,0.75,rl,30
1,2,1.0,2.0,early,1.0,True,False,1,True,1,2,0.7,0.3,False,False,1.0,left,1.0,0.0,1,0.8699097707867622,True,0.0,nan,0,-0.5,-1.25,0.5,rl,30
1,3,1.0,3.0,early,1.0,True,False,1,True,1,2,0.7,0.3,False,False,4.0,right,0.0,1.0,2,0.7136826715432107,False,nan,0.0,0,-0.25,-1.5,0.25,rl,30
1,4,1.0,4.0,early,1.0,True,False,1,False,2,1,0.7,0.3,False,False,4.0,right,1.0,0.0,1,0.9211501055397093,True,1.0,nan,1,0.75,-0.75,0.75,rl,30
1,5,1.0,5.0,early,1.0,True,False,1,True,1,2,0.7,0.3,False,False,1.0,left,1.0,0.0,1,0.6870411224663258,True,1.0,nan,1,0.5,-0.25,0.5,rl,30
1,6,1.0,6.0,late,2.0,True,False,1,True,1,2,0.7,0.3,False,False,1.0,left,1.0,0.0,1,0.4985603007953614,True,1.0,nan,1,0.5,0.25,0.5,rl,30
1,7,1.0,7.0,late,2.0,True,False,1,True,1,2,0.7,0.3,True,False,1.0,left,1.0,0.0,1,0.48111998313106596,True,0.0,nan,0,-0.75,-0.5,0.75,rl,30
1,8,1.0,8.0,late,2.0,True,False,1,False,2,1,0.7,0.3,True,False,1.0,left,0.0,1.0,2,0.7107595789711922,False,nan,1.0,1,0.25,-0.25,0.25,rl,30
1,9,1.0,9.0,late,2.0,True,False,1,True,1,2,0.7,0.3,True,False,1.0,left,1.0,0.0,1,1.1667922255583107,True,1.0,nan,1,0.25,0.0,0.25,rl,30
1,10,1.0,10.0,late,2.0,True,False,1,True,1,2,0.7,0.3,True,True,4.0,right,0.0,1.0,2,0.5394035400822759,False,nan,0.0,0,-0.5,-0.5,0.5,rl,30
1,11,2.0,1.0,early,1.0,False,True,2,True,1,2,0.3,0.7,False,False,1.0,left,1.0,0.0,1,0.4754254068247974,False,0.0,nan,0,-0.75,-1.25,0.75,rl,30
1,12,2.0,2.0,early,1.0,False,True,2,True,1,2,0.3,0.7,False,False,4.0,right,0.0,1.0,2,0.6645988796371967,True,nan,1.0,1,0.5,-0.75,0.5,rl,30
1,13,2.0,3.0,early,1.0,False,True,2,True,1,2,0.3,0.7,False,False,4.0,right,0.0,1.0,2,0.4812531175557524,True,nan,1.0,1,0.75,0.0,0.75,rl,30
1,14,2.0,4.0,early,1.0,False,True,2,True,1,2,0.3,0.7,False,False,4.0,right,0.0,1.0,2,0.4362460549455136,True,nan,1.0,1,0.75,0.75,0.75,rl,30
1,15,2.0,5.0,late,1.0,False,True,2,True,1,2,0.3,0.7,True,False,4.0,right,0.0,1.0,2,0.3991983197629452,True,nan,1.0,1,0.25,1.0,0.25,rl,30
1,16,2.0,6.0,late,2.0,False,True,2,False,2,1,0.3,0.7,True,False,4.0,right,1.0,0.0,1,0.3688339916989207,False,0.0,nan,0,-0.5,0.5,0.5,rl,30
1,17,2.0,7.0,late,2.0,False,True,2,True,1,2,0.3,0.7,True,False,1.0,left,1.0,0.0,1,0.5622604349628091,False,0.0,nan,0,-0.25,0.25,0.25,rl,30
1,18,2.0,8.0,late,2.0,False,True,2,False,2,1,0.3,0.7,True,True,1.0,left,0.0,1.0,2,0.5738651242572814,True,nan,0.0,0,-0.5,-0.25,0.5,rl,30
1,19,3.0,1.0,early,1.0,True,False,1,False,2,1,0.7,0.3,False,False,4.0,right,1.0,0.0,1,0.5392173279542476,True,0.0,nan,0,-0.25,-0.5,0.25,rl,30
1,20,3.0,2.0,early,1.0,True,False,1,False,2,1,0.7,0.3,False,False,4.0,right,1.0,0.0,1,0.30992435081861913,True,0.0,nan,0,-0.25,-0.75,0.25,rl,30
1,21,3.0,3.0,early,1.0,True,False,1,True,1,2,0.7,0.3,False,False,4.0,right,0.0,1.0,2,0.8194330525584519,False,nan,1.0,1,0.75,0.0,0.75,rl,30
1,22,3.0,4.0,early,1.0,True,False,1,False,2,1,0.7,0.3,False,False,1.0,left,0.0,1.0,2,0.6545610127504915,False,nan,0.0,0,-0.5,-0.5,0.5,rl,30
1,23,3.0,5.0,early,1.0,True,False,1,True,1,2,0.7,0.3,False,False,1.0,left,1.0,0.0,1,0.6294376065488905,True,1.0,nan,1,0.75,0.25,0.75,rl,30
1,24,3.0,6.0,early,2.0,True,False,1,False,2,1,0.7,0.3,False,False,1.0,left,0.0,1.0,2,1.0728573785163462,False,nan,0.0,0,-0.5,-0.25,0.5,rl,30
1,25,3.0,7.0,early,2.0,True,False,1,False,2,1,0.7,0.3,False,False,4.0,right,1.0,0.0,1,0.5851803780533373,True,1.0,nan,1,0.25,0.0,0.25,rl,30
1,26,3.0,8.0,early,2.0,True,False,1,False,2,1,0.7,0.3,False,False,4.0,right,1.0,0.0,1,0.4083992578089237,True,0.0,nan,0,-0.75,-0.75,0.75,rl,30
1,27,3.0,9.0,early,2.0,True,False,1,False,2,1,0.7,0.3,False,False,1.0,left,0.0,1.0,2,0.42413639300502837,False,nan,1.0,1,0.5,-0.25,0.5,rl,30
1,28,3.0,10.0,early,2.0,True,False,1,False,2,1,0.7,0.3,False,False,1.0,left,0.0,1.0,2,0.47804117598570883,False,nan,0.0,0,-0.25,-0.5,0.25,rl,30
1,29,3.0,11.0,early,3.0,True,False,1,False,2,1,0.7,0.3,False,False,4.0,right,1.0,0.0,1,0.43257400766015053,True,1.0,nan,1,0.25,-0.25,0.25,rl,30
1,30,3.0,12.0,early,3.0,True,False,1,True,1,2,0.7,0.3,False,False,4.0,right,0.0,1.0,2,0.7259069930296391,False,nan,1.0,1,0.5,0.25,0.5,rl,30
1,31,3.0,13.0,early,3.0,True,False,1,False,2,1,0.7,0.3,False,False,1.0,left,0.0,1.0,2,0.4085045338142663,False,nan,0.0,0,-0.75,-0.5,0.75,rl,30
1,32,3.0,14.0,early,3.0,True,False,1,False,2,1,0.7,0.3,False,False,4.0,right,1.0,0.0,1,0.5511398976668715,True,1.0,nan,1,0.5,0.0,0.5,rl,30
1,33,3.0,15.0,early,3.0,True,False,1,False,2,1,0.7,0.3,False,False,4.0,right,1.0,0.0,1,0.44914220669306815,True,0.0,nan,0,-0.5,-0.5,0.5,rl,30
1,34,3.0,16.0,early,4.0,True,False,1,False,2,1,0.7,0.3,False,False,1.0,left,0.0,1.0,2,1.110098070697859,False,nan,0.0,0,-0.25,-0.75,0.25,rl,30
1,35,3.0,17.0,early,4.0,True,False,1,True,1,2,0.7,0.3,False,False,4.0,right,0.0,1.0,2,0.6344512617215514,False,nan,0.0,0,-0.75,-1.5,0.75,rl,30
1,36,3.0,18.0,late,4.0,True,False,1,False,2,1,0.7,0.3,False,False,4.0,right,1.0,0.0,1,0.5542404050938785,True,1.0,nan,1,0.75,-0.75,0.75,rl,30
1,37,3.0,19.0,late,4.0,True,False,1,False,2,1,0.7,0.3,False,False,4.0,right,1.0,0.0,1,0.4305060252081603,True,1.0,nan,1,0.25,-0.5,0.25,rl,30
1,38,3.0,20.0,late,4.0,True,False,1,False,2,1,0.7,0.3,False,False,1.0,left,0.0,1.0,2,0.47729310137219727,False,nan,0.0,0,-0.5,-1.0,0.5,rl,30
1,39,3.0,21.0,late,5.0,True,False,1,True,1,2,0.7,0.3,False,False,1.0,left,1.0,0.0,1,0.7449443370569497,True,0.0,nan,0,-0.5,-1.5,0.5,rl,30
1,40,3.0,22.0,late,5.0,True,False,1,True,1,2,0.7,0.3,False,False,4.0,right,0.0,1.0,2,0.5674781906418502,False,nan,0.0,0,-0.25,-1.75,0.25,rl,30
1,41,3.0,23.0,late,5.0,True,False,1,False,2,1,0.7,0.3,False,False,4.0,right,1.0,0.0,1,1.0732353748753667,True,1.0,nan,1,0.5,-1.25,0.5,rl,30
1,42,3.0,24.0,late,5.0,True,False,1,False,2,1,0.7,0.3,False,False,4.0,right,1.0,0.0,1,0.519548621494323,True,0.0,nan,0,-0.75,-2.0,0.75,rl,30
1,43,3.0,25.0,late,5.0,True,False,1,True,1,2,0.7,0.3,False,False,1.0,left,1.0,0.0,1,0.5379991771187633,True,1.0,nan,1,0.25,-1.75,0.25,rl,30
1,44,3.0,26.0,late,6.0,True,False,1,True,1,2,0.7,0.3,False,False,4.0,right,0.0,1.0,2,0.42419093707576394,False,nan,0.0,0,-0.25,-2.0,0.25,rl,30
1,45,3.0,27.0,late,6.0,True,False,1,True,1,2,0.7,0.3,False,False,4.0,right,0.0,1.0,2,0.45508838910609484,False,nan,0.0,0,-0.75,-2.75,0.75,rl,30
1,46,3.0,28.0,late,6.0,True,False,1,False,2,1,0.7,0.3,False,False,4.0,right,1.0,0.0,1,0.6765434432309121,True,1.0,nan,1,0.5,-2.25,0.5,rl,30
1,47,3.0,29.0,late,6.0,True,False,1,False,2,1,0.7,0.3,False,False,1.0,left,0.0,1.0,2,0.47740130964666605,False,nan,0.0,0,-0.25,-2.5,0.25,rl,30
1,48,3.0,30.0,late,6.0,True,False,1,True,1,2,0.7,0.3,False,False,1.0,left,1.0,0.0,1,0.6035124615300447,True,1.0,nan,1,0.5,-2.0,0.5,rl,30
1,49,3.0,31.0,late,7.0,True,False,1,True,1,2,0.7,0.3,False,False,1.0,left,1.0,0.0,1,0.36785219865851104,True,1.0,nan,1,0.5,-1.5,0.5,rl,30
1,50,3.0,32.0,late,7.0,True,False,1,True,1,2,0.7,0.3,False,False,1.0,left,1.0,0.0,1,0.6115996453445405,True,1.0,nan,1,0.75,-0.75,0.75,rl,30
1,51,3.0,33.0,late,7.0,True,False,1,True,1,2,0.7,0.3,True,False,1.0,left,1.0,0.0,1,0.8205679210368544,True,0.0,nan,0,-0.25,-1.0,0.25,rl,30
1,52,3.0,34.0,late,7.0,True,False,1,True,1,2,0.7,0.3,True,True,4.0,right,0.0,1.0,2,0.5106852112803608,False,nan,0.0,0,-0.25,-1.25,0.25,rl,30
1,53,4.0,1.0,early,1.0,False,True,2,False,2,1,0.3,0.7,False,False,1.0,left,0.0,1.0,2,0.35508478223346174,True,nan,1.0,1,0.25,-1.0,0.25,rl,30
1,54,4.0,2.0,early,1.0,False,True,2,False,2,1,0.3,0.7,False,False,4.0,right,1.0,0.0,1,0.3564958900678903,False,0.0,nan,0,-0.5,-1.5,0.5,rl,30
1,55,4.0,3.0,early,1.0,False,True,2,False,2,1,0.3,0.7,False,False,1.0,left,0.0,1.0,2,0.4211086109280586,True,nan,1.0,1,0.75,-0.75,0.75,rl,30
1,56,4.0,4.0,early,1.0,False,True,2,True,1,2,0.3,0.7,False,False,1.0,left,1.0,0.0,1,0.4141779961064458,False,0.0,nan,0,-0.75,-1.5,0.75,rl,30
1,57,4.0,5.0,early,1.0,False,True,2,True,1,2,0.3,0.7,False,False,4.0,right,0.0,1.0,2,0.6017840600106865,True,nan,1.0,1,0.5,-1.0,0.5,rl,30
1,58,4.0,6.0,early,2.0,False,True,2,True,1,2,0.3,0.7,False,False,4.0,right,0.0,1.0,2,0.3977250433526933,True,nan,1.0,1,0.5,-0.5,0.5,rl,30
1,59,4.0,7.0,early,2.0,False,True,2,True,1,2,0.3,0.7,False,False,1.0,left,1.0,0.0,1,0.358090863795951,False,1.0,nan,1,0.75,0.25,0.75,rl,30
1,60,4.0,8.0,early,2.0,False,True,2,False,2,1,0.3,0.7,False,False,1.0,left,0.0,1.0,2,0.369670040672645,True,nan,0.0,0,-0.25,0.0,0.25,rl,30
1,61,4.0,9.0,early,2.0,False,True,2,False,2,1,0.3,0.7,False,False,4.0,right,1.0,0.0,1,0.29175326018594205,False,1.0,nan,1,0.75,0.75,0.75,rl,30
1,62,4.0,10.0,late,2.0,False,True,2,True,1,2,0.3,0.7,False,False,4.0,right,0.0,1.0,2,0.3849678908009082,True,nan,1.0,1,0.25,1.0,0.25,rl,30
1,63,4.0,11.0,late,3.0,False,True,2,True,1,2,0.3,0.7,False,False,1.0,left,1.0,0.0,1,0.2953874785453081,False,0.0,nan,0,-0.25,0.75,0.25,rl,30
1,64,4.0,12.0,late,3.0,False,True,2,False,2,1,0.3,0.7,False,False,1.0,left,0.0,1.0,2,0.49904973106458783,True,nan,1.0,1,0.75,1.5,0.75,rl,30
1,65,4.0,13.0,late,3.0,False,True,2,True,1,2,0.3,0.7,False,False,4.0,right,0.0,1.0,2,0.4163896697573364,True,nan,1.0,1,0.25,1.75,0.25,rl,30
1,66,4.0,14.0,late,3.0,False,True,2,False,2,1,0.3,0.7,False,False,1.0,left,0.0,1.0,2,0.6600412246771157,True,nan,0.0,0,-0.5,1.25,0.5,rl,30
1,67,4.0,15.0,late,3.0,False,True,2,True,1,2,0.3,0.7,False,False,1.0,left,1.0,0.0,1,0.6384848833549768,False,0.0,nan,0,-0.5,0.75,0.5,rl,30
1,68,4.0,16.0,late,4.0,False,True,2,False,2,1,0.3,0.7,False,False,1.0,left,0.0,1.0,2,0.5120957323815674,True,nan,1.0,1,0.5,1.25,0.5,rl,30
1,69,4.0,17.0,late,4.0,False,True,2,True,1,2,0.3,0.7,False,False,4.0,right,0.0,1.0,2,0.535680467961356,True,nan,0.0,0,-0.75,0.5,0.75,rl,30
1,70,4.0,18.0,late,4.0,False,True,2,False,2,1,0.3,0.7,False,False,4.0,right,1.0,0.0,1,0.6878364102449268,False,1.0,nan,1,0.5,1.0,0.5,rl,30
