sessNo,trialNo,block,blockTrialNo,trialClass,blockBin,stim1_High,stim2_High,stimHigh,stim1_left,leftStim,rightStim,stim1_pWin,stim2_pWin,reverseStatus,reverseTrial,responseKey,response_LR,selected_stim1,selected_stim2,response_stimID,RT,highChosen,stim1_isWin,stim2_isWin,isWin,payOut,accum_payOut,abs_outMag,instructCond,subID
1,1,1.0,1.0,early,1.0,False,True,2,True,1,2,0.3,0.7,False,False,1.0,left,1.0,0.0,1,0.7837981842458248,False,1.0,nan,1,0.5,0.5,0.5,rl,32
1,2,1.0,2.0,early,1.0,False,True,2,False,2,1,0.3,0.7,False,False,4.0,right,1.0,0.0,1,0.491806807462126,False,0.0,nan,0,-0.25,0.25,0.25,rl,32
1,3,1.0,3.0,early,1.0,False,True,2,False,2,1,0.3,0.7,False,False,1.0,left,0.0,1.0,2,0.4856172292493284,True,nan,1.0,1,0.75,1.0,0.75,rl,32
1,4,1.0,4.0,late,1.0,False,True,2,False,2,1,0.3,0.7,False,False,1.0,left,0.0,1.0,2,0.48803857481107116,True,nan,1.0,1,0.75,1.75,0.75,rl,32
1,5,1.0,5.0,late,1.0,False,True,2,True,1,2,0.3,0.7,False,False,4.0,right,0.0,1.0,2,0.4517207331955433,True,nan,1.0,1,0.5,2.25,0.5,rl,32
1,6,1.0,6.0,late,2.0,False,True,2,False,2,1,0.3,0.7,True,True,1.0,left,0.0,1.0,2,0.47523802146315575,True,nan,1.0,1,0.25,2.5,0.25,rl,32
1,7,2.0,1.0,early,1.0,True,False,1,False,2,1,0.7,0.3,False,False,1.0,left,0.0,1.0,2,0.43107463233172894,False,nan,0.0,0,-0.25,2.25,0.25,rl,32
1,8,2.0,2.0,early,1.0,True,False,1,True,1,2,0.7,0.3,False,False,1.0,left,1.0,0.0,1,0.4741532988846302,True,0.0,nan,0,-0.5,1.75,0.5,rl,32
1,9,2.0,3.0,early,1.0,True,False,1,True,1,2,0.7,0.3,False,False,4.0,right,0.0,1.0,2,0.4206910263746977,False,nan,0.0,0,-0.25,1.5,0.25,rl,32
1,10,2.0,4.0,early,1.0,True,False,1,False,2,1,0.7,0.3,False,False,1.0,left,0.0,1.0,2,0.40712773613631725,False,nan,1.0,1,0.75,2.25,0.75,rl,32
1,11,2.0,5.0,early,1.0,True,False,1,True,1,2,0.7,0.3,False,False,4.0,right,0.0,1.0,2,0.45461068907752633,False,nan,1.0,1,0.25,2.5,0.25,rl,32
1,12,2.0,6.0,early,2.0,True,False,1,False,2,1,0.7,0.3,False,False,4.0,right,1.0,0.0,1,0.4400582741945982,True,0.0,nan,0,-0.25,2.25,0.25,rl,32
1,13,2.0,7.0,early,2.0,True,False,1,False,2,1,0.7,0.3,False,False,1.0,left,0.0,1.0,2,0.5534782540053129,False,nan,1.0,1,0.75,3.0,0.75,rl,32
1,14,2.0,8.0,early,2.0,True,False,1,False,2,1,0.7,0.3,False,False,1.0,left,0.0,1.0,2,0.507130463141948,False,nan,0.0,0,-0.5,2.5,0.5,rl,32
1,15,2.0,9.0,late,2.0,True,False,1,True,1,2,0.7,0.3,False,False,1.0,left,1.0,0.0,1,0.45787394884973764,True,1.0,nan,1,0.5,3.0,0.5,rl,32
1,16,2.0,10.0,late,2.0,True,False,1,True,1,2,0.7,0.3,False,False,1.0,left,1.0,0.0,1,0.4286342253908515,True,0.0,nan,0,-0.75,2.25,0.75,rl,32
1,17,2.0,11.0,late,3.0,True,False,1,False,2,1,0.7,0.3,False,False,1.0,left,0.0,1.0,2,0.42200770834460855,False,nan,0.0,0,-0.75,1.5,0.75,rl,32
1,18,2.0,12.0,late,3.0,True,False,1,True,1,2,0.7,0.3,False,False,4.0,right,0.0,1.0,2,0.32551134331151843,False,nan,0.0,0,-0.5,1.0,0.5,rl,32
1,19,2.0,13.0,late,3.0,True,False,1,True,1,2,0.7,0.3,False,False,1.0,left,1.0,0.0,1,0.49407067941501737,True,1.0,nan,1,0.25,1.25,0.25,rl,32
1,20,2.0,14.0,late,3.0,True,False,1,False,2,1,0.7,0.3,False,False,4.0,right,1.0,0.0,1,0.40553745394572616,True,1.0,nan,1,0.5,1.75,0.5,rl,32
1,21,2.0,15.0,late,3.0,True,False,1,False,2,1,0.7,0.3,False,False,4.0,right,1.0,0.0,1,0.5670157386921346,True,1.0,nan,1,0.75,2.5,0.75,rl,32
1,22,2.0,16.0,late,4.0,True,False,1,True,1,2,0.7,0.3,True,False,1.0,left,1.0,0.0,1,0.4277119617909193,True,1.0,nan,1,0.75,3.25,0.75,rl,32
1,23,2.0,17.0,late,4.0,True,False,1,False,2,1,0.7,0.3,True,True,4.0,right,1.0,0.0,1,0.3490268727764487,True,0.0,nan,0,-0.5,2.75,0.5,rl,32
1,24,3.0,1.0,early,1.0,False,True,2,True,1,2,0.3,0.7,False,False,4.0,right,0.0,1.0,2,0.45301630115136504,True,nan,1.0,1,0.5,3.25,0.5,rl,32
1,25,3.0,2.0,early,1.0,False,True,2,True,1,2,0.3,0.7,False,False,4.0,right,0.0,1.0,2,0.5150927235372365,True,nan,1.0,1,0.25,3.5,0.25,rl,32
1,26,3.0,3.0,early,1.0,False,True,2,False,2,1,0.3,0.7,False,False,4.0,right,1.0,0.0,1,0.47591014532372355,False,1.0,nan,1,0.25,3.75,0.25,rl,32
1,27,3.0,4.0,early,1.0,False,True,2,True,1,2,0.3,0.7,False,False,1.0,left,1.0,0.0,1,0.4278887896798551,False,0.0,nan,0,-0.75,3.0,0.75,rl,32
1,28,3.0,5.0,early,1.0,False,True,2,True,1,2,0.3,0.7,False,False,4.0,right,0.0,1.0,2,0.3862913176417351,True,nan,0.0,0,-0.75,2.25,0.75,rl,32
1,29,3.0,6.0,early,2.0,False,True,2,True,1,2,0.3,0.7,False,False,1.0,left,1.0,0.0,1,0.4700783295556903,False,0.0,nan,0,-0.25,2.0,0.25,rl,32
1,30,3.0,7.0,early,2.0,False,True,2,False,2,1,0.3,0.7,False,False,4.0,right,1.0,0.0,1,0.3782580913975835,False,1.0,nan,1,0.5,2.5,0.5,rl,32
1,31,3.0,8.0,early,2.0,False,True,2,False,2,1,0.3,0.7,False,False,4.0,right,1.0,0.0,1,0.49571843771263957,False,0.0,nan,0,-0.75,1.75,0.75,rl,32
1,32,3.0,9.0,early,2.0,False,True,2,True,1,2,0.3,0.7,False,False,1.0,left,1.0,0.0,1,0.4694757051765919,False,0.0,nan,0,-0.25,1.5,0.25,rl,32
1,33,3.0,10.0,early,2.0,False,True,2,True,1,2,0.3,0.7,False,False,4.0,right,0.0,1.0,2,0.3770968304015696,True,nan,0.0,0,-0.5,1.0,0.5,rl,32
1,34,3.0,11.0,early,3.0,False,True,2,False,2,1,0.3,0.7,False,False,4.0,right,1.0,0.0,1,0.6101850187405944,False,0.0,nan,0,-0.5,0.5,0.5,rl,32
1,35,3.0,12.0,early,3.0,False,True,2,True,1,2,0.3,0.7,False,False,4.0,right,0.0,1.0,2,0.36289455369114876,True,nan,1.0,1,0.75,1.25,0.75,rl,32
1,36,3.0,13.0,early,3.0,False,True,2,False,2,1,0.3,0.7,False,False,1.0,left,0.0,1.0,2,0.4263944001868367,True,nan,1.0,1,0.25,1.5,0.25,rl,32
1,37,3.0,14.0,early,3.0,False,True,2,False,2,1,0.3,0.7,False,False,1.0,left,0.0,1.0,2,0.9895284199155867,True,nan,0.0,0,-0.25,1.25,0.25,rl,32
1,38,3.0,15.0,early,3.0,False,True,2,False,2,1,0.3,0.7,False,False,4.0,right,1.0,0.0,1,0.3867417462170124,False,0.0,nan,0,-0.5,0.75,0.5,rl,32
1,39,3.0,16.0,early,4.0,False,True,2,False,2,1,0.3,0.7,False,False,1.0,left,0.0,1.0,2,0.4309180383570492,True,nan,1.0,1,0.5,1.25,0.5,rl,32
1,40,3.0,17.0,early,4.0,False,True,2,True,1,2,0.3,0.7,False,False,1.0,left,1.0,0.0,1,0.6868343828245997,False,1.0,nan,1,0.75,2.0,0.75,rl,32
1,41,3.0,18.0,late,4.0,False,True,2,False,2,1,0.3,0.7,False,False,1.0,left,0.0,1.0,2,0.567123653832823,True,nan,0.0,0,-0.5,1.5,0.5,rl,32
1,42,3.0,19.0,late,4.0,False,True,2,False,2,1,0.3,0.7,False,False,4.0,right,1.0,0.0,1,0.4123833207413554,False,0.0,nan,0,-0.25,1.25,0.25,rl,32
1,43,3.0,20.0,late,4.0,False,True,2,False,2,1,0.3,0.7,False,False,1.0,left,0.0,1.0,2,0.3953608809970319,True,nan,1.0,1,0.75,2.0,0.75,rl,32
1,44,3.0,21.0,late,5.0,False,True,2,False,2,1,0.3,0.7,False,False,1.0,left,0.0,1.0,2,0.4377715289592743,True,nan,0.0,0,-0.5,1.5,0.5,rl,32
1,45,3.0,22.0,late,5.0,False,True,2,False,2,1,0.3,0.7,False,False,4.0,right,1.0,0.0,1,0.6245128060691059,False,1.0,nan,1,0.25,1.75,0.25,rl,32
1,46,3.0,23.0,late,5.0,False,True,2,True,1,2,0.3,0.7,False,False,4.0,right,0.0,1.0,2,0.3130603414028883,True,nan,1.0,1,0.75,2.5,0.75,rl,32
1,47,3.0,24.0,late,5.0,False,True,2,True,1,2,0.3,0.7,False,False,4.0,right,0.0,1.0,2,0.3288291469216347,True,nan,1.0,1,0.5,3.0,0.5,rl,32
1,48,3.0,25.0,late,5.0,False,True,2,True,1,2,0.3,0.7,False,False,4.0,right,0.0,1.0,2,0.4187676147557795,True,nan,1.0,1,0.5,3.5,0.5,rl,32
1,49,3.0,26.0,late,6.0,False,True,2,False,2,1,0.3,0.7,False,False,4.0,right,1.0,0.0,1,0.2824561367742717,False,0.0,nan,0,-0.75,2.75,0.75,rl,32
1,50,3.0,27.0,late,6.0,False,True,2,True,1,2,0.3,0.7,False,False,1.0,left,1.0,0.0,1,0.3380256867967546,False,0.0,nan,0,-0.25,2.5,0.25,rl,32
1,51,3.0,28.0,late,6.0,False,True,2,True,1,2,0.3,0.7,False,False,4.0,right,0.0,1.0,2,0.5919696479104459,True,nan,1.0,1,0.5,3.0,0.5,rl,32
1,52,3.0,29.0,late,6.0,False,True,2,False,2,1,0.3,0.7,False,False,1.0,left,0.0,1.0,2,0.5788359651342034,True,nan,1.0,1,0.25,3.25,0.25,rl,32
1,53,3.0,30.0,late,6.0,False,True,2,False,2,1,0.3,0.7,False,False,4.0,right,1.0,0.0,1,0.2984275771304965,False,0.0,nan,0,-0.5,2.75,0.5,rl,32
1,54,3.0,31.0,late,7.0,False,True,2,False,2,1,0.3,0.7,False,False,1.0,left,0.0,1.0,2,0.4048890834674239,True,nan,1.0,1,0.75,3.5,0.75,rl,32
1,55,3.0,32.0,late,7.0,False,True,2,True,1,2,0.3,0.7,False,False,4.0,right,0.0,1.0,2,0.4183468045666814,True,nan,1.0,1,0.5,4.0,0.5,rl,32
1,56,3.0,33.0,late,7.0,False,True,2,False,2,1,0.3,0.7,False,False,1.0,left,0.0,1.0,2,0.4019349068403244,True,nan,0.0,0,-0.75,3.25,0.75,rl,32
1,57,3.0,34.0,late,7.0,False,True,2,False,2,1,0.3,0.7,True,False,1.0,left,0.0,1.0,2,0.4356120531447232,True,nan,1.0,1,0.25,3.5,0.25,rl,32
1,58,3.0,35.0,late,7.0,False,True,2,False,2,1,0.3,0.7,True,True,4.0,right,1.0,0.0,1,0.4323259200900793,False,0.0,nan,0,-0.75,2.75,0.75,rl,32
1,59,4.0,1.0,early,1.0,True,False,1,False,2,1,0.7,0.3,False,False,1.0,left,0.0,1.0,2,0.5000435472466052,False,nan,0.0,0,-0.25,2.5,0.25,rl,32
1,60,4.0,2.0,early,1.0,True,False,1,True,1,2,0.7,0.3,False,False,1.0,left,1.0,0.0,1,0.44126792065799236,True,0.0,nan,0,-0.5,2.0,0.5,rl,32
1,61,4.0,3.0,early,1.0,True,False,1,True,1,2,0.7,0.3,False,False,4.0,right,0.0,1.0,2,0.52668099058792,False,nan,1.0,1,0.5,2.5,0.5,rl,32
1,62,4.0,4.0,early,1.0,True,False,1,True,1,2,0.7,0.3,False,False,4.0,right,0.0,1.0,2,0.4862491781823337,False,nan,0.0,0,-0.75,1.75,0.75,rl,32
1,63,4.0,5.0,early,1.0,True,False,1,False,2,1,0.7,0.3,False,False,1.0,left,0.0,1.0,2,1.0447636670432985,False,nan,0.0,0,-0.75,1.0,0.75,rl,32
1,64,4.0,6.0,early,2.0,True,False,1,False,2,1,0.7,0.3,False,False,4.0,right,1.0,0.0,1,0.40334924031049013,True,1.0,nan,1,0.5,1.5,0.5,rl,32
1,65,4.0,7.0,late,2.0,True,False,1,True,1,2,0.7,0.3,False,False,1.0,left,1.0,0.0,1,0.41522254422307014,True,1.0,nan,1,0.75,2.25,0.75,rl,32
1,66,4.0,8.0,late,2.0,True,False,1,True,1,2,0.7,0.3,False,False,1.0,left,1.0,0.0,1,0.4331531720235944,True,0.0,nan,0,-0.25,2.0,0.25,rl,32
1,67,4.0,9.0,late,2.0,True,False,1,False,2,1,0.7,0.3,False,False,1.0,left,0.0,1.0,2,0.4529570657759905,False,nan,0.0,0,-0.5,1.5,0.5,rl,32
1,68,4.0,10.0,late,2.0,True,False,1,False,2,1,0.7,0.3,False,False,4.0,right,1.0,0.0,1,0.37080373615026474,True,1.0,nan,1,0.25,1.75,0.25,rl,32
1,69,4.0,11.0,late,3.0,True,False,1,False,2,1,0.7,0.3,False,False,4.0,right,1.0,0.0,1,0.49154435051605105,True,1.0,nan,1,0.5,2.25,0.5,rl,32
1,70,4.0,12.0,late,3.0,True,False,1,True,1,2,0.7,0.3,False,False,1.0,left,1.0,0.0,1,0.4712533727288246,True,0.0,nan,0,-0.25,2.0,0.25,rl,32
