sessNo,trialNo,block,blockTrialNo,trialClass,blockBin,stim1_High,stim2_High,stimHigh,stim1_left,leftStim,rightStim,stim1_pWin,stim2_pWin,reverseStatus,reverseTrial,responseKey,response_LR,selected_stim1,selected_stim2,response_stimID,RT,highChosen,stim1_isWin,stim2_isWin,isWin,payOut,accum_payOut,abs_outMag,instructCond,subID
1,1,1.0,1.0,early,1.0,True,False,1,False,2,1,0.7,0.3,False,False,4.0,right,1.0,0.0,1,1.4314291691407561,True,1.0,nan,1,0.25,0.25,0.25,hm,36
1,2,1.0,2.0,early,1.0,True,False,1,False,2,1,0.7,0.3,False,False,4.0,right,1.0,0.0,1,0.9384241523221135,True,0.0,nan,0,-0.5,-0.25,0.5,hm,36
1,3,1.0,3.0,early,1.0,True,False,1,True,1,2,0.7,0.3,False,False,4.0,right,0.0,1.0,2,1.404682343825698,False,nan,0.0,0,-0.5,-0.75,0.5,hm,36
1,4,1.0,4.0,early,1.0,True,False,1,False,2,1,0.7,0.3,False,False,1.0,left,0.0,1.0,2,0.7605474581941962,False,nan,1.0,1,0.75,0.0,0.75,hm,36
1,5,1.0,5.0,early,1.0,True,False,1,True,1,2,0.7,0.3,False,False,1.0,left,1.0,0.0,1,0.7186265336349607,True,1.0,nan,1,0.25,0.25,0.25,hm,36
1,6,1.0,6.0,early,2.0,True,False,1,False,2,1,0.7,0.3,False,False,1.0,left,0.0,1.0,2,0.871636413037777,False,nan,1.0,1,0.5,0.75,0.5,hm,36
1,7,1.0,7.0,early,2.0,True,False,1,False,2,1,0.7,0.3,False,False,1.0,left,0.0,1.0,2,1.01109179854393,False,nan,0.0,0,-0.25,0.5,0.25,hm,36
1,8,1.0,8.0,early,2.0,True,False,1,False,2,1,0.7,0.3,False,False,4.0,right,1.0,0.0,1,0.6299695586785674,True,0.0,nan,0,-0.75,-0.25,0.75,hm,36
1,9,1.0,9.0,early,2.0,True,False,1,True,1,2,0.7,0.3,False,False,1.0,left,1.0,0.0,1,0.7991587901487947,True,1.0,nan,1,0.75,0.5,0.75,hm,36
1,10,1.0,10.0,early,2.0,True,False,1,True,1,2,0.7,0.3,False,False,1.0,left,1.0,0.0,1,1.0915395999327302,True,0.0,nan,0,-0.5,0.0,0.5,hm,36
1,11,1.0,11.0,late,3.0,True,False,1,False,2,1,0.7,0.3,False,False,1.0,left,0.0,1.0,2,0.6423079529777169,False,nan,1.0,1,0.5,0.5,0.5,hm,36
1,12,1.0,12.0,late,3.0,True,False,1,False,2,1,0.7,0.3,False,False,4.0,right,1.0,0.0,1,0.8329174593091011,True,0.0,nan,0,-0.5,0.0,0.5,hm,36
1,13,1.0,13.0,late,3.0,True,False,1,False,2,1,0.7,0.3,False,False,1.0,left,0.0,1.0,2,0.8049841551110148,False,nan,1.0,1,0.75,0.75,0.75,hm,36
1,14,1.0,14.0,late,3.0,True,False,1,True,1,2,0.7,0.3,False,False,1.0,left,1.0,0.0,1,0.8156469324603677,True,1.0,nan,1,0.25,1.0,0.25,hm,36
1,15,1.0,15.0,late,3.0,True,False,1,False,2,1,0.7,0.3,False,False,4.0,right,1.0,0.0,1,1.1924704555422068,True,1.0,nan,1,0.75,1.75,0.75,hm,36
1,16,1.0,16.0,late,4.0,True,False,1,True,1,2,0.7,0.3,False,False,4.0,right,0.0,1.0,2,0.8219734570011497,False,nan,0.0,0,-0.25,1.5,0.25,hm,36
1,17,1.0,17.0,late,4.0,True,False,1,False,2,1,0.7,0.3,False,False,4.0,right,1.0,0.0,1,0.6654513506218791,True,1.0,nan,1,0.5,2.0,0.5,hm,36
1,18,1.0,18.0,late,4.0,True,False,1,False,2,1,0.7,0.3,False,False,4.0,right,1.0,0.0,1,0.7126788850873709,True,1.0,nan,1,0.75,2.75,0.75,hm,36
1,19,1.0,19.0,late,4.0,True,False,1,False,2,1,0.7,0.3,False,False,4.0,right,1.0,0.0,1,0.7473595254123211,True,1.0,nan,1,0.5,3.25,0.5,hm,36
1,20,1.0,20.0,late,4.0,True,False,1,True,1,2,0.7,0.3,True,True,1.0,left,1.0,0.0,1,0.861757192760706,True,0.0,nan,0,-0.25,3.0,0.25,hm,36
1,21,2.0,1.0,early,1.0,False,True,2,True,1,2,0.3,0.7,False,False,1.0,left,1.0,0.0,1,0.6868493380025029,False,1.0,nan,1,0.5,3.5,0.5,hm,36
1,22,2.0,2.0,early,1.0,False,True,2,True,1,2,0.3,0.7,False,False,1.0,left,1.0,0.0,1,0.8331309435889125,False,0.0,nan,0,-0.25,3.25,0.25,hm,36
1,23,2.0,3.0,early,1.0,False,True,2,True,1,2,0.3,0.7,False,False,4.0,right,0.0,1.0,2,0.5708728255704045,True,nan,1.0,1,0.25,3.5,0.25,hm,36
1,24,2.0,4.0,early,1.0,False,True,2,False,2,1,0.3,0.7,False,False,1.0,left,0.0,1.0,2,1.0456709749996662,True,nan,0.0,0,-0.5,3.0,0.5,hm,36
1,25,2.0,5.0,early,1.0,False,True,2,True,1,2,0.3,0.7,False,False,1.0,left,1.0,0.0,1,0.5427380595356226,False,1.0,nan,1,0.5,3.5,0.5,hm,36
1,26,2.0,6.0,early,2.0,False,True,2,False,2,1,0.3,0.7,False,False,4.0,right,1.0,0.0,1,0.8772975588217378,False,0.0,nan,0,-0.5,3.0,0.5,hm,36
1,27,2.0,7.0,late,2.0,False,True,2,False,2,1,0.3,0.7,False,False,1.0,left,0.0,1.0,2,1.0887379124760628,True,nan,1.0,1,0.25,3.25,0.25,hm,36
1,28,2.0,8.0,late,2.0,False,True,2,False,2,1,0.3,0.7,False,False,1.0,left,0.0,1.0,2,0.6869197180494666,True,nan,1.0,1,0.75,4.0,0.75,hm,36
1,29,2.0,9.0,late,2.0,False,True,2,True,1,2,0.3,0.7,False,False,4.0,right,0.0,1.0,2,0.6811304222792387,True,nan,1.0,1,0.75,4.75,0.75,hm,36
1,30,2.0,10.0,late,2.0,False,True,2,True,1,2,0.3,0.7,True,False,4.0,right,0.0,1.0,2,1.2883982146158814,True,nan,0.0,0,-0.75,4.0,0.75,hm,36
1,31,2.0,11.0,late,3.0,False,True,2,True,1,2,0.3,0.7,True,False,1.0,left,1.0,0.0,1,0.8216980965808034,False,0.0,nan,0,-0.25,3.75,0.25,hm,36
1,32,2.0,12.0,late,3.0,False,True,2,True,1,2,0.3,0.7,True,True,1.0,left,1.0,0.0,1,0.8060935102403164,False,0.0,nan,0,-0.25,3.5,0.25,hm,36
1,33,3.0,1.0,early,1.0,True,False,1,True,1,2,0.7,0.3,False,False,4.0,right,0.0,1.0,2,0.7346630748361349,False,nan,0.0,0,-0.5,3.0,0.5,hm,36
1,34,3.0,2.0,early,1.0,True,False,1,False,2,1,0.7,0.3,False,False,4.0,right,1.0,0.0,1,1.2531181760132313,True,1.0,nan,1,0.5,3.5,0.5,hm,36
1,35,3.0,3.0,early,1.0,True,False,1,True,1,2,0.7,0.3,False,False,1.0,left,1.0,0.0,1,0.7885171258822083,True,1.0,nan,1,0.25,3.75,0.25,hm,36
1,36,3.0,4.0,early,1.0,True,False,1,False,2,1,0.7,0.3,False,False,4.0,right,1.0,0.0,1,0.6308742268010974,True,1.0,nan,1,0.5,4.25,0.5,hm,36
1,37,3.0,5.0,late,1.0,True,False,1,True,1,2,0.7,0.3,True,False,1.0,left,1.0,0.0,1,0.702351582236588,True,0.0,nan,0,-0.75,3.5,0.75,hm,36
1,38,3.0,6.0,late,2.0,True,False,1,False,2,1,0.7,0.3,True,False,4.0,right,1.0,0.0,1,0.631648107431829,True,0.0,nan,0,-0.5,3.0,0.5,hm,36
1,39,3.0,7.0,late,2.0,True,False,1,False,2,1,0.7,0.3,True,False,1.0,left,0.0,1.0,2,1.0966160101816058,False,nan,0.0,0,-0.25,2.75,0.25,hm,36
1,40,3.0,8.0,late,2.0,True,False,1,True,1,2,0.7,0.3,True,True,4.0,right,0.0,1.0,2,0.576477668248117,False,nan,1.0,1,0.75,3.5,0.75,hm,36
1,41,4.0,1.0,early,1.0,False,True,2,False,2,1,0.3,0.7,False,False,1.0,left,0.0,1.0,2,1.120922720991075,True,nan,0.0,0,-0.25,3.25,0.25,hm,36
1,42,4.0,2.0,early,1.0,False,True,2,False,2,1,0.3,0.7,False,False,4.0,right,1.0,0.0,1,1.3125319089740515,False,0.0,nan,0,-0.5,2.75,0.5,hm,36
1,43,4.0,3.0,early,1.0,False,True,2,True,1,2,0.3,0.7,False,False,1.0,left,1.0,0.0,1,0.8576883813366294,False,1.0,nan,1,0.25,3.0,0.25,hm,36
1,44,4.0,4.0,early,1.0,False,True,2,False,2,1,0.3,0.7,False,False,4.0,right,1.0,0.0,1,1.0356401465833187,False,0.0,nan,0,-0.25,2.75,0.25,hm,36
1,45,4.0,5.0,early,1.0,False,True,2,True,1,2,0.3,0.7,False,False,4.0,right,0.0,1.0,2,0.7607984784990549,True,nan,1.0,1,0.75,3.5,0.75,hm,36
1,46,4.0,6.0,early,2.0,False,True,2,False,2,1,0.3,0.7,False,False,1.0,left,0.0,1.0,2,1.1935924217104912,True,nan,0.0,0,-0.5,3.0,0.5,hm,36
1,47,4.0,7.0,early,2.0,False,True,2,True,1,2,0.3,0.7,False,False,1.0,left,1.0,0.0,1,1.0458765421062708,False,0.0,nan,0,-0.75,2.25,0.75,hm,36
1,48,4.0,8.0,late,2.0,False,True,2,True,1,2,0.3,0.7,False,False,4.0,right,0.0,1.0,2,0.5187113992869854,True,nan,1.0,1,0.75,3.0,0.75,hm,36
1,49,4.0,9.0,late,2.0,False,True,2,False,2,1,0.3,0.7,False,False,1.0,left,0.0,1.0,2,0.6388373663648963,True,nan,1.0,1,0.5,3.5,0.5,hm,36
1,50,4.0,10.0,late,2.0,False,True,2,True,1,2,0.3,0.7,False,False,4.0,right,0.0,1.0,2,0.8172163935378194,True,nan,0.0,0,-0.5,3.0,0.5,hm,36
1,51,4.0,11.0,late,3.0,False,True,2,False,2,1,0.3,0.7,True,False,1.0,left,0.0,1.0,2,0.8242824887856841,True,nan,0.0,0,-0.25,2.75,0.25,hm,36
1,52,4.0,12.0,late,3.0,False,True,2,True,1,2,0.3,0.7,True,False,1.0,left,1.0,0.0,1,0.5988779757171869,False,0.0,nan,0,-0.75,2.0,0.75,hm,36
1,53,4.0,13.0,late,3.0,False,True,2,True,1,2,0.3,0.7,True,False,4.0,right,0.0,1.0,2,0.5481071304529905,True,nan,1.0,1,0.25,2.25,0.25,hm,36
1,54,4.0,14.0,late,3.0,False,True,2,True,1,2,0.3,0.7,True,True,4.0,right,0.0,1.0,2,0.7258665254339576,True,nan,1.0,1,0.5,2.75,0.5,hm,36
1,55,5.0,1.0,early,1.0,True,False,1,False,2,1,0.7,0.3,False,False,1.0,left,0.0,1.0,2,1.2753868158906698,False,nan,0.0,0,-0.25,2.5,0.25,hm,36
1,56,5.0,2.0,early,1.0,True,False,1,True,1,2,0.7,0.3,False,False,1.0,left,1.0,0.0,1,0.7256999602541327,True,1.0,nan,1,0.75,3.25,0.75,hm,36
1,57,5.0,3.0,early,1.0,True,False,1,True,1,2,0.7,0.3,False,False,1.0,left,1.0,0.0,1,1.0564563311636448,True,1.0,nan,1,0.5,3.75,0.5,hm,36
1,58,5.0,4.0,early,1.0,True,False,1,True,1,2,0.7,0.3,False,False,1.0,left,1.0,0.0,1,0.563123463653028,True,0.0,nan,0,-0.75,3.0,0.75,hm,36
1,59,5.0,5.0,early,1.0,True,False,1,True,1,2,0.7,0.3,False,False,4.0,right,0.0,1.0,2,0.44834516011178493,False,nan,0.0,0,-0.25,2.75,0.25,hm,36
1,60,5.0,6.0,early,2.0,True,False,1,True,1,2,0.7,0.3,False,False,1.0,left,1.0,0.0,1,0.6197833074256778,True,1.0,nan,1,0.25,3.0,0.25,hm,36
1,61,5.0,7.0,early,2.0,True,False,1,False,2,1,0.7,0.3,False,False,4.0,right,1.0,0.0,1,0.5993374949321151,True,1.0,nan,1,0.75,3.75,0.75,hm,36
1,62,5.0,8.0,early,2.0,True,False,1,False,2,1,0.7,0.3,False,False,1.0,left,0.0,1.0,2,1.003995206207037,False,nan,0.0,0,-0.5,3.25,0.5,hm,36
1,63,5.0,9.0,late,2.0,True,False,1,False,2,1,0.7,0.3,False,False,1.0,left,0.0,1.0,2,0.8281727125868201,False,nan,0.0,0,-0.75,2.5,0.75,hm,36
1,64,5.0,10.0,late,2.0,True,False,1,True,1,2,0.7,0.3,False,False,4.0,right,0.0,1.0,2,1.3277086475864053,False,nan,1.0,1,0.25,2.75,0.25,hm,36
1,65,5.0,11.0,late,3.0,True,False,1,False,2,1,0.7,0.3,False,False,4.0,right,1.0,0.0,1,1.05615487229079,True,1.0,nan,1,0.5,3.25,0.5,hm,36
1,66,5.0,12.0,late,3.0,True,False,1,True,1,2,0.7,0.3,False,False,1.0,left,1.0,0.0,1,0.7231393214315176,True,1.0,nan,1,0.75,4.0,0.75,hm,36
1,67,5.0,13.0,late,3.0,True,False,1,True,1,2,0.7,0.3,False,False,4.0,right,0.0,1.0,2,0.9840177102014422,False,nan,0.0,0,-0.5,3.5,0.5,hm,36
1,68,5.0,14.0,late,3.0,True,False,1,True,1,2,0.7,0.3,False,False,1.0,left,1.0,0.0,1,0.5721537312492728,True,1.0,nan,1,0.25,3.75,0.25,hm,36
1,69,5.0,15.0,late,3.0,True,False,1,True,1,2,0.7,0.3,False,False,1.0,left,1.0,0.0,1,0.9207046618685126,True,1.0,nan,1,0.25,4.0,0.25,hm,36
1,70,5.0,16.0,late,4.0,True,False,1,True,1,2,0.7,0.3,False,False,1.0,left,1.0,0.0,1,0.7648394303396344,True,0.0,nan,0,-0.5,3.5,0.5,hm,36
