sessNo,trialNo,block,blockTrialNo,trialClass,blockBin,stim1_High,stim2_High,stimHigh,stim1_left,leftStim,rightStim,stim1_pWin,stim2_pWin,reverseStatus,reverseTrial,responseKey,response_LR,selected_stim1,selected_stim2,response_stimID,RT,highChosen,stim1_isWin,stim2_isWin,isWin,payOut,accum_payOut,abs_outMag,instructCond,subID
1,1,1.0,1.0,early,1.0,True,False,1,True,1,2,0.7,0.3,False,False,1.0,left,1.0,0.0,1,0.6589166999992813,True,0.0,nan,0,-0.5,-0.5,0.5,hm,39
1,2,1.0,2.0,early,1.0,True,False,1,True,1,2,0.7,0.3,False,False,4.0,right,0.0,1.0,2,0.6477599999998347,False,nan,0.0,0,-0.75,-1.25,0.75,hm,39
1,3,1.0,3.0,early,1.0,True,False,1,False,2,1,0.7,0.3,False,False,4.0,right,1.0,0.0,1,0.6808389999996507,True,0.0,nan,0,-0.5,-1.75,0.5,hm,39
1,4,1.0,4.0,early,1.0,True,False,1,False,2,1,0.7,0.3,False,False,1.0,left,0.0,1.0,2,0.5160329999998794,False,nan,0.0,0,-0.75,-2.5,0.75,hm,39
1,5,1.0,5.0,late,1.0,True,False,1,False,2,1,0.7,0.3,False,False,4.0,right,1.0,0.0,1,0.6315338000003976,True,1.0,nan,1,0.75,-1.75,0.75,hm,39
1,6,1.0,6.0,late,2.0,True,False,1,False,2,1,0.7,0.3,False,False,4.0,right,1.0,0.0,1,0.7480604000002131,True,1.0,nan,1,0.25,-1.5,0.25,hm,39
1,7,1.0,7.0,late,2.0,True,False,1,True,1,2,0.7,0.3,False,False,1.0,left,1.0,0.0,1,0.7606926000007661,True,1.0,nan,1,0.5,-1.0,0.5,hm,39
1,8,1.0,8.0,late,2.0,True,False,1,False,2,1,0.7,0.3,True,False,4.0,right,1.0,0.0,1,0.7313175999997839,True,1.0,nan,1,0.5,-0.5,0.5,hm,39
1,9,1.0,9.0,late,2.0,True,False,1,True,1,2,0.7,0.3,True,True,1.0,left,1.0,0.0,1,0.9051574999994045,True,0.0,nan,0,-0.25,-0.75,0.25,hm,39
1,10,2.0,1.0,early,1.0,False,True,2,True,1,2,0.3,0.7,False,False,4.0,right,0.0,1.0,2,0.49268019999999524,True,nan,1.0,1,0.5,-0.25,0.5,hm,39
1,11,2.0,2.0,early,1.0,False,True,2,False,2,1,0.3,0.7,False,False,1.0,left,0.0,1.0,2,0.6811071000001903,True,nan,0.0,0,-0.5,-0.75,0.5,hm,39
1,12,2.0,3.0,early,1.0,False,True,2,True,1,2,0.3,0.7,False,False,1.0,left,1.0,0.0,1,0.728114700000333,False,0.0,nan,0,-0.75,-1.5,0.75,hm,39
1,13,2.0,4.0,early,1.0,False,True,2,False,2,1,0.3,0.7,False,False,1.0,left,0.0,1.0,2,0.7091215000000375,True,nan,1.0,1,0.25,-1.25,0.25,hm,39
1,14,2.0,5.0,late,1.0,False,True,2,False,2,1,0.3,0.7,False,False,1.0,left,0.0,1.0,2,1.080428899999788,True,nan,1.0,1,0.75,-0.5,0.75,hm,39
1,15,2.0,6.0,late,2.0,False,True,2,False,2,1,0.3,0.7,False,False,1.0,left,0.0,1.0,2,0.7558500000004642,True,nan,1.0,1,0.5,0.0,0.5,hm,39
1,16,2.0,7.0,late,2.0,False,True,2,False,2,1,0.3,0.7,True,False,1.0,left,0.0,1.0,2,0.8483409000000393,True,nan,0.0,0,-0.25,-0.25,0.25,hm,39
1,17,2.0,8.0,late,2.0,False,True,2,False,2,1,0.3,0.7,True,True,4.0,right,1.0,0.0,1,0.7295986999997695,False,0.0,nan,0,-0.25,-0.5,0.25,hm,39
1,18,3.0,1.0,early,1.0,True,False,1,False,2,1,0.7,0.3,False,False,4.0,right,1.0,0.0,1,0.6283033999998224,True,1.0,nan,1,0.5,0.0,0.5,hm,39
1,19,3.0,2.0,early,1.0,True,False,1,True,1,2,0.7,0.3,False,False,1.0,left,1.0,0.0,1,0.692108800000824,True,0.0,nan,0,-0.75,-0.75,0.75,hm,39
1,20,3.0,3.0,early,1.0,True,False,1,False,2,1,0.7,0.3,False,False,1.0,left,0.0,1.0,2,1.90409660000023,False,nan,1.0,1,0.75,0.0,0.75,hm,39
1,21,3.0,4.0,early,1.0,True,False,1,False,2,1,0.7,0.3,False,False,1.0,left,0.0,1.0,2,1.3607643000004828,False,nan,0.0,0,-0.75,-0.75,0.75,hm,39
1,22,3.0,5.0,early,1.0,True,False,1,False,2,1,0.7,0.3,False,False,4.0,right,1.0,0.0,1,0.8403075000005629,True,1.0,nan,1,0.5,-0.25,0.5,hm,39
1,23,3.0,6.0,early,2.0,True,False,1,True,1,2,0.7,0.3,False,False,1.0,left,1.0,0.0,1,1.3901496999997107,True,0.0,nan,0,-0.25,-0.5,0.25,hm,39
1,24,3.0,7.0,early,2.0,True,False,1,False,2,1,0.7,0.3,False,False,1.0,left,0.0,1.0,2,0.9521905999999944,False,nan,0.0,0,-0.5,-1.0,0.5,hm,39
1,25,3.0,8.0,early,2.0,True,False,1,True,1,2,0.7,0.3,False,False,1.0,left,1.0,0.0,1,0.8380991000003633,True,1.0,nan,1,0.25,-0.75,0.25,hm,39
1,26,3.0,9.0,early,2.0,True,False,1,True,1,2,0.7,0.3,False,False,4.0,right,0.0,1.0,2,0.41789670000071055,False,nan,0.0,0,-0.5,-1.25,0.5,hm,39
1,27,3.0,10.0,early,2.0,True,False,1,False,2,1,0.7,0.3,False,False,4.0,right,1.0,0.0,1,0.5377155000005587,True,1.0,nan,1,0.75,-0.5,0.75,hm,39
1,28,3.0,11.0,early,3.0,True,False,1,False,2,1,0.7,0.3,False,False,1.0,left,0.0,1.0,2,1.2508995000007417,False,nan,0.0,0,-0.5,-1.0,0.5,hm,39
1,29,3.0,12.0,early,3.0,True,False,1,False,2,1,0.7,0.3,False,False,4.0,right,1.0,0.0,1,0.3779261999998198,True,0.0,nan,0,-0.75,-1.75,0.75,hm,39
1,30,3.0,13.0,early,3.0,True,False,1,False,2,1,0.7,0.3,False,False,4.0,right,1.0,0.0,1,0.5384519999997792,True,1.0,nan,1,0.25,-1.5,0.25,hm,39
1,31,3.0,14.0,early,3.0,True,False,1,True,1,2,0.7,0.3,False,False,4.0,right,0.0,1.0,2,0.5405017000002772,False,nan,1.0,1,0.75,-0.75,0.75,hm,39
1,32,3.0,15.0,early,3.0,True,False,1,True,1,2,0.7,0.3,False,False,4.0,right,0.0,1.0,2,0.4266787000005934,False,nan,0.0,0,-0.75,-1.5,0.75,hm,39
1,33,3.0,16.0,early,4.0,True,False,1,True,1,2,0.7,0.3,False,False,1.0,left,1.0,0.0,1,0.5759719000006953,True,1.0,nan,1,0.25,-1.25,0.25,hm,39
1,34,3.0,17.0,early,4.0,True,False,1,False,2,1,0.7,0.3,False,False,1.0,left,0.0,1.0,2,0.9785078999993857,False,nan,0.0,0,-0.5,-1.75,0.5,hm,39
1,35,3.0,18.0,early,4.0,True,False,1,True,1,2,0.7,0.3,False,False,1.0,left,1.0,0.0,1,0.6267633000006754,True,1.0,nan,1,0.25,-1.5,0.25,hm,39
1,36,3.0,19.0,early,4.0,True,False,1,False,2,1,0.7,0.3,False,False,1.0,left,0.0,1.0,2,0.779544199999691,False,nan,0.0,0,-0.5,-2.0,0.5,hm,39
1,37,3.0,20.0,early,4.0,True,False,1,True,1,2,0.7,0.3,False,False,4.0,right,0.0,1.0,2,0.4402293000002828,False,nan,0.0,0,-0.5,-2.5,0.5,hm,39
1,38,3.0,21.0,early,5.0,True,False,1,False,2,1,0.7,0.3,False,False,4.0,right,1.0,0.0,1,0.8021891999997024,True,1.0,nan,1,0.75,-1.75,0.75,hm,39
1,39,3.0,22.0,early,5.0,True,False,1,False,2,1,0.7,0.3,False,False,1.0,left,0.0,1.0,2,1.3224673999993684,False,nan,0.0,0,-0.5,-2.25,0.5,hm,39
1,40,3.0,23.0,early,5.0,True,False,1,False,2,1,0.7,0.3,False,False,4.0,right,1.0,0.0,1,0.5359174999994138,True,0.0,nan,0,-0.25,-2.5,0.25,hm,39
1,41,3.0,24.0,early,5.0,True,False,1,False,2,1,0.7,0.3,False,False,4.0,right,1.0,0.0,1,0.8521709000006013,True,1.0,nan,1,0.75,-1.75,0.75,hm,39
1,42,3.0,25.0,early,5.0,True,False,1,True,1,2,0.7,0.3,False,False,4.0,right,0.0,1.0,2,0.6989245000004303,False,nan,1.0,1,0.5,-1.25,0.5,hm,39
1,43,3.0,26.0,early,6.0,True,False,1,True,1,2,0.7,0.3,False,False,1.0,left,1.0,0.0,1,0.5162000999998781,True,0.0,nan,0,-0.25,-1.5,0.25,hm,39
1,44,3.0,27.0,late,6.0,True,False,1,False,2,1,0.7,0.3,False,False,1.0,left,0.0,1.0,2,1.213784200000191,False,nan,1.0,1,0.25,-1.25,0.25,hm,39
1,45,3.0,28.0,late,6.0,True,False,1,True,1,2,0.7,0.3,False,False,1.0,left,1.0,0.0,1,0.8524521999997887,True,1.0,nan,1,0.5,-0.75,0.5,hm,39
1,46,3.0,29.0,late,6.0,True,False,1,False,2,1,0.7,0.3,False,False,1.0,left,0.0,1.0,2,0.7948722999999518,False,nan,1.0,1,0.75,0.0,0.75,hm,39
1,47,3.0,30.0,late,6.0,True,False,1,False,2,1,0.7,0.3,False,False,4.0,right,1.0,0.0,1,0.48288440000033006,True,1.0,nan,1,0.5,0.5,0.5,hm,39
1,48,3.0,31.0,late,7.0,True,False,1,False,2,1,0.7,0.3,False,False,1.0,left,0.0,1.0,2,0.6035799999999654,False,nan,0.0,0,-0.75,-0.25,0.75,hm,39
1,49,3.0,32.0,late,7.0,True,False,1,False,2,1,0.7,0.3,False,False,1.0,left,0.0,1.0,2,0.5135699000002205,False,nan,0.0,0,-0.5,-0.75,0.5,hm,39
1,50,3.0,33.0,late,7.0,True,False,1,True,1,2,0.7,0.3,False,False,1.0,left,1.0,0.0,1,0.8118872999993982,True,0.0,nan,0,-0.25,-1.0,0.25,hm,39
1,51,3.0,34.0,late,7.0,True,False,1,True,1,2,0.7,0.3,False,False,4.0,right,0.0,1.0,2,0.4964552999999796,False,nan,1.0,1,0.25,-0.75,0.25,hm,39
1,52,3.0,35.0,late,7.0,True,False,1,False,2,1,0.7,0.3,False,False,1.0,left,0.0,1.0,2,0.709317199999532,False,nan,0.0,0,-0.5,-1.25,0.5,hm,39
1,53,3.0,36.0,late,8.0,True,False,1,False,2,1,0.7,0.3,False,False,4.0,right,1.0,0.0,1,1.1083785000000717,True,1.0,nan,1,0.5,-0.75,0.5,hm,39
1,54,3.0,37.0,late,8.0,True,False,1,False,2,1,0.7,0.3,False,False,4.0,right,1.0,0.0,1,0.3806527000006099,True,1.0,nan,1,0.5,-0.25,0.5,hm,39
1,55,3.0,38.0,late,8.0,True,False,1,True,1,2,0.7,0.3,False,False,1.0,left,1.0,0.0,1,0.9718317000006209,True,1.0,nan,1,0.25,0.0,0.25,hm,39
1,56,3.0,39.0,late,8.0,True,False,1,False,2,1,0.7,0.3,False,False,1.0,left,0.0,1.0,2,0.8146652000004906,False,nan,0.0,0,-0.25,-0.25,0.25,hm,39
1,57,3.0,40.0,late,8.0,True,False,1,True,1,2,0.7,0.3,False,False,4.0,right,0.0,1.0,2,1.0155030000005354,False,nan,0.0,0,-0.75,-1.0,0.75,hm,39
1,58,3.0,41.0,late,9.0,True,False,1,False,2,1,0.7,0.3,False,False,1.0,left,0.0,1.0,2,0.3595240999993621,False,nan,1.0,1,0.75,-0.25,0.75,hm,39
1,59,3.0,42.0,late,9.0,True,False,1,False,2,1,0.7,0.3,False,False,4.0,right,1.0,0.0,1,0.9629039999999804,True,0.0,nan,0,-0.5,-0.75,0.5,hm,39
1,60,3.0,43.0,late,9.0,True,False,1,False,2,1,0.7,0.3,False,False,1.0,left,0.0,1.0,2,0.49873269999989134,False,nan,0.0,0,-0.75,-1.5,0.75,hm,39
1,61,3.0,44.0,late,9.0,True,False,1,False,2,1,0.7,0.3,False,False,1.0,left,0.0,1.0,2,0.4488550000005489,False,nan,0.0,0,-0.75,-2.25,0.75,hm,39
1,62,3.0,45.0,late,9.0,True,False,1,False,2,1,0.7,0.3,False,False,4.0,right,1.0,0.0,1,0.6060781999995015,True,1.0,nan,1,0.75,-1.5,0.75,hm,39
1,63,3.0,46.0,late,10.0,True,False,1,False,2,1,0.7,0.3,False,False,4.0,right,1.0,0.0,1,0.46691029999965394,True,0.0,nan,0,-0.5,-2.0,0.5,hm,39
1,64,3.0,47.0,late,10.0,True,False,1,False,2,1,0.7,0.3,False,False,1.0,left,0.0,1.0,2,0.5921903999997085,False,nan,0.0,0,-0.5,-2.5,0.5,hm,39
1,65,3.0,48.0,late,10.0,True,False,1,False,2,1,0.7,0.3,False,False,4.0,right,1.0,0.0,1,0.44239400000060414,True,1.0,nan,1,0.75,-1.75,0.75,hm,39
1,66,3.0,49.0,late,10.0,True,False,1,False,2,1,0.7,0.3,False,False,4.0,right,1.0,0.0,1,0.5756619999992836,True,1.0,nan,1,0.25,-1.5,0.25,hm,39
1,67,3.0,50.0,late,10.0,True,False,1,True,1,2,0.7,0.3,False,False,1.0,left,1.0,0.0,1,0.4415924000004452,True,1.0,nan,1,0.5,-1.0,0.5,hm,39
1,68,3.0,51.0,late,11.0,True,False,1,True,1,2,0.7,0.3,True,False,1.0,left,1.0,0.0,1,0.9784610000006069,True,0.0,nan,0,-0.25,-1.25,0.25,hm,39
1,69,3.0,52.0,late,11.0,True,False,1,False,2,1,0.7,0.3,True,False,1.0,left,0.0,1.0,2,0.8485327999997025,False,nan,0.0,0,-0.5,-1.75,0.5,hm,39
1,70,3.0,53.0,late,11.0,True,False,1,True,1,2,0.7,0.3,True,False,4.0,right,0.0,1.0,2,0.5204037999992579,False,nan,1.0,1,0.25,-1.5,0.25,hm,39
