sessNo,trialNo,block,blockTrialNo,trialClass,blockBin,stim1_High,stim2_High,stimHigh,stim1_left,leftStim,rightStim,stim1_pWin,stim2_pWin,reverseStatus,reverseTrial,responseKey,response_LR,selected_stim1,selected_stim2,response_stimID,RT,highChosen,stim1_isWin,stim2_isWin,isWin,payOut,accum_payOut,abs_outMag,instructCond,subID
1,1,1.0,1.0,early,1.0,True,False,1,True,1,2,0.7,0.3,False,False,1.0,left,1.0,0.0,1,0.9030344393104315,True,1.0,nan,1,0.25,0.25,0.25,hm,35
1,2,1.0,2.0,early,1.0,True,False,1,True,1,2,0.7,0.3,False,False,1.0,left,1.0,0.0,1,0.43504989705979824,True,0.0,nan,0,-0.75,-0.5,0.75,hm,35
1,3,1.0,3.0,early,1.0,True,False,1,False,2,1,0.7,0.3,False,False,1.0,left,0.0,1.0,2,0.39429375249892473,False,nan,0.0,0,-0.75,-1.25,0.75,hm,35
1,4,1.0,4.0,early,1.0,True,False,1,False,2,1,0.7,0.3,False,False,4.0,right,1.0,0.0,1,0.32797491643577814,True,1.0,nan,1,0.25,-1.0,0.25,hm,35
1,5,1.0,5.0,early,1.0,True,False,1,False,2,1,0.7,0.3,False,False,4.0,right,1.0,0.0,1,0.46469166316092014,True,1.0,nan,1,0.25,-0.75,0.25,hm,35
1,6,1.0,6.0,early,2.0,True,False,1,False,2,1,0.7,0.3,False,False,4.0,right,1.0,0.0,1,0.49301234818995,True,1.0,nan,1,0.5,-0.25,0.5,hm,35
1,7,1.0,7.0,late,2.0,True,False,1,False,2,1,0.7,0.3,False,False,1.0,left,0.0,1.0,2,0.5306791299954057,False,nan,0.0,0,-0.5,-0.75,0.5,hm,35
1,8,1.0,8.0,late,2.0,True,False,1,True,1,2,0.7,0.3,False,False,1.0,left,1.0,0.0,1,0.8078400930389762,True,1.0,nan,1,0.75,0.0,0.75,hm,35
1,9,1.0,9.0,late,2.0,True,False,1,False,2,1,0.7,0.3,False,False,4.0,right,1.0,0.0,1,0.5506824320182204,True,1.0,nan,1,0.5,0.5,0.5,hm,35
1,10,1.0,10.0,late,2.0,True,False,1,True,1,2,0.7,0.3,False,False,1.0,left,1.0,0.0,1,0.4169509457424283,True,1.0,nan,1,0.5,1.0,0.5,hm,35
1,11,1.0,11.0,late,3.0,True,False,1,False,2,1,0.7,0.3,True,False,4.0,right,1.0,0.0,1,0.5031807105988264,True,1.0,nan,1,0.75,1.75,0.75,hm,35
1,12,1.0,12.0,late,3.0,True,False,1,True,1,2,0.7,0.3,True,True,1.0,left,1.0,0.0,1,0.49743980169296265,True,0.0,nan,0,-0.75,1.0,0.75,hm,35
1,13,2.0,1.0,early,1.0,False,True,2,True,1,2,0.3,0.7,False,False,4.0,right,0.0,1.0,2,0.5954408198595047,True,nan,1.0,1,0.5,1.5,0.5,hm,35
1,14,2.0,2.0,early,1.0,False,True,2,True,1,2,0.3,0.7,False,False,4.0,right,0.0,1.0,2,0.48290263582021,True,nan,0.0,0,-0.75,0.75,0.75,hm,35
1,15,2.0,3.0,early,1.0,False,True,2,False,2,1,0.3,0.7,False,False,4.0,right,1.0,0.0,1,0.6706386087462306,False,0.0,nan,0,-0.5,0.25,0.5,hm,35
1,16,2.0,4.0,early,1.0,False,True,2,False,2,1,0.3,0.7,False,False,4.0,right,1.0,0.0,1,0.3937943521887064,False,0.0,nan,0,-0.25,0.0,0.25,hm,35
1,17,2.0,5.0,early,1.0,False,True,2,True,1,2,0.3,0.7,False,False,1.0,left,1.0,0.0,1,0.6329867830500007,False,0.0,nan,0,-0.75,-0.75,0.75,hm,35
1,18,2.0,6.0,early,2.0,False,True,2,True,1,2,0.3,0.7,False,False,4.0,right,0.0,1.0,2,0.5790265761315823,True,nan,0.0,0,-0.5,-1.25,0.5,hm,35
1,19,2.0,7.0,early,2.0,False,True,2,False,2,1,0.3,0.7,False,False,4.0,right,1.0,0.0,1,0.5095101678743958,False,1.0,nan,1,0.75,-0.5,0.75,hm,35
1,20,2.0,8.0,early,2.0,False,True,2,True,1,2,0.3,0.7,False,False,1.0,left,1.0,0.0,1,0.49328330904245377,False,0.0,nan,0,-0.25,-0.75,0.25,hm,35
1,21,2.0,9.0,early,2.0,False,True,2,False,2,1,0.3,0.7,False,False,1.0,left,0.0,1.0,2,0.4577883202582598,True,nan,1.0,1,0.5,-0.25,0.5,hm,35
1,22,2.0,10.0,early,2.0,False,True,2,True,1,2,0.3,0.7,False,False,1.0,left,1.0,0.0,1,0.9971030056476593,False,0.0,nan,0,-0.75,-1.0,0.75,hm,35
1,23,2.0,11.0,late,3.0,False,True,2,False,2,1,0.3,0.7,False,False,1.0,left,0.0,1.0,2,0.6539607346057892,True,nan,0.0,0,-0.75,-1.75,0.75,hm,35
1,24,2.0,12.0,late,3.0,False,True,2,False,2,1,0.3,0.7,False,False,4.0,right,1.0,0.0,1,0.4620958352461457,False,0.0,nan,0,-0.25,-2.0,0.25,hm,35
1,25,2.0,13.0,late,3.0,False,True,2,True,1,2,0.3,0.7,False,False,1.0,left,1.0,0.0,1,0.6051871990785003,False,0.0,nan,0,-0.75,-2.75,0.75,hm,35
1,26,2.0,14.0,late,3.0,False,True,2,True,1,2,0.3,0.7,False,False,4.0,right,0.0,1.0,2,0.9705652678385377,True,nan,1.0,1,0.25,-2.5,0.25,hm,35
1,27,2.0,15.0,late,3.0,False,True,2,True,1,2,0.3,0.7,False,False,1.0,left,1.0,0.0,1,0.4222813080996275,False,1.0,nan,1,0.5,-2.0,0.5,hm,35
1,28,2.0,16.0,late,4.0,False,True,2,False,2,1,0.3,0.7,False,False,4.0,right,1.0,0.0,1,0.4778898600488901,False,0.0,nan,0,-0.25,-2.25,0.25,hm,35
1,29,2.0,17.0,late,4.0,False,True,2,False,2,1,0.3,0.7,False,False,1.0,left,0.0,1.0,2,0.4947794582694769,True,nan,1.0,1,0.5,-1.75,0.5,hm,35
1,30,2.0,18.0,late,4.0,False,True,2,True,1,2,0.3,0.7,False,False,4.0,right,0.0,1.0,2,0.5601836554706097,True,nan,1.0,1,0.5,-1.25,0.5,hm,35
1,31,2.0,19.0,late,4.0,False,True,2,False,2,1,0.3,0.7,False,False,1.0,left,0.0,1.0,2,0.632424334064126,True,nan,1.0,1,0.5,-0.75,0.5,hm,35
1,32,2.0,20.0,late,4.0,False,True,2,True,1,2,0.3,0.7,True,True,4.0,right,0.0,1.0,2,0.5122394235804677,True,nan,1.0,1,0.75,0.0,0.75,hm,35
1,33,3.0,1.0,early,1.0,True,False,1,False,2,1,0.7,0.3,False,False,1.0,left,0.0,1.0,2,0.544633905403316,False,nan,0.0,0,-0.5,-0.5,0.5,hm,35
1,34,3.0,2.0,early,1.0,True,False,1,True,1,2,0.7,0.3,False,False,1.0,left,1.0,0.0,1,0.5342825567349792,True,1.0,nan,1,0.25,-0.25,0.25,hm,35
1,35,3.0,3.0,early,1.0,True,False,1,False,2,1,0.7,0.3,False,False,4.0,right,1.0,0.0,1,0.5371367363259196,True,0.0,nan,0,-0.5,-0.75,0.5,hm,35
1,36,3.0,4.0,early,1.0,True,False,1,True,1,2,0.7,0.3,False,False,4.0,right,0.0,1.0,2,0.6865739785134792,False,nan,0.0,0,-0.75,-1.5,0.75,hm,35
1,37,3.0,5.0,early,1.0,True,False,1,True,1,2,0.7,0.3,False,False,1.0,left,1.0,0.0,1,0.3989323442801833,True,1.0,nan,1,0.25,-1.25,0.25,hm,35
1,38,3.0,6.0,early,2.0,True,False,1,False,2,1,0.7,0.3,False,False,4.0,right,1.0,0.0,1,0.4798513939604163,True,1.0,nan,1,0.75,-0.5,0.75,hm,35
1,39,3.0,7.0,early,2.0,True,False,1,False,2,1,0.7,0.3,False,False,4.0,right,1.0,0.0,1,0.6188915418460965,True,1.0,nan,1,0.25,-0.25,0.25,hm,35
1,40,3.0,8.0,early,2.0,True,False,1,False,2,1,0.7,0.3,False,False,1.0,left,0.0,1.0,2,0.4656860660761595,False,nan,0.0,0,-0.75,-1.0,0.75,hm,35
1,41,3.0,9.0,early,2.0,True,False,1,True,1,2,0.7,0.3,False,False,1.0,left,1.0,0.0,1,0.5244965897873044,True,0.0,nan,0,-0.5,-1.5,0.5,hm,35
1,42,3.0,10.0,early,2.0,True,False,1,True,1,2,0.7,0.3,False,False,4.0,right,0.0,1.0,2,0.44287843722850084,False,nan,0.0,0,-0.5,-2.0,0.5,hm,35
1,43,3.0,11.0,early,3.0,True,False,1,True,1,2,0.7,0.3,False,False,1.0,left,1.0,0.0,1,0.6643531378358603,True,0.0,nan,0,-0.25,-2.25,0.25,hm,35
1,44,3.0,12.0,early,3.0,True,False,1,True,1,2,0.7,0.3,False,False,1.0,left,1.0,0.0,1,0.48649873211979866,True,1.0,nan,1,0.5,-1.75,0.5,hm,35
1,45,3.0,13.0,late,3.0,True,False,1,True,1,2,0.7,0.3,False,False,4.0,right,0.0,1.0,2,0.6230075657367706,False,nan,1.0,1,0.25,-1.5,0.25,hm,35
1,46,3.0,14.0,late,3.0,True,False,1,True,1,2,0.7,0.3,False,False,1.0,left,1.0,0.0,1,0.46769099961966276,True,1.0,nan,1,0.25,-1.25,0.25,hm,35
1,47,3.0,15.0,late,3.0,True,False,1,True,1,2,0.7,0.3,False,False,1.0,left,1.0,0.0,1,0.6602488439530134,True,0.0,nan,0,-0.5,-1.75,0.5,hm,35
1,48,3.0,16.0,late,4.0,True,False,1,True,1,2,0.7,0.3,False,False,1.0,left,1.0,0.0,1,0.48566649481654167,True,1.0,nan,1,0.75,-1.0,0.75,hm,35
1,49,3.0,17.0,late,4.0,True,False,1,False,2,1,0.7,0.3,False,False,1.0,left,0.0,1.0,2,0.5527213821187615,False,nan,0.0,0,-0.75,-1.75,0.75,hm,35
1,50,3.0,18.0,late,4.0,True,False,1,False,2,1,0.7,0.3,False,False,1.0,left,0.0,1.0,2,1.2640926763415337,False,nan,1.0,1,0.75,-1.0,0.75,hm,35
1,51,3.0,19.0,late,4.0,True,False,1,True,1,2,0.7,0.3,False,False,1.0,left,1.0,0.0,1,0.5362247359007597,True,1.0,nan,1,0.5,-0.5,0.5,hm,35
1,52,3.0,20.0,late,4.0,True,False,1,True,1,2,0.7,0.3,False,False,1.0,left,1.0,0.0,1,0.4854571158066392,True,1.0,nan,1,0.5,0.0,0.5,hm,35
1,53,3.0,21.0,late,5.0,True,False,1,True,1,2,0.7,0.3,False,False,1.0,left,1.0,0.0,1,0.533461170271039,True,1.0,nan,1,0.75,0.75,0.75,hm,35
1,54,3.0,22.0,late,5.0,True,False,1,False,2,1,0.7,0.3,True,False,4.0,right,1.0,0.0,1,0.7246216889470816,True,0.0,nan,0,-0.25,0.5,0.25,hm,35
1,55,3.0,23.0,late,5.0,True,False,1,True,1,2,0.7,0.3,True,False,1.0,left,1.0,0.0,1,1.593357589095831,True,1.0,nan,1,0.25,0.75,0.25,hm,35
1,56,3.0,24.0,late,5.0,True,False,1,False,2,1,0.7,0.3,True,False,1.0,left,0.0,1.0,2,0.499001931399107,False,nan,0.0,0,-0.5,0.25,0.5,hm,35
1,57,3.0,25.0,late,5.0,True,False,1,False,2,1,0.7,0.3,True,True,4.0,right,1.0,0.0,1,0.6016603093594313,True,1.0,nan,1,0.5,0.75,0.5,hm,35
1,58,4.0,1.0,early,1.0,False,True,2,True,1,2,0.3,0.7,False,False,1.0,left,1.0,0.0,1,0.48768345173448324,False,0.0,nan,0,-0.5,0.25,0.5,hm,35
1,59,4.0,2.0,early,1.0,False,True,2,False,2,1,0.3,0.7,False,False,4.0,right,1.0,0.0,1,0.516398555599153,False,1.0,nan,1,0.75,1.0,0.75,hm,35
1,60,4.0,3.0,early,1.0,False,True,2,True,1,2,0.3,0.7,False,False,4.0,right,0.0,1.0,2,0.599415791220963,True,nan,0.0,0,-0.25,0.75,0.25,hm,35
1,61,4.0,4.0,early,1.0,False,True,2,True,1,2,0.3,0.7,False,False,1.0,left,1.0,0.0,1,0.46766255516558886,False,1.0,nan,1,0.5,1.25,0.5,hm,35
1,62,4.0,5.0,early,1.0,False,True,2,False,2,1,0.3,0.7,False,False,4.0,right,1.0,0.0,1,0.4717017486691475,False,0.0,nan,0,-0.25,1.0,0.25,hm,35
1,63,4.0,6.0,early,2.0,False,True,2,True,1,2,0.3,0.7,False,False,1.0,left,1.0,0.0,1,0.678705264814198,False,1.0,nan,1,0.75,1.75,0.75,hm,35
1,64,4.0,7.0,late,2.0,False,True,2,True,1,2,0.3,0.7,False,False,1.0,left,1.0,0.0,1,0.6165021592751145,False,0.0,nan,0,-0.5,1.25,0.5,hm,35
1,65,4.0,8.0,late,2.0,False,True,2,True,1,2,0.3,0.7,False,False,4.0,right,0.0,1.0,2,0.7530966214835644,True,nan,1.0,1,0.5,1.75,0.5,hm,35
1,66,4.0,9.0,late,2.0,False,True,2,True,1,2,0.3,0.7,False,False,4.0,right,0.0,1.0,2,0.40466035064309835,True,nan,1.0,1,0.75,2.5,0.75,hm,35
1,67,4.0,10.0,late,2.0,False,True,2,False,2,1,0.3,0.7,False,False,4.0,right,1.0,0.0,1,0.6140377065166831,False,1.0,nan,1,0.25,2.75,0.25,hm,35
1,68,4.0,11.0,late,3.0,False,True,2,True,1,2,0.3,0.7,False,False,1.0,left,1.0,0.0,1,0.4346985872834921,False,0.0,nan,0,-0.25,2.5,0.25,hm,35
1,69,4.0,12.0,late,3.0,False,True,2,True,1,2,0.3,0.7,False,False,1.0,left,1.0,0.0,1,0.8744589211419225,False,0.0,nan,0,-0.75,1.75,0.75,hm,35
1,70,4.0,13.0,late,3.0,False,True,2,True,1,2,0.3,0.7,False,False,1.0,left,1.0,0.0,1,0.6826770110055804,False,0.0,nan,0,-0.5,1.25,0.5,hm,35
