sessNo,trialNo,block,blockTrialNo,trialClass,blockBin,stim1_High,stim2_High,stimHigh,stim1_left,leftStim,rightStim,stim1_pWin,stim2_pWin,reverseStatus,reverseTrial,responseKey,response_LR,selected_stim1,selected_stim2,response_stimID,RT,highChosen,stim1_isWin,stim2_isWin,isWin,payOut,accum_payOut,abs_outMag,instructCond,subID
1,1,1.0,1.0,early,1.0,False,True,2,False,2,1,0.3,0.7,False,False,4.0,right,1.0,0.0,1,1.1132710103702266,False,1.0,nan,1,0.5,0.5,0.5,rl,46
1,2,1.0,2.0,early,1.0,False,True,2,False,2,1,0.3,0.7,False,False,4.0,right,1.0,0.0,1,0.7167248225596268,False,0.0,nan,0,-0.25,0.25,0.25,rl,46
1,3,1.0,3.0,early,1.0,False,True,2,False,2,1,0.3,0.7,False,False,4.0,right,1.0,0.0,1,0.49145051135565154,False,1.0,nan,1,0.5,0.75,0.5,rl,46
1,4,1.0,4.0,early,1.0,False,True,2,True,1,2,0.3,0.7,False,False,1.0,left,1.0,0.0,1,0.5842906647303607,False,1.0,nan,1,0.75,1.5,0.75,rl,46
1,5,1.0,5.0,early,1.0,False,True,2,True,1,2,0.3,0.7,False,False,1.0,left,1.0,0.0,1,0.5328676365024876,False,0.0,nan,0,-0.5,1.0,0.5,rl,46
1,6,1.0,6.0,early,2.0,False,True,2,True,1,2,0.3,0.7,False,False,1.0,left,1.0,0.0,1,0.508359464147361,False,0.0,nan,0,-0.25,0.75,0.25,rl,46
1,7,1.0,7.0,early,2.0,False,True,2,True,1,2,0.3,0.7,False,False,1.0,left,1.0,0.0,1,0.5946364418196026,False,0.0,nan,0,-0.5,0.25,0.5,rl,46
1,8,1.0,8.0,late,2.0,False,True,2,False,2,1,0.3,0.7,False,False,4.0,right,1.0,0.0,1,0.43924099297146313,False,0.0,nan,0,-0.75,-0.5,0.75,rl,46
1,9,1.0,9.0,late,2.0,False,True,2,True,1,2,0.3,0.7,False,False,1.0,left,1.0,0.0,1,0.5014781147765461,False,0.0,nan,0,-0.25,-0.75,0.25,rl,46
1,10,1.0,10.0,late,2.0,False,True,2,False,2,1,0.3,0.7,False,False,4.0,right,1.0,0.0,1,0.45096767324139364,False,0.0,nan,0,-0.75,-1.5,0.75,rl,46
1,11,1.0,11.0,late,3.0,False,True,2,False,2,1,0.3,0.7,False,False,1.0,left,0.0,1.0,2,0.905060193472309,True,nan,1.0,1,0.5,-1.0,0.5,rl,46
1,12,1.0,12.0,late,3.0,False,True,2,True,1,2,0.3,0.7,False,False,4.0,right,0.0,1.0,2,0.47279292286839336,True,nan,1.0,1,0.5,-0.5,0.5,rl,46
1,13,1.0,13.0,late,3.0,False,True,2,False,2,1,0.3,0.7,False,False,1.0,left,0.0,1.0,2,0.47845494851935655,True,nan,0.0,0,-0.25,-0.75,0.25,rl,46
1,14,1.0,14.0,late,3.0,False,True,2,False,2,1,0.3,0.7,True,True,1.0,left,0.0,1.0,2,0.5044487134728115,True,nan,0.0,0,-0.5,-1.25,0.5,rl,46
1,15,2.0,1.0,early,1.0,True,False,1,True,1,2,0.7,0.3,False,False,1.0,left,1.0,0.0,1,0.5119180243927985,True,1.0,nan,1,0.25,-1.0,0.25,rl,46
1,16,2.0,2.0,early,1.0,True,False,1,False,2,1,0.7,0.3,False,False,4.0,right,1.0,0.0,1,0.4816281813546084,True,0.0,nan,0,-0.5,-1.5,0.5,rl,46
1,17,2.0,3.0,early,1.0,True,False,1,False,2,1,0.7,0.3,False,False,1.0,left,0.0,1.0,2,0.4766655513376463,False,nan,1.0,1,0.5,-1.0,0.5,rl,46
1,18,2.0,4.0,early,1.0,True,False,1,False,2,1,0.7,0.3,False,False,1.0,left,0.0,1.0,2,0.49037546550971456,False,nan,0.0,0,-0.75,-1.75,0.75,rl,46
1,19,2.0,5.0,early,1.0,True,False,1,False,2,1,0.7,0.3,False,False,1.0,left,0.0,1.0,2,0.4989523727854248,False,nan,1.0,1,0.5,-1.25,0.5,rl,46
1,20,2.0,6.0,early,2.0,True,False,1,False,2,1,0.7,0.3,False,False,1.0,left,0.0,1.0,2,0.49675066940835677,False,nan,0.0,0,-0.5,-1.75,0.5,rl,46
1,21,2.0,7.0,early,2.0,True,False,1,True,1,2,0.7,0.3,False,False,4.0,right,0.0,1.0,2,0.5143082859867718,False,nan,1.0,1,0.25,-1.5,0.25,rl,46
1,22,2.0,8.0,early,2.0,True,False,1,False,2,1,0.7,0.3,False,False,1.0,left,0.0,1.0,2,0.48387856379849836,False,nan,0.0,0,-0.25,-1.75,0.25,rl,46
1,23,2.0,9.0,early,2.0,True,False,1,True,1,2,0.7,0.3,False,False,4.0,right,0.0,1.0,2,0.4814660153933801,False,nan,1.0,1,0.75,-1.0,0.75,rl,46
1,24,2.0,10.0,early,2.0,True,False,1,False,2,1,0.7,0.3,False,False,1.0,left,0.0,1.0,2,0.47293250873917714,False,nan,0.0,0,-0.75,-1.75,0.75,rl,46
1,25,2.0,11.0,late,3.0,True,False,1,False,2,1,0.7,0.3,False,False,4.0,right,1.0,0.0,1,0.44611882336903363,True,1.0,nan,1,0.5,-1.25,0.5,rl,46
1,26,2.0,12.0,late,3.0,True,False,1,False,2,1,0.7,0.3,False,False,4.0,right,1.0,0.0,1,0.48698992136633024,True,0.0,nan,0,-0.75,-2.0,0.75,rl,46
1,27,2.0,13.0,late,3.0,True,False,1,False,2,1,0.7,0.3,False,False,4.0,right,1.0,0.0,1,0.4478803620149847,True,0.0,nan,0,-0.25,-2.25,0.25,rl,46
1,28,2.0,14.0,late,3.0,True,False,1,True,1,2,0.7,0.3,False,False,4.0,right,0.0,1.0,2,0.533234782575164,False,nan,1.0,1,0.5,-1.75,0.5,rl,46
1,29,2.0,15.0,late,3.0,True,False,1,False,2,1,0.7,0.3,False,False,1.0,left,0.0,1.0,2,0.6405156232358422,False,nan,0.0,0,-0.5,-2.25,0.5,rl,46
1,30,2.0,16.0,late,4.0,True,False,1,True,1,2,0.7,0.3,False,False,1.0,left,1.0,0.0,1,0.5680001712462399,True,1.0,nan,1,0.5,-1.75,0.5,rl,46
1,31,2.0,17.0,late,4.0,True,False,1,True,1,2,0.7,0.3,False,False,1.0,left,1.0,0.0,1,0.5732979833264835,True,0.0,nan,0,-0.25,-2.0,0.25,rl,46
1,32,2.0,18.0,late,4.0,True,False,1,True,1,2,0.7,0.3,False,False,1.0,left,1.0,0.0,1,0.4941011768823955,True,1.0,nan,1,0.75,-1.25,0.75,rl,46
1,33,2.0,19.0,late,4.0,True,False,1,False,2,1,0.7,0.3,True,False,4.0,right,1.0,0.0,1,0.6776566111075226,True,0.0,nan,0,-0.5,-1.75,0.5,rl,46
1,34,2.0,20.0,late,4.0,True,False,1,True,1,2,0.7,0.3,True,False,1.0,left,1.0,0.0,1,0.471297653100919,True,1.0,nan,1,0.25,-1.5,0.25,rl,46
1,35,2.0,21.0,late,5.0,True,False,1,True,1,2,0.7,0.3,True,True,1.0,left,1.0,0.0,1,0.63832946200273,True,0.0,nan,0,-0.5,-2.0,0.5,rl,46
1,36,3.0,1.0,early,1.0,False,True,2,True,1,2,0.3,0.7,False,False,1.0,left,1.0,0.0,1,0.45992228350951336,False,0.0,nan,0,-0.75,-2.75,0.75,rl,46
1,37,3.0,2.0,early,1.0,False,True,2,True,1,2,0.3,0.7,False,False,1.0,left,1.0,0.0,1,0.4762579371163156,False,0.0,nan,0,-0.75,-3.5,0.75,rl,46
1,38,3.0,3.0,early,1.0,False,True,2,True,1,2,0.3,0.7,False,False,1.0,left,1.0,0.0,1,0.5082623991766013,False,0.0,nan,0,-0.5,-4.0,0.5,rl,46
1,39,3.0,4.0,early,1.0,False,True,2,False,2,1,0.3,0.7,False,False,4.0,right,1.0,0.0,1,0.4338947950745933,False,0.0,nan,0,-0.75,-4.75,0.75,rl,46
1,40,3.0,5.0,early,1.0,False,True,2,False,2,1,0.3,0.7,False,False,4.0,right,1.0,0.0,1,0.43287341349059716,False,0.0,nan,0,-0.5,-5.25,0.5,rl,46
1,41,3.0,6.0,early,2.0,False,True,2,False,2,1,0.3,0.7,False,False,4.0,right,1.0,0.0,1,0.4198441271437332,False,0.0,nan,0,-0.75,-6.0,0.75,rl,46
1,42,3.0,7.0,late,2.0,False,True,2,False,2,1,0.3,0.7,False,False,1.0,left,0.0,1.0,2,0.5261229405296035,True,nan,1.0,1,0.25,-5.75,0.25,rl,46
1,43,3.0,8.0,late,2.0,False,True,2,True,1,2,0.3,0.7,False,False,4.0,right,0.0,1.0,2,0.5474320743232965,True,nan,0.0,0,-0.5,-6.25,0.5,rl,46
1,44,3.0,9.0,late,2.0,False,True,2,False,2,1,0.3,0.7,False,False,1.0,left,0.0,1.0,2,2.4143331240629777,True,nan,1.0,1,0.75,-5.5,0.75,rl,46
1,45,3.0,10.0,late,2.0,False,True,2,False,2,1,0.3,0.7,True,False,1.0,left,0.0,1.0,2,0.5176190519414376,True,nan,0.0,0,-0.5,-6.0,0.5,rl,46
1,46,3.0,11.0,late,3.0,False,True,2,False,2,1,0.3,0.7,True,False,1.0,left,0.0,1.0,2,0.5000529311946593,True,nan,1.0,1,0.75,-5.25,0.75,rl,46
1,47,3.0,12.0,late,3.0,False,True,2,False,2,1,0.3,0.7,True,True,1.0,left,0.0,1.0,2,0.4649250884249341,True,nan,1.0,1,0.5,-4.75,0.5,rl,46
1,48,4.0,1.0,early,1.0,True,False,1,True,1,2,0.7,0.3,False,False,4.0,right,0.0,1.0,2,0.4445341130485758,False,nan,1.0,1,0.5,-4.25,0.5,rl,46
1,49,4.0,2.0,early,1.0,True,False,1,False,2,1,0.7,0.3,False,False,1.0,left,0.0,1.0,2,0.45056504421518184,False,nan,0.0,0,-0.5,-4.75,0.5,rl,46
1,50,4.0,3.0,early,1.0,True,False,1,True,1,2,0.7,0.3,False,False,4.0,right,0.0,1.0,2,0.440620723151369,False,nan,0.0,0,-0.5,-5.25,0.5,rl,46
1,51,4.0,4.0,early,1.0,True,False,1,False,2,1,0.7,0.3,False,False,1.0,left,0.0,1.0,2,0.4636010752583388,False,nan,0.0,0,-0.5,-5.75,0.5,rl,46
1,52,4.0,5.0,early,1.0,True,False,1,True,1,2,0.7,0.3,False,False,4.0,right,0.0,1.0,2,0.7354783030459657,False,nan,0.0,0,-0.5,-6.25,0.5,rl,46
1,53,4.0,6.0,late,2.0,True,False,1,True,1,2,0.7,0.3,False,False,1.0,left,1.0,0.0,1,0.42003385836142115,True,1.0,nan,1,0.25,-6.0,0.25,rl,46
1,54,4.0,7.0,late,2.0,True,False,1,True,1,2,0.7,0.3,False,False,1.0,left,1.0,0.0,1,0.6186352430086117,True,1.0,nan,1,0.75,-5.25,0.75,rl,46
1,55,4.0,8.0,late,2.0,True,False,1,True,1,2,0.7,0.3,False,False,1.0,left,1.0,0.0,1,0.5216385975072626,True,1.0,nan,1,0.25,-5.0,0.25,rl,46
1,56,4.0,9.0,late,2.0,True,False,1,True,1,2,0.7,0.3,True,False,1.0,left,1.0,0.0,1,0.4742175199498888,True,0.0,nan,0,-0.75,-5.75,0.75,rl,46
1,57,4.0,10.0,late,2.0,True,False,1,True,1,2,0.7,0.3,True,False,1.0,left,1.0,0.0,1,0.6587081209290773,True,1.0,nan,1,0.25,-5.5,0.25,rl,46
1,58,4.0,11.0,late,3.0,True,False,1,True,1,2,0.7,0.3,True,True,1.0,left,1.0,0.0,1,0.44804985911468975,True,1.0,nan,1,0.5,-5.0,0.5,rl,46
1,59,5.0,1.0,early,1.0,False,True,2,True,1,2,0.3,0.7,False,False,1.0,left,1.0,0.0,1,0.44196614337852225,False,1.0,nan,1,0.25,-4.75,0.25,rl,46
1,60,5.0,2.0,early,1.0,False,True,2,False,2,1,0.3,0.7,False,False,4.0,right,1.0,0.0,1,0.49866938876220956,False,0.0,nan,0,-0.5,-5.25,0.5,rl,46
1,61,5.0,3.0,early,1.0,False,True,2,True,1,2,0.3,0.7,False,False,1.0,left,1.0,0.0,1,0.5431260258192196,False,0.0,nan,0,-0.5,-5.75,0.5,rl,46
1,62,5.0,4.0,early,1.0,False,True,2,False,2,1,0.3,0.7,False,False,4.0,right,1.0,0.0,1,0.37480422054068185,False,0.0,nan,0,-0.5,-6.25,0.5,rl,46
1,63,5.0,5.0,early,1.0,False,True,2,True,1,2,0.3,0.7,False,False,1.0,left,1.0,0.0,1,0.4100347000057809,False,0.0,nan,0,-0.5,-6.75,0.5,rl,46
1,64,5.0,6.0,late,2.0,False,True,2,False,2,1,0.3,0.7,False,False,1.0,left,0.0,1.0,2,0.4916378966299817,True,nan,1.0,1,0.25,-6.5,0.25,rl,46
1,65,5.0,7.0,late,2.0,False,True,2,True,1,2,0.3,0.7,False,False,4.0,right,0.0,1.0,2,0.4222326292656362,True,nan,1.0,1,0.75,-5.75,0.75,rl,46
1,66,5.0,8.0,late,2.0,False,True,2,False,2,1,0.3,0.7,False,False,1.0,left,0.0,1.0,2,0.48390173036023043,True,nan,1.0,1,0.75,-5.0,0.75,rl,46
1,67,5.0,9.0,late,2.0,False,True,2,False,2,1,0.3,0.7,True,False,1.0,left,0.0,1.0,2,0.8193761625443585,True,nan,0.0,0,-0.75,-5.75,0.75,rl,46
1,68,5.0,10.0,late,2.0,False,True,2,True,1,2,0.3,0.7,True,True,4.0,right,0.0,1.0,2,0.6538897687860299,True,nan,0.0,0,-0.5,-6.25,0.5,rl,46
1,69,6.0,1.0,early,1.0,True,False,1,True,1,2,0.7,0.3,False,False,1.0,left,1.0,0.0,1,0.5012954214762431,True,1.0,nan,1,0.75,-5.5,0.75,rl,46
1,70,6.0,2.0,late,1.0,True,False,1,False,2,1,0.7,0.3,False,False,4.0,right,1.0,0.0,1,0.4895596505375579,True,1.0,nan,1,0.5,-5.0,0.5,rl,46
