sessNo,trialNo,block,blockTrialNo,trialClass,blockBin,stim1_High,stim2_High,stimHigh,stim1_left,leftStim,rightStim,stim1_pWin,stim2_pWin,reverseStatus,reverseTrial,responseKey,response_LR,selected_stim1,selected_stim2,response_stimID,RT,highChosen,stim1_isWin,stim2_isWin,isWin,payOut,accum_payOut,abs_outMag,instructCond,subID
1,1,1.0,1.0,early,1.0,False,True,2,False,2,1,0.3,0.7,False,False,4.0,right,1.0,0.0,1,2.4991444499755744,False,0.0,nan,0,-0.25,-0.25,0.25,rl,44
1,2,1.0,2.0,early,1.0,False,True,2,False,2,1,0.3,0.7,False,False,1.0,left,0.0,1.0,2,0.5026654745161068,True,nan,1.0,1,0.25,0.0,0.25,rl,44
1,3,1.0,3.0,early,1.0,False,True,2,True,1,2,0.3,0.7,False,False,4.0,right,0.0,1.0,2,0.5753947040066123,True,nan,1.0,1,0.75,0.75,0.75,rl,44
1,4,1.0,4.0,late,1.0,False,True,2,False,2,1,0.3,0.7,False,False,1.0,left,0.0,1.0,2,0.5479329412992229,True,nan,1.0,1,0.75,1.5,0.75,rl,44
1,5,1.0,5.0,late,1.0,False,True,2,True,1,2,0.3,0.7,True,False,4.0,right,0.0,1.0,2,0.43650851136044366,True,nan,1.0,1,0.5,2.0,0.5,rl,44
1,6,1.0,6.0,late,2.0,False,True,2,False,2,1,0.3,0.7,True,True,1.0,left,0.0,1.0,2,0.640764590469189,True,nan,0.0,0,-0.5,1.5,0.5,rl,44
1,7,2.0,1.0,early,1.0,True,False,1,False,2,1,0.7,0.3,False,False,4.0,right,1.0,0.0,1,0.42079806175024714,True,1.0,nan,1,0.75,2.25,0.75,rl,44
1,8,2.0,2.0,early,1.0,True,False,1,False,2,1,0.7,0.3,False,False,4.0,right,1.0,0.0,1,0.4222115154261701,True,0.0,nan,0,-0.5,1.75,0.5,rl,44
1,9,2.0,3.0,early,1.0,True,False,1,False,2,1,0.7,0.3,False,False,1.0,left,0.0,1.0,2,0.46551246346643893,False,nan,0.0,0,-0.5,1.25,0.5,rl,44
1,10,2.0,4.0,early,1.0,True,False,1,False,2,1,0.7,0.3,False,False,4.0,right,1.0,0.0,1,0.8129821907787118,True,1.0,nan,1,0.75,2.0,0.75,rl,44
1,11,2.0,5.0,early,1.0,True,False,1,True,1,2,0.7,0.3,False,False,1.0,left,1.0,0.0,1,1.1250358128672815,True,1.0,nan,1,0.75,2.75,0.75,rl,44
1,12,2.0,6.0,early,2.0,True,False,1,False,2,1,0.7,0.3,False,False,4.0,right,1.0,0.0,1,1.1996016523917206,True,0.0,nan,0,-0.5,2.25,0.5,rl,44
1,13,2.0,7.0,early,2.0,True,False,1,False,2,1,0.7,0.3,False,False,1.0,left,0.0,1.0,2,0.9394857081351802,False,nan,0.0,0,-0.5,1.75,0.5,rl,44
1,14,2.0,8.0,early,2.0,True,False,1,True,1,2,0.7,0.3,False,False,4.0,right,0.0,1.0,2,0.560109756734164,False,nan,0.0,0,-0.25,1.5,0.25,rl,44
1,15,2.0,9.0,early,2.0,True,False,1,False,2,1,0.7,0.3,False,False,4.0,right,1.0,0.0,1,0.5507337496092077,True,1.0,nan,1,0.25,1.75,0.25,rl,44
1,16,2.0,10.0,early,2.0,True,False,1,False,2,1,0.7,0.3,False,False,4.0,right,1.0,0.0,1,0.5543069722261862,True,1.0,nan,1,0.75,2.5,0.75,rl,44
1,17,2.0,11.0,early,3.0,True,False,1,False,2,1,0.7,0.3,False,False,1.0,left,0.0,1.0,2,0.570250260476314,False,nan,1.0,1,0.75,3.25,0.75,rl,44
1,18,2.0,12.0,early,3.0,True,False,1,True,1,2,0.7,0.3,False,False,1.0,left,1.0,0.0,1,1.0392418140691007,True,1.0,nan,1,0.25,3.5,0.25,rl,44
1,19,2.0,13.0,early,3.0,True,False,1,False,2,1,0.7,0.3,False,False,4.0,right,1.0,0.0,1,0.6298648685478838,True,0.0,nan,0,-0.5,3.0,0.5,rl,44
1,20,2.0,14.0,early,3.0,True,False,1,True,1,2,0.7,0.3,False,False,4.0,right,0.0,1.0,2,0.4653394473498338,False,nan,0.0,0,-0.5,2.5,0.5,rl,44
1,21,2.0,15.0,early,3.0,True,False,1,False,2,1,0.7,0.3,False,False,1.0,left,0.0,1.0,2,1.2096491966367466,False,nan,0.0,0,-0.25,2.25,0.25,rl,44
1,22,2.0,16.0,early,4.0,True,False,1,False,2,1,0.7,0.3,False,False,4.0,right,1.0,0.0,1,0.42243086466623936,True,1.0,nan,1,0.75,3.0,0.75,rl,44
1,23,2.0,17.0,early,4.0,True,False,1,True,1,2,0.7,0.3,False,False,1.0,left,1.0,0.0,1,0.5379012324337964,True,1.0,nan,1,0.75,3.75,0.75,rl,44
1,24,2.0,18.0,early,4.0,True,False,1,True,1,2,0.7,0.3,False,False,1.0,left,1.0,0.0,1,0.6944101426124689,True,0.0,nan,0,-0.25,3.5,0.25,rl,44
1,25,2.0,19.0,late,4.0,True,False,1,False,2,1,0.7,0.3,False,False,1.0,left,0.0,1.0,2,0.8614378460188163,False,nan,0.0,0,-0.25,3.25,0.25,rl,44
1,26,2.0,20.0,late,4.0,True,False,1,True,1,2,0.7,0.3,False,False,4.0,right,0.0,1.0,2,0.45715285270125605,False,nan,0.0,0,-0.5,2.75,0.5,rl,44
1,27,2.0,21.0,late,5.0,True,False,1,False,2,1,0.7,0.3,False,False,4.0,right,1.0,0.0,1,0.410701251901628,True,1.0,nan,1,0.5,3.25,0.5,rl,44
1,28,2.0,22.0,late,5.0,True,False,1,False,2,1,0.7,0.3,False,False,4.0,right,1.0,0.0,1,0.6552214063704014,True,1.0,nan,1,0.75,4.0,0.75,rl,44
1,29,2.0,23.0,late,5.0,True,False,1,False,2,1,0.7,0.3,False,False,1.0,left,0.0,1.0,2,0.7381187048886204,False,nan,1.0,1,0.5,4.5,0.5,rl,44
1,30,2.0,24.0,late,5.0,True,False,1,False,2,1,0.7,0.3,False,False,1.0,left,0.0,1.0,2,1.0646027506008977,False,nan,1.0,1,0.5,5.0,0.5,rl,44
1,31,2.0,25.0,late,5.0,True,False,1,False,2,1,0.7,0.3,False,False,4.0,right,1.0,0.0,1,0.7241548382808105,True,1.0,nan,1,0.75,5.75,0.75,rl,44
1,32,2.0,26.0,late,6.0,True,False,1,True,1,2,0.7,0.3,False,False,1.0,left,1.0,0.0,1,0.7405526603906765,True,1.0,nan,1,0.75,6.5,0.75,rl,44
1,33,2.0,27.0,late,6.0,True,False,1,False,2,1,0.7,0.3,False,False,1.0,left,0.0,1.0,2,0.8867682847994729,False,nan,0.0,0,-0.5,6.0,0.5,rl,44
1,34,2.0,28.0,late,6.0,True,False,1,True,1,2,0.7,0.3,False,False,1.0,left,1.0,0.0,1,0.9586468028501258,True,1.0,nan,1,0.25,6.25,0.25,rl,44
1,35,2.0,29.0,late,6.0,True,False,1,True,1,2,0.7,0.3,False,False,1.0,left,1.0,0.0,1,0.8072198744484922,True,1.0,nan,1,0.25,6.5,0.25,rl,44
1,36,2.0,30.0,late,6.0,True,False,1,False,2,1,0.7,0.3,False,False,1.0,left,0.0,1.0,2,0.9907917305390583,False,nan,0.0,0,-0.75,5.75,0.75,rl,44
1,37,2.0,31.0,late,7.0,True,False,1,True,1,2,0.7,0.3,False,False,1.0,left,1.0,0.0,1,0.706120694281708,True,1.0,nan,1,0.5,6.25,0.5,rl,44
1,38,2.0,32.0,late,7.0,True,False,1,False,2,1,0.7,0.3,False,False,4.0,right,1.0,0.0,1,0.5327547361739562,True,0.0,nan,0,-0.25,6.0,0.25,rl,44
1,39,2.0,33.0,late,7.0,True,False,1,False,2,1,0.7,0.3,False,False,4.0,right,1.0,0.0,1,0.7734480088038254,True,0.0,nan,0,-0.5,5.5,0.5,rl,44
1,40,2.0,34.0,late,7.0,True,False,1,True,1,2,0.7,0.3,True,False,1.0,left,1.0,0.0,1,0.8306172247248469,True,1.0,nan,1,0.5,6.0,0.5,rl,44
1,41,2.0,35.0,late,7.0,True,False,1,False,2,1,0.7,0.3,True,False,4.0,right,1.0,0.0,1,0.6036684694554424,True,1.0,nan,1,0.75,6.75,0.75,rl,44
1,42,2.0,36.0,late,8.0,True,False,1,True,1,2,0.7,0.3,True,False,1.0,left,1.0,0.0,1,0.460636634779803,True,1.0,nan,1,0.5,7.25,0.5,rl,44
1,43,2.0,37.0,late,8.0,True,False,1,True,1,2,0.7,0.3,True,True,1.0,left,1.0,0.0,1,0.5979023409090587,True,1.0,nan,1,0.5,7.75,0.5,rl,44
1,44,3.0,1.0,early,1.0,False,True,2,False,2,1,0.3,0.7,False,False,4.0,right,1.0,0.0,1,0.5097966708781314,False,0.0,nan,0,-0.5,7.25,0.5,rl,44
1,45,3.0,2.0,early,1.0,False,True,2,True,1,2,0.3,0.7,False,False,1.0,left,1.0,0.0,1,1.2492962789474404,False,1.0,nan,1,0.5,7.75,0.5,rl,44
1,46,3.0,3.0,early,1.0,False,True,2,True,1,2,0.3,0.7,False,False,1.0,left,1.0,0.0,1,0.7686888926837128,False,0.0,nan,0,-0.5,7.25,0.5,rl,44
1,47,3.0,4.0,early,1.0,False,True,2,False,2,1,0.3,0.7,False,False,4.0,right,1.0,0.0,1,0.5644864779096679,False,0.0,nan,0,-0.25,7.0,0.25,rl,44
1,48,3.0,5.0,early,1.0,False,True,2,False,2,1,0.3,0.7,False,False,1.0,left,0.0,1.0,2,0.7569798072654521,True,nan,0.0,0,-0.25,6.75,0.25,rl,44
1,49,3.0,6.0,early,2.0,False,True,2,True,1,2,0.3,0.7,False,False,4.0,right,0.0,1.0,2,0.7262451075293939,True,nan,1.0,1,0.25,7.0,0.25,rl,44
1,50,3.0,7.0,early,2.0,False,True,2,False,2,1,0.3,0.7,False,False,4.0,right,1.0,0.0,1,0.6160141955333529,False,1.0,nan,1,0.5,7.5,0.5,rl,44
1,51,3.0,8.0,early,2.0,False,True,2,True,1,2,0.3,0.7,False,False,1.0,left,1.0,0.0,1,0.5765292791620595,False,0.0,nan,0,-0.5,7.0,0.5,rl,44
1,52,3.0,9.0,early,2.0,False,True,2,False,2,1,0.3,0.7,False,False,4.0,right,1.0,0.0,1,1.0491368695293204,False,0.0,nan,0,-0.75,6.25,0.75,rl,44
1,53,3.0,10.0,early,2.0,False,True,2,True,1,2,0.3,0.7,False,False,1.0,left,1.0,0.0,1,0.5756809137092205,False,0.0,nan,0,-0.25,6.0,0.25,rl,44
1,54,3.0,11.0,early,3.0,False,True,2,False,2,1,0.3,0.7,False,False,4.0,right,1.0,0.0,1,0.7571328825360979,False,1.0,nan,1,0.5,6.5,0.5,rl,44
1,55,3.0,12.0,late,3.0,False,True,2,True,1,2,0.3,0.7,False,False,1.0,left,1.0,0.0,1,0.7577129263809184,False,0.0,nan,0,-0.75,5.75,0.75,rl,44
1,56,3.0,13.0,late,3.0,False,True,2,True,1,2,0.3,0.7,False,False,1.0,left,1.0,0.0,1,1.0971247947672964,False,0.0,nan,0,-0.25,5.5,0.25,rl,44
1,57,3.0,14.0,late,3.0,False,True,2,True,1,2,0.3,0.7,False,False,4.0,right,0.0,1.0,2,0.6594869866967201,True,nan,0.0,0,-0.5,5.0,0.5,rl,44
1,58,3.0,15.0,late,3.0,False,True,2,True,1,2,0.3,0.7,False,False,4.0,right,0.0,1.0,2,0.4890276992955478,True,nan,1.0,1,0.25,5.25,0.25,rl,44
1,59,3.0,16.0,late,4.0,False,True,2,False,2,1,0.3,0.7,False,False,1.0,left,0.0,1.0,2,0.7346859478930128,True,nan,0.0,0,-0.5,4.75,0.5,rl,44
1,60,3.0,17.0,late,4.0,False,True,2,True,1,2,0.3,0.7,False,False,1.0,left,1.0,0.0,1,0.9486998425563797,False,0.0,nan,0,-0.75,4.0,0.75,rl,44
1,61,3.0,18.0,late,4.0,False,True,2,True,1,2,0.3,0.7,False,False,1.0,left,1.0,0.0,1,0.6719007462306763,False,0.0,nan,0,-0.5,3.5,0.5,rl,44
1,62,3.0,19.0,late,4.0,False,True,2,False,2,1,0.3,0.7,False,False,1.0,left,0.0,1.0,2,0.799339430341206,True,nan,1.0,1,0.5,4.0,0.5,rl,44
1,63,3.0,20.0,late,4.0,False,True,2,True,1,2,0.3,0.7,False,False,4.0,right,0.0,1.0,2,0.642941367768799,True,nan,1.0,1,0.75,4.75,0.75,rl,44
1,64,3.0,21.0,late,5.0,False,True,2,False,2,1,0.3,0.7,False,False,1.0,left,0.0,1.0,2,0.5686690691509284,True,nan,1.0,1,0.75,5.5,0.75,rl,44
1,65,3.0,22.0,late,5.0,False,True,2,False,2,1,0.3,0.7,True,True,1.0,left,0.0,1.0,2,1.6768953402061015,True,nan,0.0,0,-0.5,5.0,0.5,rl,44
1,66,4.0,1.0,early,1.0,True,False,1,False,2,1,0.7,0.3,False,False,4.0,right,1.0,0.0,1,0.5593291314798989,True,0.0,nan,0,-0.5,4.5,0.5,rl,44
1,67,4.0,2.0,early,1.0,True,False,1,False,2,1,0.7,0.3,False,False,4.0,right,1.0,0.0,1,0.49884445763746044,True,1.0,nan,1,0.5,5.0,0.5,rl,44
1,68,4.0,3.0,late,1.0,True,False,1,True,1,2,0.7,0.3,False,False,1.0,left,1.0,0.0,1,0.8284999766838155,True,1.0,nan,1,0.25,5.25,0.25,rl,44
1,69,4.0,4.0,late,1.0,True,False,1,True,1,2,0.7,0.3,False,False,4.0,right,0.0,1.0,2,0.5609516707336297,False,nan,0.0,0,-0.25,5.0,0.25,rl,44
1,70,4.0,5.0,late,1.0,True,False,1,True,1,2,0.7,0.3,False,False,4.0,right,0.0,1.0,2,0.5407524793336052,False,nan,1.0,1,0.25,5.25,0.25,rl,44
