sessNo,trialNo,block,blockTrialNo,trialClass,blockBin,stim1_High,stim2_High,stimHigh,stim1_left,leftStim,rightStim,stim1_pWin,stim2_pWin,reverseStatus,reverseTrial,responseKey,response_LR,selected_stim1,selected_stim2,response_stimID,RT,highChosen,stim1_isWin,stim2_isWin,isWin,payOut,accum_payOut,abs_outMag,instructCond,subID
1,1,1.0,1.0,early,1.0,True,False,1,True,1,2,0.7,0.3,False,False,4.0,right,0.0,1.0,2,0.7410705645452254,False,nan,1.0,1,0.5,0.5,0.5,hm,41
1,2,1.0,2.0,early,1.0,True,False,1,True,1,2,0.7,0.3,False,False,4.0,right,0.0,1.0,2,0.8417621519038221,False,nan,1.0,1,0.25,0.75,0.25,hm,41
1,3,1.0,3.0,early,1.0,True,False,1,False,2,1,0.7,0.3,False,False,1.0,left,0.0,1.0,2,0.6736240830941824,False,nan,0.0,0,-0.5,0.25,0.5,hm,41
1,4,1.0,4.0,early,1.0,True,False,1,True,1,2,0.7,0.3,False,False,1.0,left,1.0,0.0,1,0.8890354784525698,True,0.0,nan,0,-0.75,-0.5,0.75,hm,41
1,5,1.0,5.0,early,1.0,True,False,1,True,1,2,0.7,0.3,False,False,4.0,right,0.0,1.0,2,0.5404017329565249,False,nan,0.0,0,-0.25,-0.75,0.25,hm,41
1,6,1.0,6.0,early,2.0,True,False,1,False,2,1,0.7,0.3,False,False,4.0,right,1.0,0.0,1,0.5129490816470934,True,0.0,nan,0,-0.75,-1.5,0.75,hm,41
1,7,1.0,7.0,early,2.0,True,False,1,False,2,1,0.7,0.3,False,False,1.0,left,0.0,1.0,2,0.5173629947967129,False,nan,0.0,0,-0.5,-2.0,0.5,hm,41
1,8,1.0,8.0,early,2.0,True,False,1,True,1,2,0.7,0.3,False,False,1.0,left,1.0,0.0,1,0.583015114403679,True,1.0,nan,1,0.5,-1.5,0.5,hm,41
1,9,1.0,9.0,early,2.0,True,False,1,False,2,1,0.7,0.3,False,False,1.0,left,0.0,1.0,2,0.5985253917315276,False,nan,1.0,1,0.25,-1.25,0.25,hm,41
1,10,1.0,10.0,early,2.0,True,False,1,False,2,1,0.7,0.3,False,False,1.0,left,0.0,1.0,2,0.5062968347774586,False,nan,0.0,0,-0.75,-2.0,0.75,hm,41
1,11,1.0,11.0,early,3.0,True,False,1,True,1,2,0.7,0.3,False,False,4.0,right,0.0,1.0,2,0.6035923599265516,False,nan,0.0,0,-0.25,-2.25,0.25,hm,41
1,12,1.0,12.0,early,3.0,True,False,1,False,2,1,0.7,0.3,False,False,1.0,left,0.0,1.0,2,0.47679704503389075,False,nan,1.0,1,0.75,-1.5,0.75,hm,41
1,13,1.0,13.0,late,3.0,True,False,1,True,1,2,0.7,0.3,False,False,1.0,left,1.0,0.0,1,0.5482143474946497,True,0.0,nan,0,-0.75,-2.25,0.75,hm,41
1,14,1.0,14.0,late,3.0,True,False,1,True,1,2,0.7,0.3,False,False,4.0,right,0.0,1.0,2,0.5479211032070452,False,nan,0.0,0,-0.5,-2.75,0.5,hm,41
1,15,1.0,15.0,late,3.0,True,False,1,False,2,1,0.7,0.3,False,False,1.0,left,0.0,1.0,2,1.0616293943458004,False,nan,0.0,0,-0.5,-3.25,0.5,hm,41
1,16,1.0,16.0,late,4.0,True,False,1,False,2,1,0.7,0.3,False,False,4.0,right,1.0,0.0,1,0.9849034903745633,True,1.0,nan,1,0.75,-2.5,0.75,hm,41
1,17,1.0,17.0,late,4.0,True,False,1,False,2,1,0.7,0.3,False,False,4.0,right,1.0,0.0,1,0.4947793717874447,True,1.0,nan,1,0.5,-2.0,0.5,hm,41
1,18,1.0,18.0,late,4.0,True,False,1,True,1,2,0.7,0.3,False,False,4.0,right,0.0,1.0,2,0.7554198877041927,False,nan,0.0,0,-0.25,-2.25,0.25,hm,41
1,19,1.0,19.0,late,4.0,True,False,1,True,1,2,0.7,0.3,False,False,1.0,left,1.0,0.0,1,0.43104389691143297,True,1.0,nan,1,0.5,-1.75,0.5,hm,41
1,20,1.0,20.0,late,4.0,True,False,1,True,1,2,0.7,0.3,False,False,1.0,left,1.0,0.0,1,0.5622422749147518,True,1.0,nan,1,0.25,-1.5,0.25,hm,41
1,21,1.0,21.0,late,5.0,True,False,1,True,1,2,0.7,0.3,False,False,1.0,left,1.0,0.0,1,0.47546014428371564,True,1.0,nan,1,0.5,-1.0,0.5,hm,41
1,22,1.0,22.0,late,5.0,True,False,1,True,1,2,0.7,0.3,True,False,1.0,left,1.0,0.0,1,0.500290605094051,True,1.0,nan,1,0.5,-0.5,0.5,hm,41
1,23,1.0,23.0,late,5.0,True,False,1,True,1,2,0.7,0.3,True,False,1.0,left,1.0,0.0,1,0.40736911186832003,True,1.0,nan,1,0.75,0.25,0.75,hm,41
1,24,1.0,24.0,late,5.0,True,False,1,False,2,1,0.7,0.3,True,True,1.0,left,0.0,1.0,2,0.4902719137171516,False,nan,0.0,0,-0.5,-0.25,0.5,hm,41
1,25,2.0,1.0,early,1.0,False,True,2,False,2,1,0.3,0.7,False,False,1.0,left,0.0,1.0,2,0.5769643115927465,True,nan,1.0,1,0.5,0.25,0.5,hm,41
1,26,2.0,2.0,early,1.0,False,True,2,False,2,1,0.3,0.7,False,False,4.0,right,1.0,0.0,1,0.4484863609250169,False,1.0,nan,1,0.5,0.75,0.5,hm,41
1,27,2.0,3.0,early,1.0,False,True,2,False,2,1,0.3,0.7,False,False,4.0,right,1.0,0.0,1,0.9939002253813669,False,0.0,nan,0,-0.75,0.0,0.75,hm,41
1,28,2.0,4.0,early,1.0,False,True,2,True,1,2,0.3,0.7,False,False,1.0,left,1.0,0.0,1,0.5071507621760247,False,0.0,nan,0,-0.75,-0.75,0.75,hm,41
1,29,2.0,5.0,early,1.0,False,True,2,False,2,1,0.3,0.7,False,False,4.0,right,1.0,0.0,1,0.5227466668438865,False,1.0,nan,1,0.75,0.0,0.75,hm,41
1,30,2.0,6.0,early,2.0,False,True,2,False,2,1,0.3,0.7,False,False,4.0,right,1.0,0.0,1,0.5075308067898732,False,1.0,nan,1,0.5,0.5,0.5,hm,41
1,31,2.0,7.0,early,2.0,False,True,2,True,1,2,0.3,0.7,False,False,4.0,right,0.0,1.0,2,0.6539456313330447,True,nan,0.0,0,-0.5,0.0,0.5,hm,41
1,32,2.0,8.0,late,2.0,False,True,2,False,2,1,0.3,0.7,False,False,1.0,left,0.0,1.0,2,0.4976173900940921,True,nan,0.0,0,-0.5,-0.5,0.5,hm,41
1,33,2.0,9.0,late,2.0,False,True,2,False,2,1,0.3,0.7,False,False,4.0,right,1.0,0.0,1,1.200026040096418,False,0.0,nan,0,-0.25,-0.75,0.25,hm,41
1,34,2.0,10.0,late,2.0,False,True,2,False,2,1,0.3,0.7,False,False,1.0,left,0.0,1.0,2,0.5066182305308757,True,nan,1.0,1,0.25,-0.5,0.25,hm,41
1,35,2.0,11.0,late,3.0,False,True,2,True,1,2,0.3,0.7,False,False,1.0,left,1.0,0.0,1,0.5072105840081349,False,0.0,nan,0,-0.75,-1.25,0.75,hm,41
1,36,2.0,12.0,late,3.0,False,True,2,True,1,2,0.3,0.7,False,False,4.0,right,0.0,1.0,2,0.5106919803074561,True,nan,1.0,1,0.5,-0.75,0.5,hm,41
1,37,2.0,13.0,late,3.0,False,True,2,True,1,2,0.3,0.7,False,False,4.0,right,0.0,1.0,2,0.5610956897144206,True,nan,1.0,1,0.5,-0.25,0.5,hm,41
1,38,2.0,14.0,late,3.0,False,True,2,False,2,1,0.3,0.7,False,False,1.0,left,0.0,1.0,2,0.7742282836552477,True,nan,0.0,0,-0.75,-1.0,0.75,hm,41
1,39,2.0,15.0,late,3.0,False,True,2,True,1,2,0.3,0.7,True,True,4.0,right,0.0,1.0,2,0.4518753852607915,True,nan,1.0,1,0.25,-0.75,0.25,hm,41
1,40,3.0,1.0,early,1.0,True,False,1,False,2,1,0.7,0.3,False,False,4.0,right,1.0,0.0,1,1.341329030066845,True,1.0,nan,1,0.5,-0.25,0.5,hm,41
1,41,3.0,2.0,early,1.0,True,False,1,False,2,1,0.7,0.3,False,False,4.0,right,1.0,0.0,1,0.8448341791518033,True,1.0,nan,1,0.75,0.5,0.75,hm,41
1,42,3.0,3.0,early,1.0,True,False,1,True,1,2,0.7,0.3,False,False,4.0,right,0.0,1.0,2,1.9862887764174957,False,nan,1.0,1,0.5,1.0,0.5,hm,41
1,43,3.0,4.0,early,1.0,True,False,1,False,2,1,0.7,0.3,False,False,4.0,right,1.0,0.0,1,2.2578541086113546,True,0.0,nan,0,-0.5,0.5,0.5,hm,41
1,44,3.0,5.0,early,1.0,True,False,1,True,1,2,0.7,0.3,False,False,4.0,right,0.0,1.0,2,0.8914119302353356,False,nan,0.0,0,-0.25,0.25,0.25,hm,41
1,45,3.0,6.0,early,2.0,True,False,1,True,1,2,0.7,0.3,False,False,4.0,right,0.0,1.0,2,0.8548701719555538,False,nan,0.0,0,-0.5,-0.25,0.5,hm,41
1,46,3.0,7.0,early,2.0,True,False,1,False,2,1,0.7,0.3,False,False,1.0,left,0.0,1.0,2,0.45145809862879105,False,nan,1.0,1,0.25,0.0,0.25,hm,41
1,47,3.0,8.0,early,2.0,True,False,1,True,1,2,0.7,0.3,False,False,1.0,left,1.0,0.0,1,0.6668909008149058,True,1.0,nan,1,0.5,0.5,0.5,hm,41
1,48,3.0,9.0,early,2.0,True,False,1,True,1,2,0.7,0.3,False,False,1.0,left,1.0,0.0,1,0.6746964774938533,True,0.0,nan,0,-0.75,-0.25,0.75,hm,41
1,49,3.0,10.0,late,2.0,True,False,1,False,2,1,0.7,0.3,False,False,4.0,right,1.0,0.0,1,0.4855498007964343,True,1.0,nan,1,0.25,0.0,0.25,hm,41
1,50,3.0,11.0,late,3.0,True,False,1,True,1,2,0.7,0.3,False,False,4.0,right,0.0,1.0,2,0.49563652486540377,False,nan,0.0,0,-0.75,-0.75,0.75,hm,41
1,51,3.0,12.0,late,3.0,True,False,1,False,2,1,0.7,0.3,False,False,1.0,left,0.0,1.0,2,0.5372974488418549,False,nan,0.0,0,-0.5,-1.25,0.5,hm,41
1,52,3.0,13.0,late,3.0,True,False,1,False,2,1,0.7,0.3,False,False,4.0,right,1.0,0.0,1,0.4518401959358016,True,0.0,nan,0,-0.75,-2.0,0.75,hm,41
1,53,3.0,14.0,late,3.0,True,False,1,True,1,2,0.7,0.3,False,False,1.0,left,1.0,0.0,1,0.47510238623362966,True,1.0,nan,1,0.5,-1.5,0.5,hm,41
1,54,3.0,15.0,late,3.0,True,False,1,True,1,2,0.7,0.3,False,False,1.0,left,1.0,0.0,1,0.6111076247616438,True,1.0,nan,1,0.5,-1.0,0.5,hm,41
1,55,3.0,16.0,late,4.0,True,False,1,True,1,2,0.7,0.3,True,False,1.0,left,1.0,0.0,1,0.5152437182696303,True,1.0,nan,1,0.5,-0.5,0.5,hm,41
1,56,3.0,17.0,late,4.0,True,False,1,True,1,2,0.7,0.3,True,False,1.0,left,1.0,0.0,1,0.4905103213241091,True,1.0,nan,1,0.25,-0.25,0.25,hm,41
1,57,3.0,18.0,late,4.0,True,False,1,False,2,1,0.7,0.3,True,False,1.0,left,0.0,1.0,2,0.4412259253731463,False,nan,0.0,0,-0.75,-1.0,0.75,hm,41
1,58,3.0,19.0,late,4.0,True,False,1,True,1,2,0.7,0.3,True,True,4.0,right,0.0,1.0,2,0.6166962745774072,False,nan,1.0,1,0.75,-0.25,0.75,hm,41
1,59,4.0,1.0,early,1.0,False,True,2,False,2,1,0.3,0.7,False,False,4.0,right,1.0,0.0,1,1.3471792537893634,False,0.0,nan,0,-0.75,-1.0,0.75,hm,41
1,60,4.0,2.0,early,1.0,False,True,2,False,2,1,0.3,0.7,False,False,1.0,left,0.0,1.0,2,0.4317215844785096,True,nan,0.0,0,-0.5,-1.5,0.5,hm,41
1,61,4.0,3.0,early,1.0,False,True,2,False,2,1,0.3,0.7,False,False,4.0,right,1.0,0.0,1,0.46395147862494923,False,1.0,nan,1,0.5,-1.0,0.5,hm,41
1,62,4.0,4.0,early,1.0,False,True,2,True,1,2,0.3,0.7,False,False,4.0,right,0.0,1.0,2,0.567012186642387,True,nan,0.0,0,-0.75,-1.75,0.75,hm,41
1,63,4.0,5.0,early,1.0,False,True,2,False,2,1,0.3,0.7,False,False,1.0,left,0.0,1.0,2,0.5009703453688417,True,nan,1.0,1,0.5,-1.25,0.5,hm,41
1,64,4.0,6.0,early,2.0,False,True,2,True,1,2,0.3,0.7,False,False,1.0,left,1.0,0.0,1,0.5219584261649288,False,1.0,nan,1,0.25,-1.0,0.25,hm,41
1,65,4.0,7.0,late,2.0,False,True,2,False,2,1,0.3,0.7,False,False,1.0,left,0.0,1.0,2,0.4900675224198494,True,nan,1.0,1,0.5,-0.5,0.5,hm,41
1,66,4.0,8.0,late,2.0,False,True,2,True,1,2,0.3,0.7,False,False,1.0,left,1.0,0.0,1,0.48593189811799675,False,0.0,nan,0,-0.25,-0.75,0.25,hm,41
1,67,4.0,9.0,late,2.0,False,True,2,True,1,2,0.3,0.7,False,False,4.0,right,0.0,1.0,2,0.7704603876773035,True,nan,1.0,1,0.75,0.0,0.75,hm,41
1,68,4.0,10.0,late,2.0,False,True,2,True,1,2,0.3,0.7,False,False,4.0,right,0.0,1.0,2,0.50098031568632,True,nan,1.0,1,0.5,0.5,0.5,hm,41
1,69,4.0,11.0,late,3.0,False,True,2,False,2,1,0.3,0.7,False,False,4.0,right,1.0,0.0,1,1.2405304085550597,False,0.0,nan,0,-0.25,0.25,0.25,hm,41
1,70,4.0,12.0,late,3.0,False,True,2,False,2,1,0.3,0.7,False,False,1.0,left,0.0,1.0,2,0.5970823365496472,True,nan,1.0,1,0.75,1.0,0.75,hm,41
