sessNo,trialNo,block,blockTrialNo,trialClass,blockBin,stim1_High,stim2_High,stimHigh,stim1_left,leftStim,rightStim,stim1_pWin,stim2_pWin,reverseStatus,reverseTrial,responseKey,response_LR,selected_stim1,selected_stim2,response_stimID,RT,highChosen,stim1_isWin,stim2_isWin,isWin,payOut,accum_payOut,abs_outMag,instructCond,subID
1,1,1.0,1.0,early,1.0,False,True,2,False,2,1,0.3,0.7,False,False,4.0,right,1.0,0.0,1,1.6039013081463054,False,0.0,nan,0,-0.75,-0.75,0.75,hm,49
1,2,1.0,2.0,early,1.0,False,True,2,False,2,1,0.3,0.7,False,False,1.0,left,0.0,1.0,2,0.6557067312533036,True,nan,1.0,1,0.75,0.0,0.75,hm,49
1,3,1.0,3.0,early,1.0,False,True,2,False,2,1,0.3,0.7,False,False,1.0,left,0.0,1.0,2,0.7686261377530172,True,nan,0.0,0,-0.25,-0.25,0.25,hm,49
1,4,1.0,4.0,early,1.0,False,True,2,True,1,2,0.3,0.7,False,False,4.0,right,0.0,1.0,2,1.5119954417459667,True,nan,1.0,1,0.5,0.25,0.5,hm,49
1,5,1.0,5.0,early,1.0,False,True,2,False,2,1,0.3,0.7,False,False,4.0,right,1.0,0.0,1,1.3266726039582863,False,0.0,nan,0,-0.25,0.0,0.25,hm,49
1,6,1.0,6.0,early,2.0,False,True,2,True,1,2,0.3,0.7,False,False,1.0,left,1.0,0.0,1,0.9061276149004698,False,0.0,nan,0,-0.75,-0.75,0.75,hm,49
1,7,1.0,7.0,early,2.0,False,True,2,False,2,1,0.3,0.7,False,False,1.0,left,0.0,1.0,2,0.6999179200502113,True,nan,1.0,1,0.25,-0.5,0.25,hm,49
1,8,1.0,8.0,early,2.0,False,True,2,True,1,2,0.3,0.7,False,False,4.0,right,0.0,1.0,2,0.6906495348084718,True,nan,1.0,1,0.5,0.0,0.5,hm,49
1,9,1.0,9.0,early,2.0,False,True,2,False,2,1,0.3,0.7,False,False,4.0,right,1.0,0.0,1,0.6536232066573575,False,0.0,nan,0,-0.5,-0.5,0.5,hm,49
1,10,1.0,10.0,late,2.0,False,True,2,False,2,1,0.3,0.7,False,False,1.0,left,0.0,1.0,2,0.7279849458718672,True,nan,0.0,0,-0.5,-1.0,0.5,hm,49
1,11,1.0,11.0,late,3.0,False,True,2,True,1,2,0.3,0.7,False,False,4.0,right,0.0,1.0,2,0.6820787856122479,True,nan,0.0,0,-0.25,-1.25,0.25,hm,49
1,12,1.0,12.0,late,3.0,False,True,2,False,2,1,0.3,0.7,False,False,4.0,right,1.0,0.0,1,0.6812400973867625,False,1.0,nan,1,0.25,-1.0,0.25,hm,49
1,13,1.0,13.0,late,3.0,False,True,2,True,1,2,0.3,0.7,False,False,4.0,right,0.0,1.0,2,1.6831901943078265,True,nan,0.0,0,-0.75,-1.75,0.75,hm,49
1,14,1.0,14.0,late,3.0,False,True,2,False,2,1,0.3,0.7,False,False,1.0,left,0.0,1.0,2,0.5654058093205094,True,nan,1.0,1,0.75,-1.0,0.75,hm,49
1,15,1.0,15.0,late,3.0,False,True,2,False,2,1,0.3,0.7,False,False,1.0,left,0.0,1.0,2,0.8998518219450489,True,nan,1.0,1,0.5,-0.5,0.5,hm,49
1,16,1.0,16.0,late,4.0,False,True,2,False,2,1,0.3,0.7,True,False,1.0,left,0.0,1.0,2,2.5686737610958517,True,nan,1.0,1,0.5,0.0,0.5,hm,49
1,17,1.0,17.0,late,4.0,False,True,2,True,1,2,0.3,0.7,True,False,4.0,right,0.0,1.0,2,0.8179732657736167,True,nan,1.0,1,0.5,0.5,0.5,hm,49
1,18,1.0,18.0,late,4.0,False,True,2,False,2,1,0.3,0.7,True,False,4.0,right,1.0,0.0,1,0.8964759550290182,False,0.0,nan,0,-0.75,-0.25,0.75,hm,49
1,19,1.0,19.0,late,4.0,False,True,2,True,1,2,0.3,0.7,True,True,4.0,right,0.0,1.0,2,0.8337722761789337,True,nan,1.0,1,0.5,0.25,0.5,hm,49
1,20,2.0,1.0,early,1.0,True,False,1,True,1,2,0.7,0.3,False,False,1.0,left,1.0,0.0,1,0.6665527888108045,True,1.0,nan,1,0.25,0.5,0.25,hm,49
1,21,2.0,2.0,early,1.0,True,False,1,True,1,2,0.7,0.3,False,False,4.0,right,0.0,1.0,2,0.8830959445331246,False,nan,1.0,1,0.5,1.0,0.5,hm,49
1,22,2.0,3.0,early,1.0,True,False,1,True,1,2,0.7,0.3,False,False,4.0,right,0.0,1.0,2,0.5126065699150786,False,nan,0.0,0,-0.5,0.5,0.5,hm,49
1,23,2.0,4.0,early,1.0,True,False,1,True,1,2,0.7,0.3,False,False,4.0,right,0.0,1.0,2,0.9922339224722236,False,nan,0.0,0,-0.25,0.25,0.25,hm,49
1,24,2.0,5.0,early,1.0,True,False,1,True,1,2,0.7,0.3,False,False,1.0,left,1.0,0.0,1,0.5550620849244297,True,0.0,nan,0,-0.75,-0.5,0.75,hm,49
1,25,2.0,6.0,early,2.0,True,False,1,False,2,1,0.7,0.3,False,False,1.0,left,0.0,1.0,2,0.5571632044157013,False,nan,1.0,1,0.5,0.0,0.5,hm,49
1,26,2.0,7.0,early,2.0,True,False,1,False,2,1,0.7,0.3,False,False,4.0,right,1.0,0.0,1,1.0953019673470408,True,1.0,nan,1,0.25,0.25,0.25,hm,49
1,27,2.0,8.0,early,2.0,True,False,1,False,2,1,0.7,0.3,False,False,4.0,right,1.0,0.0,1,0.9847499491879717,True,1.0,nan,1,0.75,1.0,0.75,hm,49
1,28,2.0,9.0,late,2.0,True,False,1,False,2,1,0.7,0.3,False,False,1.0,left,0.0,1.0,2,0.8290269427234307,False,nan,0.0,0,-0.75,0.25,0.75,hm,49
1,29,2.0,10.0,late,2.0,True,False,1,False,2,1,0.7,0.3,False,False,4.0,right,1.0,0.0,1,0.8218315251870081,True,0.0,nan,0,-0.5,-0.25,0.5,hm,49
1,30,2.0,11.0,late,3.0,True,False,1,False,2,1,0.7,0.3,False,False,4.0,right,1.0,0.0,1,0.5016731244977564,True,1.0,nan,1,0.25,0.0,0.25,hm,49
1,31,2.0,12.0,late,3.0,True,False,1,True,1,2,0.7,0.3,False,False,4.0,right,0.0,1.0,2,0.751359129557386,False,nan,1.0,1,0.5,0.5,0.5,hm,49
1,32,2.0,13.0,late,3.0,True,False,1,True,1,2,0.7,0.3,False,False,1.0,left,1.0,0.0,1,2.9262229966698214,True,1.0,nan,1,0.75,1.25,0.75,hm,49
1,33,2.0,14.0,late,3.0,True,False,1,True,1,2,0.7,0.3,False,False,1.0,left,1.0,0.0,1,1.4934425426181406,True,1.0,nan,1,0.5,1.75,0.5,hm,49
1,34,2.0,15.0,late,3.0,True,False,1,True,1,2,0.7,0.3,False,False,1.0,left,1.0,0.0,1,1.0819228366017342,True,1.0,nan,1,0.25,2.0,0.25,hm,49
1,35,2.0,16.0,late,4.0,True,False,1,False,2,1,0.7,0.3,True,True,4.0,right,1.0,0.0,1,1.2563779164338484,True,1.0,nan,1,0.75,2.75,0.75,hm,49
1,36,3.0,1.0,early,1.0,False,True,2,False,2,1,0.3,0.7,False,False,4.0,right,1.0,0.0,1,1.079625534475781,False,1.0,nan,1,0.5,3.25,0.5,hm,49
1,37,3.0,2.0,early,1.0,False,True,2,False,2,1,0.3,0.7,False,False,1.0,left,0.0,1.0,2,0.8056392695289105,True,nan,1.0,1,0.25,3.5,0.25,hm,49
1,38,3.0,3.0,early,1.0,False,True,2,False,2,1,0.3,0.7,False,False,4.0,right,1.0,0.0,1,0.8658271769527346,False,0.0,nan,0,-0.75,2.75,0.75,hm,49
1,39,3.0,4.0,early,1.0,False,True,2,False,2,1,0.3,0.7,False,False,1.0,left,0.0,1.0,2,0.843989024288021,True,nan,1.0,1,0.75,3.5,0.75,hm,49
1,40,3.0,5.0,early,1.0,False,True,2,True,1,2,0.3,0.7,False,False,4.0,right,0.0,1.0,2,2.0527617037296295,True,nan,0.0,0,-0.5,3.0,0.5,hm,49
1,41,3.0,6.0,early,2.0,False,True,2,False,2,1,0.3,0.7,False,False,4.0,right,1.0,0.0,1,0.7066054325550795,False,0.0,nan,0,-0.5,2.5,0.5,hm,49
1,42,3.0,7.0,early,2.0,False,True,2,False,2,1,0.3,0.7,False,False,4.0,right,1.0,0.0,1,0.9170821742154658,False,0.0,nan,0,-0.25,2.25,0.25,hm,49
1,43,3.0,8.0,early,2.0,False,True,2,True,1,2,0.3,0.7,False,False,1.0,left,1.0,0.0,1,0.5726331908954307,False,0.0,nan,0,-0.5,1.75,0.5,hm,49
1,44,3.0,9.0,early,2.0,False,True,2,True,1,2,0.3,0.7,False,False,4.0,right,0.0,1.0,2,0.4921915481099859,True,nan,0.0,0,-0.25,1.5,0.25,hm,49
1,45,3.0,10.0,early,2.0,False,True,2,True,1,2,0.3,0.7,False,False,4.0,right,0.0,1.0,2,0.6030983960954472,True,nan,1.0,1,0.75,2.25,0.75,hm,49
1,46,3.0,11.0,early,3.0,False,True,2,False,2,1,0.3,0.7,False,False,4.0,right,1.0,0.0,1,1.438478255760856,False,0.0,nan,0,-0.5,1.75,0.5,hm,49
1,47,3.0,12.0,early,3.0,False,True,2,False,2,1,0.3,0.7,False,False,1.0,left,0.0,1.0,2,0.5503284813603386,True,nan,0.0,0,-0.75,1.0,0.75,hm,49
1,48,3.0,13.0,late,3.0,False,True,2,True,1,2,0.3,0.7,False,False,1.0,left,1.0,0.0,1,0.5692189084365964,False,1.0,nan,1,0.5,1.5,0.5,hm,49
1,49,3.0,14.0,late,3.0,False,True,2,True,1,2,0.3,0.7,False,False,1.0,left,1.0,0.0,1,0.8276653938228264,False,1.0,nan,1,0.25,1.75,0.25,hm,49
1,50,3.0,15.0,late,3.0,False,True,2,False,2,1,0.3,0.7,False,False,4.0,right,1.0,0.0,1,0.6405719267204404,False,1.0,nan,1,0.75,2.5,0.75,hm,49
1,51,3.0,16.0,late,4.0,False,True,2,True,1,2,0.3,0.7,False,False,4.0,right,0.0,1.0,2,0.9232262988807634,True,nan,1.0,1,0.25,2.75,0.25,hm,49
1,52,3.0,17.0,late,4.0,False,True,2,True,1,2,0.3,0.7,False,False,4.0,right,0.0,1.0,2,0.39524973987136036,True,nan,0.0,0,-0.5,2.25,0.5,hm,49
1,53,3.0,18.0,late,4.0,False,True,2,False,2,1,0.3,0.7,False,False,4.0,right,1.0,0.0,1,1.5418457065243274,False,0.0,nan,0,-0.75,1.5,0.75,hm,49
1,54,3.0,19.0,late,4.0,False,True,2,False,2,1,0.3,0.7,False,False,1.0,left,0.0,1.0,2,0.722491537570022,True,nan,1.0,1,0.5,2.0,0.5,hm,49
1,55,3.0,20.0,late,4.0,False,True,2,False,2,1,0.3,0.7,False,False,1.0,left,0.0,1.0,2,1.7577994344756007,True,nan,0.0,0,-0.75,1.25,0.75,hm,49
1,56,3.0,21.0,late,5.0,False,True,2,True,1,2,0.3,0.7,False,False,4.0,right,0.0,1.0,2,0.6457081593107432,True,nan,0.0,0,-0.5,0.75,0.5,hm,49
1,57,3.0,22.0,late,5.0,False,True,2,True,1,2,0.3,0.7,True,False,4.0,right,0.0,1.0,2,0.6615294564981014,True,nan,1.0,1,0.75,1.5,0.75,hm,49
1,58,3.0,23.0,late,5.0,False,True,2,True,1,2,0.3,0.7,True,False,4.0,right,0.0,1.0,2,1.0393356533022597,True,nan,1.0,1,0.25,1.75,0.25,hm,49
1,59,3.0,24.0,late,5.0,False,True,2,False,2,1,0.3,0.7,True,True,1.0,left,0.0,1.0,2,1.4731536174658686,True,nan,1.0,1,0.25,2.0,0.25,hm,49
1,60,4.0,1.0,early,1.0,True,False,1,False,2,1,0.7,0.3,False,False,1.0,left,0.0,1.0,2,1.1265029308851808,False,nan,0.0,0,-0.25,1.75,0.25,hm,49
1,61,4.0,2.0,early,1.0,True,False,1,True,1,2,0.7,0.3,False,False,1.0,left,1.0,0.0,1,0.5573007374769077,True,0.0,nan,0,-0.5,1.25,0.5,hm,49
1,62,4.0,3.0,early,1.0,True,False,1,False,2,1,0.7,0.3,False,False,4.0,right,1.0,0.0,1,0.5006021840963513,True,0.0,nan,0,-0.25,1.0,0.25,hm,49
1,63,4.0,4.0,early,1.0,True,False,1,True,1,2,0.7,0.3,False,False,4.0,right,0.0,1.0,2,0.4931387382093817,False,nan,0.0,0,-0.5,0.5,0.5,hm,49
1,64,4.0,5.0,early,1.0,True,False,1,False,2,1,0.7,0.3,False,False,4.0,right,1.0,0.0,1,0.617599785560742,True,1.0,nan,1,0.5,1.0,0.5,hm,49
1,65,4.0,6.0,late,2.0,True,False,1,False,2,1,0.7,0.3,False,False,4.0,right,1.0,0.0,1,1.7714990850072354,True,1.0,nan,1,0.5,1.5,0.5,hm,49
1,66,4.0,7.0,late,2.0,True,False,1,True,1,2,0.7,0.3,False,False,1.0,left,1.0,0.0,1,0.8228537864051759,True,1.0,nan,1,0.75,2.25,0.75,hm,49
1,67,4.0,8.0,late,2.0,True,False,1,False,2,1,0.7,0.3,False,False,1.0,left,0.0,1.0,2,0.9050425986060873,False,nan,0.0,0,-0.75,1.5,0.75,hm,49
1,68,4.0,9.0,late,2.0,True,False,1,False,2,1,0.7,0.3,False,False,1.0,left,0.0,1.0,2,0.42079659551382065,False,nan,1.0,1,0.25,1.75,0.25,hm,49
1,69,4.0,10.0,late,2.0,True,False,1,False,2,1,0.7,0.3,False,False,1.0,left,0.0,1.0,2,1.112970431568101,False,nan,0.0,0,-0.75,1.0,0.75,hm,49
1,70,4.0,11.0,late,3.0,True,False,1,False,2,1,0.7,0.3,False,False,4.0,right,1.0,0.0,1,0.7456592749804258,True,1.0,nan,1,0.25,1.25,0.25,hm,49
