sessNo,trialNo,block,blockTrialNo,trialClass,blockBin,stim1_High,stim2_High,stimHigh,stim1_left,leftStim,rightStim,stim1_pWin,stim2_pWin,reverseStatus,reverseTrial,responseKey,response_LR,selected_stim1,selected_stim2,response_stimID,RT,highChosen,stim1_isWin,stim2_isWin,isWin,payOut,accum_payOut,abs_outMag,instructCond,subID
1,1,1.0,1.0,early,1.0,True,False,1,False,2,1,0.7,0.3,False,False,1.0,left,0.0,1.0,2.0,1.2385971384355798,False,nan,0.0,0.0,-0.75,-0.75,0.75,hm,47
1,2,1.0,2.0,early,1.0,True,False,1,False,2,1,0.7,0.3,False,False,4.0,right,1.0,0.0,1.0,0.8193705908488482,True,1.0,nan,1.0,0.75,0.0,0.75,hm,47
1,3,1.0,3.0,early,1.0,True,False,1,False,2,1,0.7,0.3,False,False,4.0,right,1.0,0.0,1.0,0.7430514235747978,True,1.0,nan,1.0,0.25,0.25,0.25,hm,47
1,4,1.0,4.0,early,1.0,True,False,1,False,2,1,0.7,0.3,False,False,4.0,right,1.0,0.0,1.0,0.7704108429607004,True,0.0,nan,0.0,-0.25,0.0,0.25,hm,47
1,5,1.0,5.0,late,1.0,True,False,1,False,2,1,0.7,0.3,False,False,1.0,left,0.0,1.0,2.0,0.8467481915140525,False,nan,0.0,0.0,-0.5,-0.5,0.5,hm,47
1,6,1.0,6.0,late,2.0,True,False,1,False,2,1,0.7,0.3,False,False,4.0,right,1.0,0.0,1.0,0.5122678688494489,True,0.0,nan,0.0,-0.5,-1.0,0.5,hm,47
1,7,1.0,7.0,late,2.0,True,False,1,False,2,1,0.7,0.3,False,False,4.0,right,1.0,0.0,1.0,0.5589168253354728,True,1.0,nan,1.0,0.75,-0.25,0.75,hm,47
1,8,1.0,8.0,late,2.0,True,False,1,True,1,2,0.7,0.3,False,False,1.0,left,1.0,0.0,1.0,1.1042577506741509,True,1.0,nan,1.0,0.5,0.25,0.5,hm,47
1,9,1.0,9.0,late,2.0,True,False,1,False,2,1,0.7,0.3,True,True,4.0,right,1.0,0.0,1.0,0.6290150368586183,True,1.0,nan,1.0,0.5,0.75,0.5,hm,47
1,10,2.0,1.0,early,1.0,False,True,2,False,2,1,0.3,0.7,False,False,4.0,right,1.0,0.0,1.0,0.7377351369941607,False,0.0,nan,0.0,-0.5,0.25,0.5,hm,47
1,11,2.0,2.0,early,1.0,False,True,2,True,1,2,0.3,0.7,False,False,1.0,left,1.0,0.0,1.0,0.8026041564298794,False,0.0,nan,0.0,-0.25,0.0,0.25,hm,47
1,12,2.0,3.0,early,1.0,False,True,2,True,1,2,0.3,0.7,False,False,1.0,left,1.0,0.0,1.0,0.7255747434683144,False,1.0,nan,1.0,0.75,0.75,0.75,hm,47
1,13,2.0,4.0,early,1.0,False,True,2,True,1,2,0.3,0.7,False,False,1.0,left,1.0,0.0,1.0,1.0586295891553164,False,0.0,nan,0.0,-0.5,0.25,0.5,hm,47
1,14,2.0,5.0,early,1.0,False,True,2,False,2,1,0.3,0.7,False,False,1.0,left,0.0,1.0,2.0,1.5454224481945857,True,nan,1.0,1.0,0.5,0.75,0.5,hm,47
1,15,2.0,6.0,early,2.0,False,True,2,False,2,1,0.3,0.7,False,False,1.0,left,0.0,1.0,2.0,1.1385557025205344,True,nan,1.0,1.0,0.5,1.25,0.5,hm,47
1,16,2.0,7.0,late,2.0,False,True,2,True,1,2,0.3,0.7,False,False,4.0,right,0.0,1.0,2.0,1.0027163529302925,True,nan,0.0,0.0,-0.25,1.0,0.25,hm,47
1,17,2.0,8.0,late,2.0,False,True,2,False,2,1,0.3,0.7,False,False,4.0,right,1.0,0.0,1.0,1.7327572581125423,False,0.0,nan,0.0,-0.75,0.25,0.75,hm,47
1,18,2.0,9.0,late,2.0,False,True,2,False,2,1,0.3,0.7,False,False,nan,nan,nan,nan,nan,nan,False,nan,nan,nan,nan,nan,nan,hm,47
1,19,2.0,10.0,late,2.0,False,True,2,False,2,1,0.3,0.7,False,False,1.0,left,0.0,1.0,2.0,0.5711473050760105,True,nan,1.0,1.0,0.25,0.5,0.25,hm,47
1,20,2.0,11.0,late,3.0,False,True,2,False,2,1,0.3,0.7,False,False,1.0,left,0.0,1.0,2.0,0.7155937663046643,True,nan,0.0,0.0,-0.75,-0.25,0.75,hm,47
1,21,2.0,12.0,late,3.0,False,True,2,False,2,1,0.3,0.7,False,False,1.0,left,0.0,1.0,2.0,0.4715768249006942,True,nan,1.0,1.0,0.5,0.25,0.5,hm,47
1,22,2.0,13.0,late,3.0,False,True,2,True,1,2,0.3,0.7,True,True,4.0,right,0.0,1.0,2.0,0.6627772253705189,True,nan,0.0,0.0,-0.5,-0.25,0.5,hm,47
1,23,3.0,1.0,early,1.0,True,False,1,False,2,1,0.7,0.3,False,False,1.0,left,0.0,1.0,2.0,0.6813201539916918,False,nan,0.0,0.0,-0.5,-0.75,0.5,hm,47
1,24,3.0,2.0,early,1.0,True,False,1,False,2,1,0.7,0.3,False,False,1.0,left,0.0,1.0,2.0,0.8411715009715408,False,nan,0.0,0.0,-0.75,-1.5,0.75,hm,47
1,25,3.0,3.0,early,1.0,True,False,1,True,1,2,0.7,0.3,False,False,1.0,left,1.0,0.0,1.0,0.8274633463006467,True,0.0,nan,0.0,-0.25,-1.75,0.25,hm,47
1,26,3.0,4.0,early,1.0,True,False,1,False,2,1,0.7,0.3,False,False,4.0,right,1.0,0.0,1.0,1.3501505973981693,True,0.0,nan,0.0,-0.25,-2.0,0.25,hm,47
1,27,3.0,5.0,early,1.0,True,False,1,True,1,2,0.7,0.3,False,False,4.0,right,0.0,1.0,2.0,0.9267012836644426,False,nan,0.0,0.0,-0.5,-2.5,0.5,hm,47
1,28,3.0,6.0,early,2.0,True,False,1,True,1,2,0.7,0.3,False,False,1.0,left,1.0,0.0,1.0,0.9675973075209185,True,1.0,nan,1.0,0.5,-2.0,0.5,hm,47
1,29,3.0,7.0,early,2.0,True,False,1,False,2,1,0.7,0.3,False,False,4.0,right,1.0,0.0,1.0,0.8392228703014553,True,1.0,nan,1.0,0.75,-1.25,0.75,hm,47
1,30,3.0,8.0,early,2.0,True,False,1,True,1,2,0.7,0.3,False,False,1.0,left,1.0,0.0,1.0,1.2479602426756173,True,1.0,nan,1.0,0.75,-0.5,0.75,hm,47
1,31,3.0,9.0,late,2.0,True,False,1,True,1,2,0.7,0.3,False,False,4.0,right,0.0,1.0,2.0,0.7982429773546755,False,nan,0.0,0.0,-0.25,-0.75,0.25,hm,47
1,32,3.0,10.0,late,2.0,True,False,1,True,1,2,0.7,0.3,False,False,1.0,left,1.0,0.0,1.0,0.683775223325938,True,0.0,nan,0.0,-0.75,-1.5,0.75,hm,47
1,33,3.0,11.0,late,3.0,True,False,1,True,1,2,0.7,0.3,False,False,4.0,right,0.0,1.0,2.0,0.9518985878676176,False,nan,1.0,1.0,0.25,-1.25,0.25,hm,47
1,34,3.0,12.0,late,3.0,True,False,1,True,1,2,0.7,0.3,False,False,4.0,right,0.0,1.0,2.0,1.0032773356651887,False,nan,0.0,0.0,-0.5,-1.75,0.5,hm,47
1,35,3.0,13.0,late,3.0,True,False,1,False,2,1,0.7,0.3,False,False,4.0,right,1.0,0.0,1.0,1.0893903879914433,True,1.0,nan,1.0,0.25,-1.5,0.25,hm,47
1,36,3.0,14.0,late,3.0,True,False,1,False,2,1,0.7,0.3,False,False,4.0,right,1.0,0.0,1.0,0.9412598563358188,True,1.0,nan,1.0,0.25,-1.25,0.25,hm,47
1,37,3.0,15.0,late,3.0,True,False,1,False,2,1,0.7,0.3,False,False,4.0,right,1.0,0.0,1.0,0.8923350049881265,True,1.0,nan,1.0,0.75,-0.5,0.75,hm,47
1,38,3.0,16.0,late,4.0,True,False,1,True,1,2,0.7,0.3,True,False,1.0,left,1.0,0.0,1.0,1.042202149052173,True,0.0,nan,0.0,-0.5,-1.0,0.5,hm,47
1,39,3.0,17.0,late,4.0,True,False,1,True,1,2,0.7,0.3,True,True,1.0,left,1.0,0.0,1.0,1.8857011566869915,True,1.0,nan,1.0,0.75,-0.25,0.75,hm,47
1,40,4.0,1.0,early,1.0,False,True,2,False,2,1,0.3,0.7,False,False,4.0,right,1.0,0.0,1.0,0.9137051341822371,False,0.0,nan,0.0,-0.5,-0.75,0.5,hm,47
1,41,4.0,2.0,early,1.0,False,True,2,False,2,1,0.3,0.7,False,False,4.0,right,1.0,0.0,1.0,0.7214475760702044,False,0.0,nan,0.0,-0.5,-1.25,0.5,hm,47
1,42,4.0,3.0,early,1.0,False,True,2,True,1,2,0.3,0.7,False,False,1.0,left,1.0,0.0,1.0,0.8121159372385591,False,0.0,nan,0.0,-0.25,-1.5,0.25,hm,47
1,43,4.0,4.0,early,1.0,False,True,2,True,1,2,0.3,0.7,False,False,1.0,left,1.0,0.0,1.0,0.9390200308989733,False,1.0,nan,1.0,0.25,-1.25,0.25,hm,47
1,44,4.0,5.0,early,1.0,False,True,2,True,1,2,0.3,0.7,False,False,1.0,left,1.0,0.0,1.0,0.6441967609571293,False,0.0,nan,0.0,-0.5,-1.75,0.5,hm,47
1,45,4.0,6.0,early,2.0,False,True,2,False,2,1,0.3,0.7,False,False,4.0,right,1.0,0.0,1.0,1.1868999237194657,False,0.0,nan,0.0,-0.5,-2.25,0.5,hm,47
1,46,4.0,7.0,early,2.0,False,True,2,True,1,2,0.3,0.7,False,False,1.0,left,1.0,0.0,1.0,0.8961988359224051,False,1.0,nan,1.0,0.5,-1.75,0.5,hm,47
1,47,4.0,8.0,early,2.0,False,True,2,True,1,2,0.3,0.7,False,False,1.0,left,1.0,0.0,1.0,0.8450939814792946,False,0.0,nan,0.0,-0.5,-2.25,0.5,hm,47
1,48,4.0,9.0,late,2.0,False,True,2,True,1,2,0.3,0.7,False,False,4.0,right,0.0,1.0,2.0,0.6912210744339973,True,nan,1.0,1.0,0.25,-2.0,0.25,hm,47
1,49,4.0,10.0,late,2.0,False,True,2,True,1,2,0.3,0.7,False,False,1.0,left,1.0,0.0,1.0,0.8322230488993227,False,1.0,nan,1.0,0.75,-1.25,0.75,hm,47
1,50,4.0,11.0,late,3.0,False,True,2,True,1,2,0.3,0.7,False,False,1.0,left,1.0,0.0,1.0,1.0377110613044351,False,0.0,nan,0.0,-0.75,-2.0,0.75,hm,47
1,51,4.0,12.0,late,3.0,False,True,2,True,1,2,0.3,0.7,False,False,4.0,right,0.0,1.0,2.0,0.9258054120000452,True,nan,1.0,1.0,0.75,-1.25,0.75,hm,47
1,52,4.0,13.0,late,3.0,False,True,2,False,2,1,0.3,0.7,False,False,1.0,left,0.0,1.0,2.0,0.5367033157963306,True,nan,0.0,0.0,-0.25,-1.5,0.25,hm,47
1,53,4.0,14.0,late,3.0,False,True,2,False,2,1,0.3,0.7,False,False,1.0,left,0.0,1.0,2.0,0.8720451999688521,True,nan,0.0,0.0,-0.75,-2.25,0.75,hm,47
1,54,4.0,15.0,late,3.0,False,True,2,False,2,1,0.3,0.7,True,False,1.0,left,0.0,1.0,2.0,0.7335748324403539,True,nan,0.0,0.0,-0.5,-2.75,0.5,hm,47
1,55,4.0,16.0,late,4.0,False,True,2,False,2,1,0.3,0.7,True,True,4.0,right,1.0,0.0,1.0,1.1328678710851818,False,1.0,nan,1.0,0.5,-2.25,0.5,hm,47
1,56,5.0,1.0,early,1.0,True,False,1,False,2,1,0.7,0.3,False,False,1.0,left,0.0,1.0,2.0,0.8994653215631843,False,nan,0.0,0.0,-0.5,-2.75,0.5,hm,47
1,57,5.0,2.0,early,1.0,True,False,1,False,2,1,0.7,0.3,False,False,4.0,right,1.0,0.0,1.0,0.7653408842161298,True,1.0,nan,1.0,0.25,-2.5,0.25,hm,47
1,58,5.0,3.0,early,1.0,True,False,1,False,2,1,0.7,0.3,False,False,1.0,left,0.0,1.0,2.0,0.7511670523090288,False,nan,0.0,0.0,-0.25,-2.75,0.25,hm,47
1,59,5.0,4.0,early,1.0,True,False,1,True,1,2,0.7,0.3,False,False,1.0,left,1.0,0.0,1.0,1.3634235723875463,True,1.0,nan,1.0,0.5,-2.25,0.5,hm,47
1,60,5.0,5.0,early,1.0,True,False,1,False,2,1,0.7,0.3,False,False,1.0,left,0.0,1.0,2.0,1.1027745039900765,False,nan,1.0,1.0,0.5,-1.75,0.5,hm,47
1,61,5.0,6.0,early,2.0,True,False,1,True,1,2,0.7,0.3,False,False,1.0,left,1.0,0.0,1.0,0.8522550890920684,True,1.0,nan,1.0,0.75,-1.0,0.75,hm,47
1,62,5.0,7.0,early,2.0,True,False,1,True,1,2,0.7,0.3,False,False,4.0,right,0.0,1.0,2.0,0.5489757299656048,False,nan,0.0,0.0,-0.5,-1.5,0.5,hm,47
1,63,5.0,8.0,late,2.0,True,False,1,True,1,2,0.7,0.3,False,False,1.0,left,1.0,0.0,1.0,0.7886924878694117,True,1.0,nan,1.0,0.75,-0.75,0.75,hm,47
1,64,5.0,9.0,late,2.0,True,False,1,False,2,1,0.7,0.3,False,False,1.0,left,0.0,1.0,2.0,0.9408041496062651,False,nan,0.0,0.0,-0.5,-1.25,0.5,hm,47
1,65,5.0,10.0,late,2.0,True,False,1,True,1,2,0.7,0.3,False,False,1.0,left,1.0,0.0,1.0,1.252463940065354,True,1.0,nan,1.0,0.75,-0.5,0.75,hm,47
1,66,5.0,11.0,late,3.0,True,False,1,False,2,1,0.7,0.3,False,False,1.0,left,0.0,1.0,2.0,1.102945760707371,False,nan,0.0,0.0,-0.25,-0.75,0.25,hm,47
1,67,5.0,12.0,late,3.0,True,False,1,False,2,1,0.7,0.3,False,False,4.0,right,1.0,0.0,1.0,0.7777742913458496,True,1.0,nan,1.0,0.5,-0.25,0.5,hm,47
1,68,5.0,13.0,late,3.0,True,False,1,True,1,2,0.7,0.3,False,False,4.0,right,0.0,1.0,2.0,0.5328321536071599,False,nan,0.0,0.0,-0.25,-0.5,0.25,hm,47
1,69,5.0,14.0,late,3.0,True,False,1,False,2,1,0.7,0.3,False,False,4.0,right,1.0,0.0,1.0,0.6362925637513399,True,0.0,nan,0.0,-0.5,-1.0,0.5,hm,47
1,70,5.0,15.0,late,3.0,True,False,1,True,1,2,0.7,0.3,False,False,1.0,left,1.0,0.0,1.0,0.8931291195331141,True,1.0,nan,1.0,0.25,-0.75,0.25,hm,47
