sessNo,trialNo,block,blockTrialNo,trialClass,blockBin,stim1_High,stim2_High,stimHigh,stim1_left,leftStim,rightStim,stim1_pWin,stim2_pWin,reverseStatus,reverseTrial,responseKey,response_LR,selected_stim1,selected_stim2,response_stimID,RT,highChosen,stim1_isWin,stim2_isWin,isWin,payOut,accum_payOut,abs_outMag,instructCond,subID
1,1,1.0,1.0,early,1.0,True,False,1,False,2,1,0.7,0.3,False,False,4.0,right,1.0,0.0,1,1.89462968355474,True,1.0,nan,1,0.25,0.25,0.25,rl,40
1,2,1.0,2.0,early,1.0,True,False,1,True,1,2,0.7,0.3,False,False,1.0,left,1.0,0.0,1,0.4876834881824834,True,1.0,nan,1,0.75,1.0,0.75,rl,40
1,3,1.0,3.0,early,1.0,True,False,1,True,1,2,0.7,0.3,False,False,1.0,left,1.0,0.0,1,0.6086721286819738,True,0.0,nan,0,-0.5,0.5,0.5,rl,40
1,4,1.0,4.0,early,1.0,True,False,1,False,2,1,0.7,0.3,False,False,1.0,left,0.0,1.0,2,0.7261400482157114,False,nan,0.0,0,-0.5,0.0,0.5,rl,40
1,5,1.0,5.0,early,1.0,True,False,1,False,2,1,0.7,0.3,False,False,4.0,right,1.0,0.0,1,0.4517243937634703,True,0.0,nan,0,-0.5,-0.5,0.5,rl,40
1,6,1.0,6.0,late,2.0,True,False,1,False,2,1,0.7,0.3,False,False,4.0,right,1.0,0.0,1,0.7113360704988736,True,1.0,nan,1,0.5,0.0,0.5,rl,40
1,7,1.0,7.0,late,2.0,True,False,1,True,1,2,0.7,0.3,False,False,1.0,left,1.0,0.0,1,0.9197709038771791,True,1.0,nan,1,0.75,0.75,0.75,rl,40
1,8,1.0,8.0,late,2.0,True,False,1,True,1,2,0.7,0.3,True,False,1.0,left,1.0,0.0,1,0.6451567213489398,True,0.0,nan,0,-0.25,0.5,0.25,rl,40
1,9,1.0,9.0,late,2.0,True,False,1,True,1,2,0.7,0.3,True,False,1.0,left,1.0,0.0,1,0.5865105889952247,True,1.0,nan,1,0.75,1.25,0.75,rl,40
1,10,1.0,10.0,late,2.0,True,False,1,True,1,2,0.7,0.3,True,False,1.0,left,1.0,0.0,1,0.4831921203413003,True,1.0,nan,1,0.25,1.5,0.25,rl,40
1,11,1.0,11.0,late,3.0,True,False,1,True,1,2,0.7,0.3,True,True,1.0,left,1.0,0.0,1,0.535076861449852,True,1.0,nan,1,0.75,2.25,0.75,rl,40
1,12,2.0,1.0,early,1.0,False,True,2,True,1,2,0.3,0.7,False,False,1.0,left,1.0,0.0,1,0.4302634206596849,False,1.0,nan,1,0.5,2.75,0.5,rl,40
1,13,2.0,2.0,early,1.0,False,True,2,False,2,1,0.3,0.7,False,False,4.0,right,1.0,0.0,1,0.3993420128517755,False,1.0,nan,1,0.25,3.0,0.25,rl,40
1,14,2.0,3.0,early,1.0,False,True,2,False,2,1,0.3,0.7,False,False,4.0,right,1.0,0.0,1,0.36743353634847153,False,0.0,nan,0,-0.5,2.5,0.5,rl,40
1,15,2.0,4.0,early,1.0,False,True,2,True,1,2,0.3,0.7,False,False,1.0,left,1.0,0.0,1,0.4078447035381032,False,0.0,nan,0,-0.75,1.75,0.75,rl,40
1,16,2.0,5.0,late,1.0,False,True,2,False,2,1,0.3,0.7,False,False,1.0,left,0.0,1.0,2,1.3070804144281283,True,nan,0.0,0,-0.75,1.0,0.75,rl,40
1,17,2.0,6.0,late,2.0,False,True,2,True,1,2,0.3,0.7,False,False,4.0,right,0.0,1.0,2,0.48603954667578364,True,nan,1.0,1,0.25,1.25,0.25,rl,40
1,18,2.0,7.0,late,2.0,False,True,2,False,2,1,0.3,0.7,False,False,1.0,left,0.0,1.0,2,0.5764812555189565,True,nan,1.0,1,0.25,1.5,0.25,rl,40
1,19,2.0,8.0,late,2.0,False,True,2,True,1,2,0.3,0.7,True,False,4.0,right,0.0,1.0,2,0.5719605629983562,True,nan,1.0,1,0.5,2.0,0.5,rl,40
1,20,2.0,9.0,late,2.0,False,True,2,True,1,2,0.3,0.7,True,True,4.0,right,0.0,1.0,2,0.40265834080400964,True,nan,1.0,1,0.5,2.5,0.5,rl,40
1,21,3.0,1.0,early,1.0,True,False,1,False,2,1,0.7,0.3,False,False,1.0,left,0.0,1.0,2,0.7291660618448077,False,nan,1.0,1,0.25,2.75,0.25,rl,40
1,22,3.0,2.0,early,1.0,True,False,1,True,1,2,0.7,0.3,False,False,4.0,right,0.0,1.0,2,0.8130900675259909,False,nan,1.0,1,0.25,3.0,0.25,rl,40
1,23,3.0,3.0,early,1.0,True,False,1,True,1,2,0.7,0.3,False,False,4.0,right,0.0,1.0,2,0.621435108737387,False,nan,0.0,0,-0.75,2.25,0.75,rl,40
1,24,3.0,4.0,early,1.0,True,False,1,True,1,2,0.7,0.3,False,False,1.0,left,1.0,0.0,1,0.4059981284990499,True,1.0,nan,1,0.75,3.0,0.75,rl,40
1,25,3.0,5.0,early,1.0,True,False,1,False,2,1,0.7,0.3,False,False,4.0,right,1.0,0.0,1,0.6040441078357617,True,0.0,nan,0,-0.75,2.25,0.75,rl,40
1,26,3.0,6.0,early,2.0,True,False,1,True,1,2,0.7,0.3,False,False,4.0,right,0.0,1.0,2,0.5855563639388492,False,nan,1.0,1,0.5,2.75,0.5,rl,40
1,27,3.0,7.0,late,2.0,True,False,1,True,1,2,0.7,0.3,False,False,4.0,right,0.0,1.0,2,0.6051033152425589,False,nan,0.0,0,-0.5,2.25,0.5,rl,40
1,28,3.0,8.0,late,2.0,True,False,1,True,1,2,0.7,0.3,False,False,4.0,right,0.0,1.0,2,0.6118562023302729,False,nan,0.0,0,-0.25,2.0,0.25,rl,40
1,29,3.0,9.0,late,2.0,True,False,1,False,2,1,0.7,0.3,False,False,1.0,left,0.0,1.0,2,0.805740423219504,False,nan,0.0,0,-0.5,1.5,0.5,rl,40
1,30,3.0,10.0,late,2.0,True,False,1,False,2,1,0.7,0.3,False,False,4.0,right,1.0,0.0,1,0.4723038670163078,True,0.0,nan,0,-0.5,1.0,0.5,rl,40
1,31,3.0,11.0,late,3.0,True,False,1,True,1,2,0.7,0.3,False,False,1.0,left,1.0,0.0,1,0.6406058244092492,True,1.0,nan,1,0.5,1.5,0.5,rl,40
1,32,3.0,12.0,late,3.0,True,False,1,True,1,2,0.7,0.3,False,False,1.0,left,1.0,0.0,1,0.5691286787441641,True,0.0,nan,0,-0.5,1.0,0.5,rl,40
1,33,3.0,13.0,late,3.0,True,False,1,False,2,1,0.7,0.3,True,True,4.0,right,1.0,0.0,1,0.5648226428747876,True,1.0,nan,1,0.75,1.75,0.75,rl,40
1,34,4.0,1.0,early,1.0,False,True,2,True,1,2,0.3,0.7,False,False,1.0,left,1.0,0.0,1,0.5113825207899936,False,0.0,nan,0,-0.75,1.0,0.75,rl,40
1,35,4.0,2.0,early,1.0,False,True,2,True,1,2,0.3,0.7,False,False,1.0,left,1.0,0.0,1,0.5618851897752393,False,0.0,nan,0,-0.25,0.75,0.25,rl,40
1,36,4.0,3.0,early,1.0,False,True,2,True,1,2,0.3,0.7,False,False,4.0,right,0.0,1.0,2,0.39157683784378605,True,nan,0.0,0,-0.5,0.25,0.5,rl,40
1,37,4.0,4.0,early,1.0,False,True,2,False,2,1,0.3,0.7,False,False,4.0,right,1.0,0.0,1,0.9827685253530944,False,0.0,nan,0,-0.25,0.0,0.25,rl,40
1,38,4.0,5.0,early,1.0,False,True,2,False,2,1,0.3,0.7,False,False,1.0,left,0.0,1.0,2,0.3704557377695892,True,nan,1.0,1,0.5,0.5,0.5,rl,40
1,39,4.0,6.0,early,2.0,False,True,2,True,1,2,0.3,0.7,False,False,1.0,left,1.0,0.0,1,0.7362450393638937,False,1.0,nan,1,0.5,1.0,0.5,rl,40
1,40,4.0,7.0,early,2.0,False,True,2,False,2,1,0.3,0.7,False,False,1.0,left,0.0,1.0,2,1.0498108998071984,True,nan,1.0,1,0.25,1.25,0.25,rl,40
1,41,4.0,8.0,early,2.0,False,True,2,False,2,1,0.3,0.7,False,False,4.0,right,1.0,0.0,1,0.5628860410706693,False,0.0,nan,0,-0.75,0.5,0.75,rl,40
1,42,4.0,9.0,early,2.0,False,True,2,True,1,2,0.3,0.7,False,False,1.0,left,1.0,0.0,1,0.7445773536646811,False,0.0,nan,0,-0.5,0.0,0.5,rl,40
1,43,4.0,10.0,early,2.0,False,True,2,False,2,1,0.3,0.7,False,False,4.0,right,1.0,0.0,1,1.170117155025764,False,0.0,nan,0,-0.25,-0.25,0.25,rl,40
1,44,4.0,11.0,early,3.0,False,True,2,True,1,2,0.3,0.7,False,False,1.0,left,1.0,0.0,1,0.6667088942040209,False,1.0,nan,1,0.25,0.0,0.25,rl,40
1,45,4.0,12.0,early,3.0,False,True,2,True,1,2,0.3,0.7,False,False,4.0,right,0.0,1.0,2,0.6476771775114685,True,nan,1.0,1,0.5,0.5,0.5,rl,40
1,46,4.0,13.0,early,3.0,False,True,2,True,1,2,0.3,0.7,False,False,1.0,left,1.0,0.0,1,0.8696957887123062,False,0.0,nan,0,-0.75,-0.25,0.75,rl,40
1,47,4.0,14.0,early,3.0,False,True,2,False,2,1,0.3,0.7,False,False,4.0,right,1.0,0.0,1,1.1394001402304639,False,0.0,nan,0,-0.25,-0.5,0.25,rl,40
1,48,4.0,15.0,early,3.0,False,True,2,False,2,1,0.3,0.7,False,False,1.0,left,0.0,1.0,2,1.2866830474322342,True,nan,1.0,1,0.75,0.25,0.75,rl,40
1,49,4.0,16.0,early,4.0,False,True,2,True,1,2,0.3,0.7,False,False,4.0,right,0.0,1.0,2,0.6591352093510068,True,nan,0.0,0,-0.5,-0.25,0.5,rl,40
1,50,4.0,17.0,early,4.0,False,True,2,True,1,2,0.3,0.7,False,False,1.0,left,1.0,0.0,1,0.42339822005033056,False,1.0,nan,1,0.5,0.25,0.5,rl,40
1,51,4.0,18.0,early,4.0,False,True,2,False,2,1,0.3,0.7,False,False,1.0,left,0.0,1.0,2,0.45944118305123993,True,nan,1.0,1,0.5,0.75,0.5,rl,40
1,52,4.0,19.0,late,4.0,False,True,2,True,1,2,0.3,0.7,False,False,1.0,left,1.0,0.0,1,0.3389833192422884,False,1.0,nan,1,0.25,1.0,0.25,rl,40
1,53,4.0,20.0,late,4.0,False,True,2,False,2,1,0.3,0.7,False,False,1.0,left,0.0,1.0,2,0.4222871079618926,True,nan,1.0,1,0.25,1.25,0.25,rl,40
1,54,4.0,21.0,late,5.0,False,True,2,False,2,1,0.3,0.7,False,False,1.0,left,0.0,1.0,2,0.38476588789126254,True,nan,1.0,1,0.5,1.75,0.5,rl,40
1,55,4.0,22.0,late,5.0,False,True,2,True,1,2,0.3,0.7,False,False,1.0,left,1.0,0.0,1,0.3988461325288881,False,0.0,nan,0,-0.5,1.25,0.5,rl,40
1,56,4.0,23.0,late,5.0,False,True,2,False,2,1,0.3,0.7,False,False,4.0,right,1.0,0.0,1,0.4855996764908923,False,0.0,nan,0,-0.75,0.5,0.75,rl,40
1,57,4.0,24.0,late,5.0,False,True,2,False,2,1,0.3,0.7,False,False,1.0,left,0.0,1.0,2,0.5709564859880629,True,nan,1.0,1,0.75,1.25,0.75,rl,40
1,58,4.0,25.0,late,5.0,False,True,2,True,1,2,0.3,0.7,False,False,1.0,left,1.0,0.0,1,0.2821664603679892,False,0.0,nan,0,-0.5,0.75,0.5,rl,40
1,59,4.0,26.0,late,6.0,False,True,2,True,1,2,0.3,0.7,False,False,1.0,left,1.0,0.0,1,0.6054314584016538,False,1.0,nan,1,0.25,1.0,0.25,rl,40
1,60,4.0,27.0,late,6.0,False,True,2,True,1,2,0.3,0.7,False,False,1.0,left,1.0,0.0,1,0.9778425657686967,False,1.0,nan,1,0.75,1.75,0.75,rl,40
1,61,4.0,28.0,late,6.0,False,True,2,True,1,2,0.3,0.7,False,False,1.0,left,1.0,0.0,1,0.6104726639741784,False,1.0,nan,1,0.75,2.5,0.75,rl,40
1,62,4.0,29.0,late,6.0,False,True,2,True,1,2,0.3,0.7,False,False,1.0,left,1.0,0.0,1,0.3702891735920275,False,1.0,nan,1,0.75,3.25,0.75,rl,40
1,63,4.0,30.0,late,6.0,False,True,2,False,2,1,0.3,0.7,False,False,1.0,left,0.0,1.0,2,0.46217981482641335,True,nan,1.0,1,0.5,3.75,0.5,rl,40
1,64,4.0,31.0,late,7.0,False,True,2,True,1,2,0.3,0.7,False,False,1.0,left,1.0,0.0,1,0.37752210567578004,False,0.0,nan,0,-0.5,3.25,0.5,rl,40
1,65,4.0,32.0,late,7.0,False,True,2,True,1,2,0.3,0.7,False,False,1.0,left,1.0,0.0,1,0.5865847804325313,False,1.0,nan,1,0.5,3.75,0.5,rl,40
1,66,4.0,33.0,late,7.0,False,True,2,False,2,1,0.3,0.7,False,False,1.0,left,0.0,1.0,2,1.1092479187545905,True,nan,0.0,0,-0.5,3.25,0.5,rl,40
1,67,4.0,34.0,late,7.0,False,True,2,False,2,1,0.3,0.7,False,False,1.0,left,0.0,1.0,2,0.41835965369864425,True,nan,0.0,0,-0.25,3.0,0.25,rl,40
1,68,4.0,35.0,late,7.0,False,True,2,False,2,1,0.3,0.7,False,False,1.0,left,0.0,1.0,2,0.5192042924290945,True,nan,1.0,1,0.25,3.25,0.25,rl,40
1,69,4.0,36.0,late,8.0,False,True,2,False,2,1,0.3,0.7,True,True,1.0,left,0.0,1.0,2,0.6206374774674259,True,nan,1.0,1,0.25,3.5,0.25,rl,40
1,70,5.0,1.0,late,1.0,True,False,1,False,2,1,0.7,0.3,False,False,1.0,left,0.0,1.0,2,0.4070485385018401,False,nan,0.0,0,-0.75,2.75,0.75,rl,40
