sessNo,trialNo,block,blockTrialNo,trialClass,blockBin,stim1_High,stim2_High,stimHigh,stim1_left,leftStim,rightStim,stim1_pWin,stim2_pWin,reverseStatus,reverseTrial,responseKey,response_LR,selected_stim1,selected_stim2,response_stimID,RT,highChosen,stim1_isWin,stim2_isWin,isWin,payOut,accum_payOut,abs_outMag,instructCond,subID
1,1,1.0,1.0,early,1.0,False,True,2,False,2,1,0.3,0.7,False,False,4.0,right,1.0,0.0,1.0,2.5361250581336208,False,1.0,nan,1.0,0.75,0.75,0.75,rl,42
1,2,1.0,2.0,early,1.0,False,True,2,True,1,2,0.3,0.7,False,False,1.0,left,1.0,0.0,1.0,0.54369515964936,False,1.0,nan,1.0,0.25,1.0,0.25,rl,42
1,3,1.0,3.0,early,1.0,False,True,2,False,2,1,0.3,0.7,False,False,1.0,left,0.0,1.0,2.0,0.4286674451432191,True,nan,0.0,0.0,-0.5,0.5,0.5,rl,42
1,4,1.0,4.0,early,1.0,False,True,2,False,2,1,0.3,0.7,False,False,4.0,right,1.0,0.0,1.0,0.49827308433305006,False,0.0,nan,0.0,-0.5,0.0,0.5,rl,42
1,5,1.0,5.0,early,1.0,False,True,2,True,1,2,0.3,0.7,False,False,1.0,left,1.0,0.0,1.0,0.8310874730086653,False,0.0,nan,0.0,-0.25,-0.25,0.25,rl,42
1,6,1.0,6.0,late,2.0,False,True,2,True,1,2,0.3,0.7,False,False,4.0,right,0.0,1.0,2.0,0.4494127196376212,True,nan,1.0,1.0,0.75,0.5,0.75,rl,42
1,7,1.0,7.0,late,2.0,False,True,2,False,2,1,0.3,0.7,False,False,1.0,left,0.0,1.0,2.0,0.7309448389860336,True,nan,1.0,1.0,0.25,0.75,0.25,rl,42
1,8,1.0,8.0,late,2.0,False,True,2,True,1,2,0.3,0.7,False,False,4.0,right,0.0,1.0,2.0,0.5264125137910014,True,nan,1.0,1.0,0.5,1.25,0.5,rl,42
1,9,1.0,9.0,late,2.0,False,True,2,True,1,2,0.3,0.7,True,False,4.0,right,0.0,1.0,2.0,0.2919587135547772,True,nan,1.0,1.0,0.75,2.0,0.75,rl,42
1,10,1.0,10.0,late,2.0,False,True,2,False,2,1,0.3,0.7,True,False,1.0,left,0.0,1.0,2.0,0.49741358529718127,True,nan,0.0,0.0,-0.5,1.5,0.5,rl,42
1,11,1.0,11.0,late,3.0,False,True,2,False,2,1,0.3,0.7,True,True,4.0,right,1.0,0.0,1.0,0.4561945805035066,False,1.0,nan,1.0,0.25,1.75,0.25,rl,42
1,12,2.0,1.0,early,1.0,True,False,1,True,1,2,0.7,0.3,False,False,1.0,left,1.0,0.0,1.0,0.44672337621159386,True,0.0,nan,0.0,-0.25,1.5,0.25,rl,42
1,13,2.0,2.0,early,1.0,True,False,1,False,2,1,0.7,0.3,False,False,4.0,right,1.0,0.0,1.0,0.35902778958552517,True,1.0,nan,1.0,0.25,1.75,0.25,rl,42
1,14,2.0,3.0,late,1.0,True,False,1,True,1,2,0.7,0.3,False,False,1.0,left,1.0,0.0,1.0,0.36727557866834104,True,1.0,nan,1.0,0.5,2.25,0.5,rl,42
1,15,2.0,4.0,late,1.0,True,False,1,False,2,1,0.7,0.3,True,True,4.0,right,1.0,0.0,1.0,0.5333738401386654,True,0.0,nan,0.0,-0.5,1.75,0.5,rl,42
1,16,3.0,1.0,early,1.0,False,True,2,True,1,2,0.3,0.7,False,False,1.0,left,1.0,0.0,1.0,0.35351567655743565,False,0.0,nan,0.0,-0.5,1.25,0.5,rl,42
1,17,3.0,2.0,early,1.0,False,True,2,True,1,2,0.3,0.7,False,False,1.0,left,1.0,0.0,1.0,0.4003702502523083,False,0.0,nan,0.0,-0.5,0.75,0.5,rl,42
1,18,3.0,3.0,early,1.0,False,True,2,True,1,2,0.3,0.7,False,False,4.0,right,0.0,1.0,2.0,0.382467979186913,True,nan,1.0,1.0,0.5,1.25,0.5,rl,42
1,19,3.0,4.0,late,1.0,False,True,2,False,2,1,0.3,0.7,False,False,1.0,left,0.0,1.0,2.0,0.7189983595890226,True,nan,1.0,1.0,0.75,2.0,0.75,rl,42
1,20,3.0,5.0,late,1.0,False,True,2,True,1,2,0.3,0.7,False,False,4.0,right,0.0,1.0,2.0,0.3576562860107515,True,nan,1.0,1.0,0.75,2.75,0.75,rl,42
1,21,3.0,6.0,late,2.0,False,True,2,False,2,1,0.3,0.7,True,False,1.0,left,0.0,1.0,2.0,0.4773594875878189,True,nan,0.0,0.0,-0.5,2.25,0.5,rl,42
1,22,3.0,7.0,late,2.0,False,True,2,True,1,2,0.3,0.7,True,True,4.0,right,0.0,1.0,2.0,0.42280255920195486,True,nan,1.0,1.0,0.5,2.75,0.5,rl,42
1,23,4.0,1.0,early,1.0,True,False,1,False,2,1,0.7,0.3,False,False,1.0,left,0.0,1.0,2.0,0.6518861766380724,False,nan,0.0,0.0,-0.5,2.25,0.5,rl,42
1,24,4.0,2.0,early,1.0,True,False,1,False,2,1,0.7,0.3,False,False,4.0,right,1.0,0.0,1.0,0.3675048957084073,True,1.0,nan,1.0,0.5,2.75,0.5,rl,42
1,25,4.0,3.0,early,1.0,True,False,1,True,1,2,0.7,0.3,False,False,1.0,left,1.0,0.0,1.0,0.3984342514013406,True,1.0,nan,1.0,0.25,3.0,0.25,rl,42
1,26,4.0,4.0,early,1.0,True,False,1,False,2,1,0.7,0.3,False,False,4.0,right,1.0,0.0,1.0,0.5662515109434025,True,1.0,nan,1.0,0.25,3.25,0.25,rl,42
1,27,4.0,5.0,late,1.0,True,False,1,True,1,2,0.7,0.3,True,False,1.0,left,1.0,0.0,1.0,0.5619636928313412,True,0.0,nan,0.0,-0.75,2.5,0.75,rl,42
1,28,4.0,6.0,late,2.0,True,False,1,True,1,2,0.7,0.3,True,False,4.0,right,0.0,1.0,2.0,0.5160167102294508,False,nan,0.0,0.0,-0.5,2.0,0.5,rl,42
1,29,4.0,7.0,late,2.0,True,False,1,False,2,1,0.7,0.3,True,False,1.0,left,0.0,1.0,2.0,0.3568501574336551,False,nan,0.0,0.0,-0.25,1.75,0.25,rl,42
1,30,4.0,8.0,late,2.0,True,False,1,True,1,2,0.7,0.3,True,True,1.0,left,1.0,0.0,1.0,0.2451311183249345,True,1.0,nan,1.0,0.5,2.25,0.5,rl,42
1,31,5.0,1.0,early,1.0,False,True,2,False,2,1,0.3,0.7,False,False,1.0,left,0.0,1.0,2.0,0.5196406232425943,True,nan,1.0,1.0,0.75,3.0,0.75,rl,42
1,32,5.0,2.0,early,1.0,False,True,2,True,1,2,0.3,0.7,False,False,4.0,right,0.0,1.0,2.0,0.36431205182452686,True,nan,0.0,0.0,-0.5,2.5,0.5,rl,42
1,33,5.0,3.0,early,1.0,False,True,2,False,2,1,0.3,0.7,False,False,1.0,left,0.0,1.0,2.0,0.49588812846923247,True,nan,1.0,1.0,0.75,3.25,0.75,rl,42
1,34,5.0,4.0,late,1.0,False,True,2,True,1,2,0.3,0.7,True,False,4.0,right,0.0,1.0,2.0,0.6073429544776445,True,nan,1.0,1.0,0.75,4.0,0.75,rl,42
1,35,5.0,5.0,late,1.0,False,True,2,True,1,2,0.3,0.7,True,False,4.0,right,0.0,1.0,2.0,0.504010115750134,True,nan,1.0,1.0,0.25,4.25,0.25,rl,42
1,36,5.0,6.0,late,2.0,False,True,2,False,2,1,0.3,0.7,True,True,1.0,left,0.0,1.0,2.0,0.3890964732709108,True,nan,0.0,0.0,-0.25,4.0,0.25,rl,42
1,37,6.0,1.0,early,1.0,True,False,1,False,2,1,0.7,0.3,False,False,4.0,right,1.0,0.0,1.0,0.3725249448325485,True,1.0,nan,1.0,0.25,4.25,0.25,rl,42
1,38,6.0,2.0,early,1.0,True,False,1,True,1,2,0.7,0.3,False,False,1.0,left,1.0,0.0,1.0,0.3737401491816854,True,0.0,nan,0.0,-0.75,3.5,0.75,rl,42
1,39,6.0,3.0,early,1.0,True,False,1,False,2,1,0.7,0.3,False,False,1.0,left,0.0,1.0,2.0,0.3952273317700019,False,nan,0.0,0.0,-0.25,3.25,0.25,rl,42
1,40,6.0,4.0,early,1.0,True,False,1,False,2,1,0.7,0.3,False,False,4.0,right,1.0,0.0,1.0,0.30162140635366086,True,1.0,nan,1.0,0.5,3.75,0.5,rl,42
1,41,6.0,5.0,early,1.0,True,False,1,True,1,2,0.7,0.3,False,False,1.0,left,1.0,0.0,1.0,0.3472499256604351,True,1.0,nan,1.0,0.5,4.25,0.5,rl,42
1,42,6.0,6.0,early,2.0,True,False,1,False,2,1,0.7,0.3,False,False,4.0,right,1.0,0.0,1.0,0.37274047938990407,True,1.0,nan,1.0,0.5,4.75,0.5,rl,42
1,43,6.0,7.0,early,2.0,True,False,1,False,2,1,0.7,0.3,False,False,1.0,left,0.0,1.0,2.0,0.367148310659104,False,nan,0.0,0.0,-0.5,4.25,0.5,rl,42
1,44,6.0,8.0,early,2.0,True,False,1,False,2,1,0.7,0.3,False,False,4.0,right,1.0,0.0,1.0,0.4068016841483768,True,1.0,nan,1.0,0.25,4.5,0.25,rl,42
1,45,6.0,9.0,early,2.0,True,False,1,True,1,2,0.7,0.3,False,False,1.0,left,1.0,0.0,1.0,0.29542955303622875,True,0.0,nan,0.0,-0.25,4.25,0.25,rl,42
1,46,6.0,10.0,early,2.0,True,False,1,True,1,2,0.7,0.3,False,False,4.0,right,0.0,1.0,2.0,0.399325127582415,False,nan,1.0,1.0,0.75,5.0,0.75,rl,42
1,47,6.0,11.0,early,3.0,True,False,1,True,1,2,0.7,0.3,False,False,1.0,left,1.0,0.0,1.0,0.057345388413523324,True,1.0,nan,1.0,0.75,5.75,0.75,rl,42
1,48,6.0,12.0,early,3.0,True,False,1,True,1,2,0.7,0.3,False,False,4.0,right,0.0,1.0,2.0,0.4335716627392685,False,nan,0.0,0.0,-0.5,5.25,0.5,rl,42
1,49,6.0,13.0,early,3.0,True,False,1,False,2,1,0.7,0.3,False,False,1.0,left,0.0,1.0,2.0,0.5285367754695471,False,nan,1.0,1.0,0.75,6.0,0.75,rl,42
1,50,6.0,14.0,late,3.0,True,False,1,True,1,2,0.7,0.3,False,False,4.0,right,0.0,1.0,2.0,0.3279585563723231,False,nan,0.0,0.0,-0.25,5.75,0.25,rl,42
1,51,6.0,15.0,late,3.0,True,False,1,False,2,1,0.7,0.3,False,False,1.0,left,0.0,1.0,2.0,0.408681380096823,False,nan,0.0,0.0,-0.75,5.0,0.75,rl,42
1,52,6.0,16.0,late,4.0,True,False,1,True,1,2,0.7,0.3,False,False,1.0,left,1.0,0.0,1.0,0.9693427750171395,True,0.0,nan,0.0,-0.25,4.75,0.25,rl,42
1,53,6.0,17.0,late,4.0,True,False,1,True,1,2,0.7,0.3,False,False,1.0,left,1.0,0.0,1.0,0.31402739958139136,True,1.0,nan,1.0,0.5,5.25,0.5,rl,42
1,54,6.0,18.0,late,4.0,True,False,1,False,2,1,0.7,0.3,False,False,4.0,right,1.0,0.0,1.0,0.3939951192296576,True,1.0,nan,1.0,0.5,5.75,0.5,rl,42
1,55,6.0,19.0,late,4.0,True,False,1,True,1,2,0.7,0.3,False,False,4.0,right,0.0,1.0,2.0,0.482756062381668,False,nan,0.0,0.0,-0.25,5.5,0.25,rl,42
1,56,6.0,20.0,late,4.0,True,False,1,False,2,1,0.7,0.3,False,False,1.0,left,0.0,1.0,2.0,0.3279849483515136,False,nan,1.0,1.0,0.25,5.75,0.25,rl,42
1,57,6.0,21.0,late,5.0,True,False,1,True,1,2,0.7,0.3,False,False,1.0,left,1.0,0.0,1.0,0.38880616141250357,True,1.0,nan,1.0,0.75,6.5,0.75,rl,42
1,58,6.0,22.0,late,5.0,True,False,1,False,2,1,0.7,0.3,False,False,4.0,right,1.0,0.0,1.0,0.8711801264726091,True,1.0,nan,1.0,0.75,7.25,0.75,rl,42
1,59,6.0,23.0,late,5.0,True,False,1,True,1,2,0.7,0.3,False,False,1.0,left,1.0,0.0,1.0,0.5238234598946292,True,1.0,nan,1.0,0.5,7.75,0.5,rl,42
1,60,6.0,24.0,late,5.0,True,False,1,True,1,2,0.7,0.3,True,False,1.0,left,1.0,0.0,1.0,0.56034967621963,True,1.0,nan,1.0,0.5,8.25,0.5,rl,42
1,61,6.0,25.0,late,5.0,True,False,1,True,1,2,0.7,0.3,True,False,4.0,right,0.0,1.0,2.0,0.5408433588600019,False,nan,1.0,1.0,0.5,8.75,0.5,rl,42
1,62,6.0,26.0,late,6.0,True,False,1,False,2,1,0.7,0.3,True,False,1.0,left,0.0,1.0,2.0,0.44929395569488406,False,nan,0.0,0.0,-0.5,8.25,0.5,rl,42
1,63,6.0,27.0,late,6.0,True,False,1,True,1,2,0.7,0.3,True,True,4.0,right,0.0,1.0,2.0,0.4533548027247889,False,nan,0.0,0.0,-0.75,7.5,0.75,rl,42
1,64,7.0,1.0,early,1.0,False,True,2,True,1,2,0.3,0.7,False,False,1.0,left,1.0,0.0,1.0,0.5254635752498871,False,0.0,nan,0.0,-0.75,6.75,0.75,rl,42
1,65,7.0,2.0,early,1.0,False,True,2,False,2,1,0.3,0.7,False,False,1.0,left,0.0,1.0,2.0,0.5164650807710132,True,nan,1.0,1.0,0.5,7.25,0.5,rl,42
1,66,7.0,3.0,early,1.0,False,True,2,True,1,2,0.3,0.7,False,False,nan,nan,nan,nan,nan,nan,False,nan,nan,nan,nan,nan,nan,rl,42
1,67,7.0,4.0,late,1.0,False,True,2,True,1,2,0.3,0.7,False,False,4.0,right,0.0,1.0,2.0,0.3841438703384483,True,nan,1.0,1.0,0.25,7.5,0.25,rl,42
1,68,7.0,5.0,late,1.0,False,True,2,False,2,1,0.3,0.7,False,False,1.0,left,0.0,1.0,2.0,0.39768501222715713,True,nan,0.0,0.0,-0.25,7.25,0.25,rl,42
1,69,7.0,6.0,late,2.0,False,True,2,True,1,2,0.3,0.7,False,False,4.0,right,0.0,1.0,2.0,0.1911187445948599,True,nan,0.0,0.0,-0.75,6.5,0.75,rl,42
1,70,7.0,7.0,late,2.0,False,True,2,True,1,2,0.3,0.7,False,False,1.0,left,1.0,0.0,1.0,0.37769396202929784,False,1.0,nan,1.0,0.5,7.0,0.5,rl,42
