sessNo,trialNo,block,blockTrialNo,trialClass,blockBin,stim1_High,stim2_High,stimHigh,stim1_left,leftStim,rightStim,stim1_pWin,stim2_pWin,reverseStatus,reverseTrial,responseKey,response_LR,selected_stim1,selected_stim2,response_stimID,RT,highChosen,stim1_isWin,stim2_isWin,isWin,payOut,accum_payOut,abs_outMag,instructCond,subID
1,1,1.0,1.0,early,1.0,False,True,2,True,1,2,0.3,0.7,False,False,4.0,right,0.0,1.0,2,2.8235564078204334,True,nan,1.0,1,0.75,0.75,0.75,rl,48
1,2,1.0,2.0,early,1.0,False,True,2,False,2,1,0.3,0.7,False,False,4.0,right,1.0,0.0,1,0.6620963043533266,False,1.0,nan,1,0.5,1.25,0.5,rl,48
1,3,1.0,3.0,early,1.0,False,True,2,True,1,2,0.3,0.7,False,False,4.0,right,0.0,1.0,2,0.49719581939280033,True,nan,1.0,1,0.5,1.75,0.5,rl,48
1,4,1.0,4.0,early,1.0,False,True,2,False,2,1,0.3,0.7,False,False,4.0,right,1.0,0.0,1,0.8817024315940216,False,1.0,nan,1,0.75,2.5,0.75,rl,48
1,5,1.0,5.0,early,1.0,False,True,2,False,2,1,0.3,0.7,False,False,4.0,right,1.0,0.0,1,0.9478262577904388,False,0.0,nan,0,-0.25,2.25,0.25,rl,48
1,6,1.0,6.0,late,2.0,False,True,2,True,1,2,0.3,0.7,False,False,4.0,right,0.0,1.0,2,0.7660191660979763,True,nan,1.0,1,0.25,2.5,0.25,rl,48
1,7,1.0,7.0,late,2.0,False,True,2,False,2,1,0.3,0.7,False,False,1.0,left,0.0,1.0,2,0.6103990895207971,True,nan,0.0,0,-0.5,2.0,0.5,rl,48
1,8,1.0,8.0,late,2.0,False,True,2,False,2,1,0.3,0.7,False,False,1.0,left,0.0,1.0,2,0.675722642801702,True,nan,1.0,1,0.5,2.5,0.5,rl,48
1,9,1.0,9.0,late,2.0,False,True,2,False,2,1,0.3,0.7,True,False,1.0,left,0.0,1.0,2,1.200639749178663,True,nan,1.0,1,0.75,3.25,0.75,rl,48
1,10,1.0,10.0,late,2.0,False,True,2,False,2,1,0.3,0.7,True,False,1.0,left,0.0,1.0,2,1.1602017778204754,True,nan,1.0,1,0.25,3.5,0.25,rl,48
1,11,1.0,11.0,late,3.0,False,True,2,True,1,2,0.3,0.7,True,True,1.0,left,1.0,0.0,1,0.6858575749211013,False,1.0,nan,1,0.75,4.25,0.75,rl,48
1,12,2.0,1.0,early,1.0,True,False,1,False,2,1,0.7,0.3,False,False,4.0,right,1.0,0.0,1,0.7621087086154148,True,0.0,nan,0,-0.75,3.5,0.75,rl,48
1,13,2.0,2.0,early,1.0,True,False,1,False,2,1,0.7,0.3,False,False,1.0,left,0.0,1.0,2,0.6551727271871641,False,nan,1.0,1,0.5,4.0,0.5,rl,48
1,14,2.0,3.0,early,1.0,True,False,1,True,1,2,0.7,0.3,False,False,1.0,left,1.0,0.0,1,0.7907724934630096,True,1.0,nan,1,0.5,4.5,0.5,rl,48
1,15,2.0,4.0,early,1.0,True,False,1,True,1,2,0.7,0.3,False,False,4.0,right,0.0,1.0,2,0.998156351968646,False,nan,0.0,0,-0.25,4.25,0.25,rl,48
1,16,2.0,5.0,early,1.0,True,False,1,True,1,2,0.7,0.3,False,False,1.0,left,1.0,0.0,1,0.7242694980232045,True,0.0,nan,0,-0.5,3.75,0.5,rl,48
1,17,2.0,6.0,late,2.0,True,False,1,False,2,1,0.7,0.3,False,False,4.0,right,1.0,0.0,1,0.5468872202327475,True,1.0,nan,1,0.25,4.0,0.25,rl,48
1,18,2.0,7.0,late,2.0,True,False,1,True,1,2,0.7,0.3,False,False,1.0,left,1.0,0.0,1,0.6646308437921107,True,1.0,nan,1,0.5,4.5,0.5,rl,48
1,19,2.0,8.0,late,2.0,True,False,1,False,2,1,0.7,0.3,True,False,4.0,right,1.0,0.0,1,0.5337954721180722,True,1.0,nan,1,0.25,4.75,0.25,rl,48
1,20,2.0,9.0,late,2.0,True,False,1,True,1,2,0.7,0.3,True,False,4.0,right,0.0,1.0,2,0.5521536546293646,False,nan,1.0,1,0.75,5.5,0.75,rl,48
1,21,2.0,10.0,late,2.0,True,False,1,False,2,1,0.7,0.3,True,False,4.0,right,1.0,0.0,1,0.9719763747416437,True,1.0,nan,1,0.75,6.25,0.75,rl,48
1,22,2.0,11.0,late,3.0,True,False,1,True,1,2,0.7,0.3,True,True,1.0,left,1.0,0.0,1,0.6637414236320183,True,1.0,nan,1,0.75,7.0,0.75,rl,48
1,23,3.0,1.0,early,1.0,False,True,2,False,2,1,0.3,0.7,False,False,1.0,left,0.0,1.0,2,0.6163502573035657,True,nan,1.0,1,0.25,7.25,0.25,rl,48
1,24,3.0,2.0,early,1.0,False,True,2,True,1,2,0.3,0.7,False,False,4.0,right,0.0,1.0,2,0.6554299053968862,True,nan,0.0,0,-0.75,6.5,0.75,rl,48
1,25,3.0,3.0,early,1.0,False,True,2,False,2,1,0.3,0.7,False,False,1.0,left,0.0,1.0,2,0.43930110870860517,True,nan,0.0,0,-0.25,6.25,0.25,rl,48
1,26,3.0,4.0,early,1.0,False,True,2,True,1,2,0.3,0.7,False,False,1.0,left,1.0,0.0,1,0.39827664219774306,False,0.0,nan,0,-0.5,5.75,0.5,rl,48
1,27,3.0,5.0,early,1.0,False,True,2,False,2,1,0.3,0.7,False,False,4.0,right,1.0,0.0,1,0.44836334080900997,False,1.0,nan,1,0.75,6.5,0.75,rl,48
1,28,3.0,6.0,early,2.0,False,True,2,True,1,2,0.3,0.7,False,False,4.0,right,0.0,1.0,2,0.6417630987707525,True,nan,1.0,1,0.75,7.25,0.75,rl,48
1,29,3.0,7.0,early,2.0,False,True,2,True,1,2,0.3,0.7,False,False,4.0,right,0.0,1.0,2,0.5747782974503934,True,nan,1.0,1,0.5,7.75,0.5,rl,48
1,30,3.0,8.0,early,2.0,False,True,2,False,2,1,0.3,0.7,False,False,4.0,right,1.0,0.0,1,0.5552148669958115,False,0.0,nan,0,-0.5,7.25,0.5,rl,48
1,31,3.0,9.0,early,2.0,False,True,2,True,1,2,0.3,0.7,False,False,4.0,right,0.0,1.0,2,0.6458612346323207,True,nan,1.0,1,0.5,7.75,0.5,rl,48
1,32,3.0,10.0,early,2.0,False,True,2,False,2,1,0.3,0.7,False,False,4.0,right,1.0,0.0,1,0.5306615344015881,False,1.0,nan,1,0.25,8.0,0.25,rl,48
1,33,3.0,11.0,early,3.0,False,True,2,False,2,1,0.3,0.7,False,False,4.0,right,1.0,0.0,1,0.6732001266209409,False,0.0,nan,0,-0.5,7.5,0.5,rl,48
1,34,3.0,12.0,late,3.0,False,True,2,True,1,2,0.3,0.7,False,False,1.0,left,1.0,0.0,1,0.5272739375941455,False,0.0,nan,0,-0.25,7.25,0.25,rl,48
1,35,3.0,13.0,late,3.0,False,True,2,True,1,2,0.3,0.7,False,False,1.0,left,1.0,0.0,1,0.3592122429981828,False,0.0,nan,0,-0.75,6.5,0.75,rl,48
1,36,3.0,14.0,late,3.0,False,True,2,True,1,2,0.3,0.7,False,False,4.0,right,0.0,1.0,2,0.517383867292665,True,nan,1.0,1,0.75,7.25,0.75,rl,48
1,37,3.0,15.0,late,3.0,False,True,2,True,1,2,0.3,0.7,False,False,4.0,right,0.0,1.0,2,0.7426696151960641,True,nan,0.0,0,-0.25,7.0,0.25,rl,48
1,38,3.0,16.0,late,4.0,False,True,2,True,1,2,0.3,0.7,False,False,1.0,left,1.0,0.0,1,0.7597674194257706,False,1.0,nan,1,0.5,7.5,0.5,rl,48
1,39,3.0,17.0,late,4.0,False,True,2,True,1,2,0.3,0.7,False,False,4.0,right,0.0,1.0,2,0.5612205787329003,True,nan,1.0,1,0.75,8.25,0.75,rl,48
1,40,3.0,18.0,late,4.0,False,True,2,True,1,2,0.3,0.7,False,False,1.0,left,1.0,0.0,1,0.7046236650785431,False,0.0,nan,0,-0.5,7.75,0.5,rl,48
1,41,3.0,19.0,late,4.0,False,True,2,True,1,2,0.3,0.7,False,False,4.0,right,0.0,1.0,2,0.6325360614573583,True,nan,1.0,1,0.75,8.5,0.75,rl,48
1,42,3.0,20.0,late,4.0,False,True,2,True,1,2,0.3,0.7,False,False,4.0,right,0.0,1.0,2,0.8928036147262901,True,nan,1.0,1,0.75,9.25,0.75,rl,48
1,43,3.0,21.0,late,5.0,False,True,2,False,2,1,0.3,0.7,False,False,1.0,left,0.0,1.0,2,0.7292406322667375,True,nan,1.0,1,0.25,9.5,0.25,rl,48
1,44,3.0,22.0,late,5.0,False,True,2,True,1,2,0.3,0.7,True,False,4.0,right,0.0,1.0,2,0.6877188177313656,True,nan,1.0,1,0.75,10.25,0.75,rl,48
1,45,3.0,23.0,late,5.0,False,True,2,True,1,2,0.3,0.7,True,True,1.0,left,1.0,0.0,1,1.5634917818242684,False,0.0,nan,0,-0.5,9.75,0.5,rl,48
1,46,4.0,1.0,early,1.0,True,False,1,True,1,2,0.7,0.3,False,False,4.0,right,0.0,1.0,2,0.7006234738510102,False,nan,0.0,0,-0.25,9.5,0.25,rl,48
1,47,4.0,2.0,early,1.0,True,False,1,False,2,1,0.7,0.3,False,False,1.0,left,0.0,1.0,2,0.7954433420673013,False,nan,0.0,0,-0.25,9.25,0.25,rl,48
1,48,4.0,3.0,early,1.0,True,False,1,False,2,1,0.7,0.3,False,False,4.0,right,1.0,0.0,1,1.0332231993088499,True,1.0,nan,1,0.25,9.5,0.25,rl,48
1,49,4.0,4.0,early,1.0,True,False,1,True,1,2,0.7,0.3,False,False,4.0,right,0.0,1.0,2,0.6265265372348949,False,nan,0.0,0,-0.5,9.0,0.5,rl,48
1,50,4.0,5.0,early,1.0,True,False,1,False,2,1,0.7,0.3,False,False,1.0,left,0.0,1.0,2,0.46046889713034034,False,nan,0.0,0,-0.5,8.5,0.5,rl,48
1,51,4.0,6.0,early,2.0,True,False,1,True,1,2,0.7,0.3,False,False,1.0,left,1.0,0.0,1,0.7047280612168834,True,1.0,nan,1,0.25,8.75,0.25,rl,48
1,52,4.0,7.0,late,2.0,True,False,1,False,2,1,0.7,0.3,False,False,1.0,left,0.0,1.0,2,0.42900606349576265,False,nan,0.0,0,-0.25,8.5,0.25,rl,48
1,53,4.0,8.0,late,2.0,True,False,1,True,1,2,0.7,0.3,False,False,1.0,left,1.0,0.0,1,0.4575241041602567,True,1.0,nan,1,0.75,9.25,0.75,rl,48
1,54,4.0,9.0,late,2.0,True,False,1,False,2,1,0.7,0.3,False,False,4.0,right,1.0,0.0,1,1.3511282850522548,True,1.0,nan,1,0.5,9.75,0.5,rl,48
1,55,4.0,10.0,late,2.0,True,False,1,True,1,2,0.7,0.3,False,False,1.0,left,1.0,0.0,1,0.7065098339226097,True,1.0,nan,1,0.25,10.0,0.25,rl,48
1,56,4.0,11.0,late,3.0,True,False,1,False,2,1,0.7,0.3,True,False,4.0,right,1.0,0.0,1,0.5400366617832333,True,0.0,nan,0,-0.5,9.5,0.5,rl,48
1,57,4.0,12.0,late,3.0,True,False,1,True,1,2,0.7,0.3,True,False,1.0,left,1.0,0.0,1,0.6404481763020158,True,1.0,nan,1,0.5,10.0,0.5,rl,48
1,58,4.0,13.0,late,3.0,True,False,1,False,2,1,0.7,0.3,True,True,4.0,right,1.0,0.0,1,0.6760997592937201,True,0.0,nan,0,-0.75,9.25,0.75,rl,48
1,59,5.0,1.0,early,1.0,False,True,2,True,1,2,0.3,0.7,False,False,1.0,left,1.0,0.0,1,0.5744935539551079,False,1.0,nan,1,0.75,10.0,0.75,rl,48
1,60,5.0,2.0,early,1.0,False,True,2,True,1,2,0.3,0.7,False,False,1.0,left,1.0,0.0,1,0.5432664913823828,False,1.0,nan,1,0.25,10.25,0.25,rl,48
1,61,5.0,3.0,early,1.0,False,True,2,True,1,2,0.3,0.7,False,False,1.0,left,1.0,0.0,1,0.4577469724463299,False,0.0,nan,0,-0.75,9.5,0.75,rl,48
1,62,5.0,4.0,late,1.0,False,True,2,True,1,2,0.3,0.7,False,False,4.0,right,0.0,1.0,2,0.9255221347557381,True,nan,1.0,1,0.75,10.25,0.75,rl,48
1,63,5.0,5.0,late,1.0,False,True,2,True,1,2,0.3,0.7,False,False,4.0,right,0.0,1.0,2,0.8450939814792946,True,nan,0.0,0,-0.5,9.75,0.5,rl,48
1,64,5.0,6.0,late,2.0,False,True,2,True,1,2,0.3,0.7,False,False,4.0,right,0.0,1.0,2,0.9864460935350507,True,nan,1.0,1,0.5,10.25,0.5,rl,48
1,65,5.0,7.0,late,2.0,False,True,2,True,1,2,0.3,0.7,True,True,4.0,right,0.0,1.0,2,0.7220126641914248,True,nan,0.0,0,-0.5,9.75,0.5,rl,48
1,66,6.0,1.0,early,1.0,True,False,1,False,2,1,0.7,0.3,False,False,4.0,right,1.0,0.0,1,0.7402834590757266,True,1.0,nan,1,0.25,10.0,0.25,rl,48
1,67,6.0,2.0,early,1.0,True,False,1,True,1,2,0.7,0.3,False,False,4.0,right,0.0,1.0,2,1.2628886008169502,False,nan,0.0,0,-0.5,9.5,0.5,rl,48
1,68,6.0,3.0,late,1.0,True,False,1,True,1,2,0.7,0.3,False,False,4.0,right,0.0,1.0,2,1.7494063935009763,False,nan,0.0,0,-0.25,9.25,0.25,rl,48
1,69,6.0,4.0,late,1.0,True,False,1,False,2,1,0.7,0.3,False,False,4.0,right,1.0,0.0,1,0.615262015373446,True,1.0,nan,1,0.75,10.0,0.75,rl,48
1,70,6.0,5.0,late,1.0,True,False,1,True,1,2,0.7,0.3,False,False,4.0,right,0.0,1.0,2,0.5258173765614629,False,nan,1.0,1,0.5,10.5,0.5,rl,48
