sessNo,trialNo,block,blockTrialNo,trialClass,blockBin,stim1_High,stim2_High,stimHigh,stim1_left,leftStim,rightStim,stim1_pWin,stim2_pWin,reverseStatus,reverseTrial,responseKey,response_LR,selected_stim1,selected_stim2,response_stimID,RT,highChosen,stim1_isWin,stim2_isWin,isWin,payOut,accum_payOut,abs_outMag,instructCond,subID
1,1,1.0,1.0,early,1.0,True,False,1,True,1,2,0.7,0.3,False,False,1.0,left,1.0,0.0,1,1.0880869021784747,True,0.0,nan,0,-0.5,-0.5,0.5,hm,45
1,2,1.0,2.0,early,1.0,True,False,1,False,2,1,0.7,0.3,False,False,4.0,right,1.0,0.0,1,0.7051867005066015,True,1.0,nan,1,0.25,-0.25,0.25,hm,45
1,3,1.0,3.0,early,1.0,True,False,1,True,1,2,0.7,0.3,False,False,1.0,left,1.0,0.0,1,0.5307650508621009,True,1.0,nan,1,0.75,0.5,0.75,hm,45
1,4,1.0,4.0,late,1.0,True,False,1,True,1,2,0.7,0.3,True,False,1.0,left,1.0,0.0,1,0.4639831769745797,True,1.0,nan,1,0.5,1.0,0.5,hm,45
1,5,1.0,5.0,late,1.0,True,False,1,True,1,2,0.7,0.3,True,False,4.0,right,0.0,1.0,2,0.6428879966988461,False,nan,1.0,1,0.75,1.75,0.75,hm,45
1,6,1.0,6.0,late,2.0,True,False,1,True,1,2,0.7,0.3,True,True,4.0,right,0.0,1.0,2,0.5544052101904526,False,nan,0.0,0,-0.25,1.5,0.25,hm,45
1,7,2.0,1.0,early,1.0,False,True,2,True,1,2,0.3,0.7,False,False,1.0,left,1.0,0.0,1,0.7906200047000311,False,0.0,nan,0,-0.75,0.75,0.75,hm,45
1,8,2.0,2.0,early,1.0,False,True,2,False,2,1,0.3,0.7,False,False,1.0,left,0.0,1.0,2,0.8573854567366652,True,nan,0.0,0,-0.25,0.5,0.25,hm,45
1,9,2.0,3.0,early,1.0,False,True,2,False,2,1,0.3,0.7,False,False,4.0,right,1.0,0.0,1,0.3657355369650759,False,0.0,nan,0,-0.75,-0.25,0.75,hm,45
1,10,2.0,4.0,early,1.0,False,True,2,True,1,2,0.3,0.7,False,False,4.0,right,0.0,1.0,2,0.41130006359890103,True,nan,0.0,0,-0.5,-0.75,0.5,hm,45
1,11,2.0,5.0,early,1.0,False,True,2,True,1,2,0.3,0.7,False,False,1.0,left,1.0,0.0,1,0.6326562929316424,False,1.0,nan,1,0.25,-0.5,0.25,hm,45
1,12,2.0,6.0,early,2.0,False,True,2,False,2,1,0.3,0.7,False,False,1.0,left,0.0,1.0,2,0.43637156471959315,True,nan,0.0,0,-0.5,-1.0,0.5,hm,45
1,13,2.0,7.0,early,2.0,False,True,2,False,2,1,0.3,0.7,False,False,4.0,right,1.0,0.0,1,0.5989621379121672,False,0.0,nan,0,-0.25,-1.25,0.25,hm,45
1,14,2.0,8.0,early,2.0,False,True,2,False,2,1,0.3,0.7,False,False,4.0,right,1.0,0.0,1,0.4933660050301114,False,1.0,nan,1,0.25,-1.0,0.25,hm,45
1,15,2.0,9.0,early,2.0,False,True,2,False,2,1,0.3,0.7,False,False,4.0,right,1.0,0.0,1,0.5020039078226546,False,0.0,nan,0,-0.5,-1.5,0.5,hm,45
1,16,2.0,10.0,early,2.0,False,True,2,False,2,1,0.3,0.7,False,False,1.0,left,0.0,1.0,2,0.4633468295651255,True,nan,1.0,1,0.75,-0.75,0.75,hm,45
1,17,2.0,11.0,early,3.0,False,True,2,False,2,1,0.3,0.7,False,False,1.0,left,0.0,1.0,2,0.5257622459466802,True,nan,0.0,0,-0.75,-1.5,0.75,hm,45
1,18,2.0,12.0,early,3.0,False,True,2,False,2,1,0.3,0.7,False,False,1.0,left,0.0,1.0,2,0.6318976612528786,True,nan,0.0,0,-0.5,-2.0,0.5,hm,45
1,19,2.0,13.0,late,3.0,False,True,2,True,1,2,0.3,0.7,False,False,1.0,left,1.0,0.0,1,0.6036016089929035,False,0.0,nan,0,-0.5,-2.5,0.5,hm,45
1,20,2.0,14.0,late,3.0,False,True,2,False,2,1,0.3,0.7,False,False,4.0,right,1.0,0.0,1,0.3716371459158836,False,0.0,nan,0,-0.75,-3.25,0.75,hm,45
1,21,2.0,15.0,late,3.0,False,True,2,True,1,2,0.3,0.7,False,False,4.0,right,0.0,1.0,2,0.41130387582234107,True,nan,0.0,0,-0.25,-3.5,0.25,hm,45
1,22,2.0,16.0,late,4.0,False,True,2,True,1,2,0.3,0.7,False,False,1.0,left,1.0,0.0,1,0.4406268813618226,False,0.0,nan,0,-0.25,-3.75,0.25,hm,45
1,23,2.0,17.0,late,4.0,False,True,2,False,2,1,0.3,0.7,False,False,4.0,right,1.0,0.0,1,0.31934346542402636,False,1.0,nan,1,0.5,-3.25,0.5,hm,45
1,24,2.0,18.0,late,4.0,False,True,2,False,2,1,0.3,0.7,False,False,4.0,right,1.0,0.0,1,0.510820691662957,False,0.0,nan,0,-0.5,-3.75,0.5,hm,45
1,25,2.0,19.0,late,4.0,False,True,2,False,2,1,0.3,0.7,False,False,1.0,left,0.0,1.0,2,0.5823247324733529,True,nan,0.0,0,-0.75,-4.5,0.75,hm,45
1,26,2.0,20.0,late,4.0,False,True,2,False,2,1,0.3,0.7,False,False,4.0,right,1.0,0.0,1,0.4146463125362061,False,0.0,nan,0,-0.5,-5.0,0.5,hm,45
1,27,2.0,21.0,late,5.0,False,True,2,True,1,2,0.3,0.7,False,False,1.0,left,1.0,0.0,1,0.35820493729261216,False,0.0,nan,0,-0.75,-5.75,0.75,hm,45
1,28,2.0,22.0,late,5.0,False,True,2,True,1,2,0.3,0.7,False,False,4.0,right,0.0,1.0,2,0.41076517989858985,True,nan,1.0,1,0.75,-5.0,0.75,hm,45
1,29,2.0,23.0,late,5.0,False,True,2,False,2,1,0.3,0.7,False,False,1.0,left,0.0,1.0,2,0.5603886352473637,True,nan,1.0,1,0.25,-4.75,0.25,hm,45
1,30,2.0,24.0,late,5.0,False,True,2,True,1,2,0.3,0.7,False,False,4.0,right,0.0,1.0,2,0.44296787735947873,True,nan,1.0,1,0.5,-4.25,0.5,hm,45
1,31,2.0,25.0,late,5.0,False,True,2,True,1,2,0.3,0.7,True,True,4.0,right,0.0,1.0,2,0.5364564012561459,True,nan,0.0,0,-0.25,-4.5,0.25,hm,45
1,32,3.0,1.0,early,1.0,True,False,1,False,2,1,0.7,0.3,False,False,1.0,left,0.0,1.0,2,0.6599793494970072,False,nan,0.0,0,-0.5,-5.0,0.5,hm,45
1,33,3.0,2.0,early,1.0,True,False,1,True,1,2,0.7,0.3,False,False,1.0,left,1.0,0.0,1,0.4843102243321482,True,1.0,nan,1,0.75,-4.25,0.75,hm,45
1,34,3.0,3.0,early,1.0,True,False,1,True,1,2,0.7,0.3,False,False,1.0,left,1.0,0.0,1,0.4875837478612084,True,1.0,nan,1,0.25,-4.0,0.25,hm,45
1,35,3.0,4.0,early,1.0,True,False,1,False,2,1,0.7,0.3,False,False,4.0,right,1.0,0.0,1,0.4255111379898153,True,1.0,nan,1,0.5,-3.5,0.5,hm,45
1,36,3.0,5.0,late,1.0,True,False,1,True,1,2,0.7,0.3,True,False,1.0,left,1.0,0.0,1,0.37307024718029425,True,0.0,nan,0,-0.25,-3.75,0.25,hm,45
1,37,3.0,6.0,late,2.0,True,False,1,False,2,1,0.7,0.3,True,False,1.0,left,0.0,1.0,2,0.4783798771095462,False,nan,0.0,0,-0.25,-4.0,0.25,hm,45
1,38,3.0,7.0,late,2.0,True,False,1,True,1,2,0.7,0.3,True,False,4.0,right,0.0,1.0,2,0.41502430876425933,False,nan,0.0,0,-0.75,-4.75,0.75,hm,45
1,39,3.0,8.0,late,2.0,True,False,1,True,1,2,0.7,0.3,True,True,1.0,left,1.0,0.0,1,0.46535205699910875,True,1.0,nan,1,0.75,-4.0,0.75,hm,45
1,40,4.0,1.0,early,1.0,False,True,2,True,1,2,0.3,0.7,False,False,1.0,left,1.0,0.0,1,0.5400381280487636,False,0.0,nan,0,-0.5,-4.5,0.5,hm,45
1,41,4.0,2.0,early,1.0,False,True,2,True,1,2,0.3,0.7,False,False,1.0,left,1.0,0.0,1,0.6513871933420887,False,0.0,nan,0,-0.25,-4.75,0.25,hm,45
1,42,4.0,3.0,early,1.0,False,True,2,True,1,2,0.3,0.7,False,False,4.0,right,0.0,1.0,2,0.39609487970301416,True,nan,0.0,0,-0.5,-5.25,0.5,hm,45
1,43,4.0,4.0,early,1.0,False,True,2,True,1,2,0.3,0.7,False,False,4.0,right,0.0,1.0,2,0.7686393338372,True,nan,1.0,1,0.25,-5.0,0.25,hm,45
1,44,4.0,5.0,early,1.0,False,True,2,True,1,2,0.3,0.7,False,False,4.0,right,0.0,1.0,2,0.5042581025045365,True,nan,0.0,0,-0.75,-5.75,0.75,hm,45
1,45,4.0,6.0,early,2.0,False,True,2,True,1,2,0.3,0.7,False,False,1.0,left,1.0,0.0,1,0.41653482741094194,False,0.0,nan,0,-0.75,-6.5,0.75,hm,45
1,46,4.0,7.0,early,2.0,False,True,2,False,2,1,0.3,0.7,False,False,4.0,right,1.0,0.0,1,0.5792177736293525,False,0.0,nan,0,-0.5,-7.0,0.5,hm,45
1,47,4.0,8.0,early,2.0,False,True,2,True,1,2,0.3,0.7,False,False,4.0,right,0.0,1.0,2,0.5789130893099355,True,nan,0.0,0,-0.75,-7.75,0.75,hm,45
1,48,4.0,9.0,late,2.0,False,True,2,True,1,2,0.3,0.7,False,False,1.0,left,1.0,0.0,1,0.43922809007926844,False,1.0,nan,1,0.5,-7.25,0.5,hm,45
1,49,4.0,10.0,late,2.0,False,True,2,False,2,1,0.3,0.7,False,False,1.0,left,0.0,1.0,2,0.31562391223269515,True,nan,1.0,1,0.5,-6.75,0.5,hm,45
1,50,4.0,11.0,late,3.0,False,True,2,True,1,2,0.3,0.7,False,False,1.0,left,1.0,0.0,1,0.3212363790080417,False,0.0,nan,0,-0.25,-7.0,0.25,hm,45
1,51,4.0,12.0,late,3.0,False,True,2,True,1,2,0.3,0.7,False,False,4.0,right,0.0,1.0,2,0.5378897957707522,True,nan,1.0,1,0.5,-6.5,0.5,hm,45
1,52,4.0,13.0,late,3.0,False,True,2,True,1,2,0.3,0.7,False,False,4.0,right,0.0,1.0,2,0.4304740612133173,True,nan,1.0,1,0.25,-6.25,0.25,hm,45
1,53,4.0,14.0,late,3.0,False,True,2,True,1,2,0.3,0.7,False,False,4.0,right,0.0,1.0,2,0.5240895613533212,True,nan,0.0,0,-0.5,-6.75,0.5,hm,45
1,54,4.0,15.0,late,3.0,False,True,2,False,2,1,0.3,0.7,True,False,1.0,left,0.0,1.0,2,1.0316071114793885,True,nan,1.0,1,0.75,-6.0,0.75,hm,45
1,55,4.0,16.0,late,4.0,False,True,2,True,1,2,0.3,0.7,True,False,1.0,left,1.0,0.0,1,0.5160850734828273,False,0.0,nan,0,-0.75,-6.75,0.75,hm,45
1,56,4.0,17.0,late,4.0,False,True,2,True,1,2,0.3,0.7,True,True,4.0,right,0.0,1.0,2,0.5314978767419234,True,nan,1.0,1,0.5,-6.25,0.5,hm,45
1,57,5.0,1.0,early,1.0,True,False,1,False,2,1,0.7,0.3,False,False,4.0,right,1.0,0.0,1,0.5918957492976915,True,0.0,nan,0,-0.25,-6.5,0.25,hm,45
1,58,5.0,2.0,early,1.0,True,False,1,True,1,2,0.7,0.3,False,False,1.0,left,1.0,0.0,1,0.6493541073868982,True,1.0,nan,1,0.75,-5.75,0.75,hm,45
1,59,5.0,3.0,early,1.0,True,False,1,False,2,1,0.7,0.3,False,False,1.0,left,0.0,1.0,2,0.46895225840853527,False,nan,0.0,0,-0.5,-6.25,0.5,hm,45
1,60,5.0,4.0,early,1.0,True,False,1,False,2,1,0.7,0.3,False,False,1.0,left,0.0,1.0,2,0.43375256995204836,False,nan,0.0,0,-0.25,-6.5,0.25,hm,45
1,61,5.0,5.0,early,1.0,True,False,1,False,2,1,0.7,0.3,False,False,4.0,right,1.0,0.0,1,0.718254109058762,True,1.0,nan,1,0.75,-5.75,0.75,hm,45
1,62,5.0,6.0,early,2.0,True,False,1,True,1,2,0.7,0.3,False,False,4.0,right,0.0,1.0,2,1.163977927833912,False,nan,1.0,1,0.5,-5.25,0.5,hm,45
1,63,5.0,7.0,early,2.0,True,False,1,True,1,2,0.7,0.3,False,False,4.0,right,0.0,1.0,2,1.3461331045255065,False,nan,0.0,0,-0.5,-5.75,0.5,hm,45
1,64,5.0,8.0,late,2.0,True,False,1,False,2,1,0.7,0.3,False,False,1.0,left,0.0,1.0,2,0.7356164226948749,False,nan,1.0,1,0.25,-5.5,0.25,hm,45
1,65,5.0,9.0,late,2.0,True,False,1,False,2,1,0.7,0.3,False,False,4.0,right,1.0,0.0,1,1.1921135736483848,True,0.0,nan,0,-0.25,-5.75,0.25,hm,45
1,66,5.0,10.0,late,2.0,True,False,1,False,2,1,0.7,0.3,False,False,4.0,right,1.0,0.0,1,0.7178470813232707,True,0.0,nan,0,-0.75,-6.5,0.75,hm,45
1,67,5.0,11.0,late,3.0,True,False,1,False,2,1,0.7,0.3,False,False,1.0,left,0.0,1.0,2,0.7064582223247271,False,nan,0.0,0,-0.25,-6.75,0.25,hm,45
1,68,5.0,12.0,late,3.0,True,False,1,True,1,2,0.7,0.3,False,False,1.0,left,1.0,0.0,1,0.8175278225971851,True,1.0,nan,1,0.75,-6.0,0.75,hm,45
1,69,5.0,13.0,late,3.0,True,False,1,False,2,1,0.7,0.3,False,False,1.0,left,0.0,1.0,2,1.115407612771378,False,nan,0.0,0,-0.5,-6.5,0.5,hm,45
1,70,5.0,14.0,late,3.0,True,False,1,True,1,2,0.7,0.3,False,False,4.0,right,0.0,1.0,2,1.0520757974736625,False,nan,0.0,0,-0.5,-7.0,0.5,hm,45
