sessNo,trialNo,block,blockTrialNo,trialClass,blockBin,stim1_High,stim2_High,stimHigh,stim1_left,leftStim,rightStim,stim1_pWin,stim2_pWin,reverseStatus,reverseTrial,responseKey,response_LR,selected_stim1,selected_stim2,response_stimID,RT,highChosen,stim1_isWin,stim2_isWin,isWin,payOut,accum_payOut,abs_outMag,instructCond,subID
1,1,1.0,1.0,early,1.0,False,True,2,True,1,2,0.3,0.7,False,False,1.0,left,1.0,0.0,1,1.1467517622513697,False,0.0,nan,0,-0.75,-0.75,0.75,hm,43
1,2,1.0,2.0,early,1.0,False,True,2,False,2,1,0.3,0.7,False,False,4.0,right,1.0,0.0,1,0.5830849065387156,False,0.0,nan,0,-0.5,-1.25,0.5,hm,43
1,3,1.0,3.0,early,1.0,False,True,2,True,1,2,0.3,0.7,False,False,4.0,right,0.0,1.0,2,0.5520282828074414,True,nan,1.0,1,0.5,-0.75,0.5,hm,43
1,4,1.0,4.0,early,1.0,False,True,2,False,2,1,0.3,0.7,False,False,4.0,right,1.0,0.0,1,0.5835356230381876,False,0.0,nan,0,-0.75,-1.5,0.75,hm,43
1,5,1.0,5.0,early,1.0,False,True,2,True,1,2,0.3,0.7,False,False,1.0,left,1.0,0.0,1,0.4590238014643546,False,0.0,nan,0,-0.5,-2.0,0.5,hm,43
1,6,1.0,6.0,late,2.0,False,True,2,False,2,1,0.3,0.7,False,False,1.0,left,0.0,1.0,2,0.4396790617320221,True,nan,0.0,0,-0.25,-2.25,0.25,hm,43
1,7,1.0,7.0,late,2.0,False,True,2,False,2,1,0.3,0.7,False,False,1.0,left,0.0,1.0,2,0.41447031576535664,True,nan,1.0,1,0.75,-1.5,0.75,hm,43
1,8,1.0,8.0,late,2.0,False,True,2,True,1,2,0.3,0.7,False,False,4.0,right,0.0,1.0,2,1.6084006866440177,True,nan,1.0,1,0.25,-1.25,0.25,hm,43
1,9,1.0,9.0,late,2.0,False,True,2,False,2,1,0.3,0.7,True,False,1.0,left,0.0,1.0,2,0.7060117426735815,True,nan,1.0,1,0.25,-1.0,0.25,hm,43
1,10,1.0,10.0,late,2.0,False,True,2,True,1,2,0.3,0.7,True,True,1.0,left,1.0,0.0,1,0.919455175549956,False,1.0,nan,1,0.5,-0.5,0.5,hm,43
1,11,2.0,1.0,early,1.0,True,False,1,False,2,1,0.7,0.3,False,False,4.0,right,1.0,0.0,1,0.8197178051341325,True,1.0,nan,1,0.75,0.25,0.75,hm,43
1,12,2.0,2.0,early,1.0,True,False,1,True,1,2,0.7,0.3,False,False,1.0,left,1.0,0.0,1,0.6350718419125769,True,1.0,nan,1,0.5,0.75,0.5,hm,43
1,13,2.0,3.0,late,1.0,True,False,1,False,2,1,0.7,0.3,False,False,4.0,right,1.0,0.0,1,0.5450039089482743,True,1.0,nan,1,0.5,1.25,0.5,hm,43
1,14,2.0,4.0,late,1.0,True,False,1,True,1,2,0.7,0.3,True,True,1.0,left,1.0,0.0,1,0.4674742223578505,True,0.0,nan,0,-0.25,1.0,0.25,hm,43
1,15,3.0,1.0,early,1.0,False,True,2,False,2,1,0.3,0.7,False,False,1.0,left,0.0,1.0,2,0.5010641835688148,True,nan,1.0,1,0.75,1.75,0.75,hm,43
1,16,3.0,2.0,early,1.0,False,True,2,True,1,2,0.3,0.7,False,False,4.0,right,0.0,1.0,2,0.8225998100824654,True,nan,1.0,1,0.5,2.25,0.5,hm,43
1,17,3.0,3.0,early,1.0,False,True,2,False,2,1,0.3,0.7,False,False,1.0,left,0.0,1.0,2,0.6040084735723212,True,nan,1.0,1,0.5,2.75,0.5,hm,43
1,18,3.0,4.0,late,1.0,False,True,2,False,2,1,0.3,0.7,True,False,1.0,left,0.0,1.0,2,0.8847022074915003,True,nan,0.0,0,-0.75,2.0,0.75,hm,43
1,19,3.0,5.0,late,1.0,False,True,2,True,1,2,0.3,0.7,True,False,1.0,left,1.0,0.0,1,1.0379009455791675,False,1.0,nan,1,0.25,2.25,0.25,hm,43
1,20,3.0,6.0,late,2.0,False,True,2,True,1,2,0.3,0.7,True,False,1.0,left,1.0,0.0,1,0.8383983465610072,False,1.0,nan,1,0.75,3.0,0.75,hm,43
1,21,3.0,7.0,late,2.0,False,True,2,False,2,1,0.3,0.7,True,True,4.0,right,1.0,0.0,1,0.5271907841670327,False,0.0,nan,0,-0.5,2.5,0.5,hm,43
1,22,4.0,1.0,early,1.0,True,False,1,False,2,1,0.7,0.3,False,False,4.0,right,1.0,0.0,1,0.48768549898522906,True,0.0,nan,0,-0.25,2.25,0.25,hm,43
1,23,4.0,2.0,early,1.0,True,False,1,False,2,1,0.7,0.3,False,False,1.0,left,0.0,1.0,2,0.46928500587819144,False,nan,0.0,0,-0.75,1.5,0.75,hm,43
1,24,4.0,3.0,early,1.0,True,False,1,True,1,2,0.7,0.3,False,False,4.0,right,0.0,1.0,2,0.5757514531724155,False,nan,1.0,1,0.25,1.75,0.25,hm,43
1,25,4.0,4.0,early,1.0,True,False,1,False,2,1,0.7,0.3,False,False,4.0,right,1.0,0.0,1,0.6032850398914889,True,1.0,nan,1,0.5,2.25,0.5,hm,43
1,26,4.0,5.0,early,1.0,True,False,1,True,1,2,0.7,0.3,False,False,4.0,right,0.0,1.0,2,0.7455756766721606,False,nan,0.0,0,-0.5,1.75,0.5,hm,43
1,27,4.0,6.0,early,2.0,True,False,1,True,1,2,0.7,0.3,False,False,1.0,left,1.0,0.0,1,0.5611713467515074,True,1.0,nan,1,0.25,2.0,0.25,hm,43
1,28,4.0,7.0,early,2.0,True,False,1,False,2,1,0.7,0.3,False,False,4.0,right,1.0,0.0,1,0.8829336511262227,True,0.0,nan,0,-0.5,1.5,0.5,hm,43
1,29,4.0,8.0,early,2.0,True,False,1,True,1,2,0.7,0.3,False,False,4.0,right,0.0,1.0,2,0.6004097795812413,False,nan,0.0,0,-0.75,0.75,0.75,hm,43
1,30,4.0,9.0,early,2.0,True,False,1,False,2,1,0.7,0.3,False,False,1.0,left,0.0,1.0,2,0.5399020446930081,False,nan,0.0,0,-0.75,0.0,0.75,hm,43
1,31,4.0,10.0,early,2.0,True,False,1,True,1,2,0.7,0.3,False,False,4.0,right,0.0,1.0,2,0.8872827572922688,False,nan,1.0,1,0.5,0.5,0.5,hm,43
1,32,4.0,11.0,late,3.0,True,False,1,True,1,2,0.7,0.3,False,False,1.0,left,1.0,0.0,1,0.8680664585554041,True,0.0,nan,0,-0.25,0.25,0.25,hm,43
1,33,4.0,12.0,late,3.0,True,False,1,False,2,1,0.7,0.3,False,False,1.0,left,0.0,1.0,2,0.8745272168889642,False,nan,1.0,1,0.5,0.75,0.5,hm,43
1,34,4.0,13.0,late,3.0,True,False,1,True,1,2,0.7,0.3,False,False,4.0,right,0.0,1.0,2,0.4706849541689735,False,nan,0.0,0,-0.75,0.0,0.75,hm,43
1,35,4.0,14.0,late,3.0,True,False,1,True,1,2,0.7,0.3,False,False,4.0,right,0.0,1.0,2,0.5465126508497633,False,nan,0.0,0,-0.25,-0.25,0.25,hm,43
1,36,4.0,15.0,late,3.0,True,False,1,False,2,1,0.7,0.3,False,False,1.0,left,0.0,1.0,2,0.5941182232054416,False,nan,0.0,0,-0.5,-0.75,0.5,hm,43
1,37,4.0,16.0,late,4.0,True,False,1,False,2,1,0.7,0.3,False,False,1.0,left,0.0,1.0,2,0.7775615915597882,False,nan,0.0,0,-0.75,-1.5,0.75,hm,43
1,38,4.0,17.0,late,4.0,True,False,1,False,2,1,0.7,0.3,False,False,4.0,right,1.0,0.0,1,0.5060554947122,True,1.0,nan,1,0.75,-0.75,0.75,hm,43
1,39,4.0,18.0,late,4.0,True,False,1,False,2,1,0.7,0.3,False,False,4.0,right,1.0,0.0,1,0.8676565030182246,True,1.0,nan,1,0.5,-0.25,0.5,hm,43
1,40,4.0,19.0,late,4.0,True,False,1,False,2,1,0.7,0.3,False,False,4.0,right,1.0,0.0,1,1.1220039963081945,True,1.0,nan,1,0.25,0.0,0.25,hm,43
1,41,4.0,20.0,late,4.0,True,False,1,True,1,2,0.7,0.3,True,False,1.0,left,1.0,0.0,1,0.7860606909962371,True,1.0,nan,1,0.5,0.5,0.5,hm,43
1,42,4.0,21.0,late,5.0,True,False,1,False,2,1,0.7,0.3,True,True,4.0,right,1.0,0.0,1,0.5892840909655206,True,0.0,nan,0,-0.5,0.0,0.5,hm,43
1,43,5.0,1.0,early,1.0,False,True,2,False,2,1,0.3,0.7,False,False,1.0,left,0.0,1.0,2,0.5377833546081092,True,nan,0.0,0,-0.25,-0.25,0.25,hm,43
1,44,5.0,2.0,early,1.0,False,True,2,True,1,2,0.3,0.7,False,False,1.0,left,1.0,0.0,1,0.5762605252675712,False,0.0,nan,0,-0.25,-0.5,0.25,hm,43
1,45,5.0,3.0,early,1.0,False,True,2,False,2,1,0.3,0.7,False,False,1.0,left,0.0,1.0,2,0.4982895060093142,True,nan,1.0,1,0.25,-0.25,0.25,hm,43
1,46,5.0,4.0,early,1.0,False,True,2,True,1,2,0.3,0.7,False,False,1.0,left,1.0,0.0,1,0.569582766154781,False,1.0,nan,1,0.5,0.25,0.5,hm,43
1,47,5.0,5.0,early,1.0,False,True,2,True,1,2,0.3,0.7,False,False,1.0,left,1.0,0.0,1,1.0468897630344145,False,1.0,nan,1,0.5,0.75,0.5,hm,43
1,48,5.0,6.0,early,2.0,False,True,2,True,1,2,0.3,0.7,False,False,4.0,right,0.0,1.0,2,0.5949448788596783,True,nan,1.0,1,0.75,1.5,0.75,hm,43
1,49,5.0,7.0,early,2.0,False,True,2,False,2,1,0.3,0.7,False,False,4.0,right,1.0,0.0,1,0.5978392000542954,False,0.0,nan,0,-0.75,0.75,0.75,hm,43
1,50,5.0,8.0,late,2.0,False,True,2,False,2,1,0.3,0.7,False,False,1.0,left,0.0,1.0,2,0.537322374584619,True,nan,1.0,1,0.5,1.25,0.5,hm,43
1,51,5.0,9.0,late,2.0,False,True,2,False,2,1,0.3,0.7,False,False,4.0,right,1.0,0.0,1,0.5929783826286439,False,0.0,nan,0,-0.25,1.0,0.25,hm,43
1,52,5.0,10.0,late,2.0,False,True,2,True,1,2,0.3,0.7,False,False,1.0,left,1.0,0.0,1,0.31243273708969355,False,0.0,nan,0,-0.25,0.75,0.25,hm,43
1,53,5.0,11.0,late,3.0,False,True,2,True,1,2,0.3,0.7,False,False,4.0,right,0.0,1.0,2,0.6628218429395929,True,nan,1.0,1,0.5,1.25,0.5,hm,43
1,54,5.0,12.0,late,3.0,False,True,2,False,2,1,0.3,0.7,False,False,1.0,left,0.0,1.0,2,0.5425257013994269,True,nan,1.0,1,0.5,1.75,0.5,hm,43
1,55,5.0,13.0,late,3.0,False,True,2,False,2,1,0.3,0.7,False,False,1.0,left,0.0,1.0,2,0.7805415400944185,True,nan,0.0,0,-0.25,1.5,0.25,hm,43
1,56,5.0,14.0,late,3.0,False,True,2,True,1,2,0.3,0.7,True,True,4.0,right,0.0,1.0,2,0.6053101850266103,True,nan,1.0,1,0.75,2.25,0.75,hm,43
1,57,6.0,1.0,early,1.0,True,False,1,True,1,2,0.7,0.3,False,False,1.0,left,1.0,0.0,1,1.092905951285502,True,1.0,nan,1,0.5,2.75,0.5,hm,43
1,58,6.0,2.0,early,1.0,True,False,1,True,1,2,0.7,0.3,False,False,4.0,right,0.0,1.0,2,0.5154284621821716,False,nan,0.0,0,-0.75,2.0,0.75,hm,43
1,59,6.0,3.0,early,1.0,True,False,1,False,2,1,0.7,0.3,False,False,1.0,left,0.0,1.0,2,0.5792266913340427,False,nan,0.0,0,-0.5,1.5,0.5,hm,43
1,60,6.0,4.0,early,1.0,True,False,1,False,2,1,0.7,0.3,False,False,4.0,right,1.0,0.0,1,0.8575706586998422,True,1.0,nan,1,0.25,1.75,0.25,hm,43
1,61,6.0,5.0,early,1.0,True,False,1,False,2,1,0.7,0.3,False,False,4.0,right,1.0,0.0,1,0.8560478410508949,True,1.0,nan,1,0.75,2.5,0.75,hm,43
1,62,6.0,6.0,late,2.0,True,False,1,False,2,1,0.7,0.3,False,False,4.0,right,1.0,0.0,1,0.8925805087492336,True,1.0,nan,1,0.25,2.75,0.25,hm,43
1,63,6.0,7.0,late,2.0,True,False,1,True,1,2,0.7,0.3,True,False,1.0,left,1.0,0.0,1,0.723223130160477,True,0.0,nan,0,-0.5,2.25,0.5,hm,43
1,64,6.0,8.0,late,2.0,True,False,1,False,2,1,0.7,0.3,True,False,1.0,left,0.0,1.0,2,0.5867554454016499,False,nan,0.0,0,-0.75,1.5,0.75,hm,43
1,65,6.0,9.0,late,2.0,True,False,1,False,2,1,0.7,0.3,True,False,4.0,right,1.0,0.0,1,0.49014611190068536,True,1.0,nan,1,0.5,2.0,0.5,hm,43
1,66,6.0,10.0,late,2.0,True,False,1,False,2,1,0.7,0.3,True,True,1.0,left,0.0,1.0,2,0.5805113945971243,False,nan,0.0,0,-0.5,1.5,0.5,hm,43
1,67,7.0,1.0,early,1.0,False,True,2,False,2,1,0.3,0.7,False,False,1.0,left,0.0,1.0,2,0.8243771637789905,True,nan,1.0,1,0.25,1.75,0.25,hm,43
1,68,7.0,2.0,early,1.0,False,True,2,False,2,1,0.3,0.7,False,False,1.0,left,0.0,1.0,2,0.5599080503161531,True,nan,1.0,1,0.25,2.0,0.25,hm,43
1,69,7.0,3.0,late,1.0,False,True,2,True,1,2,0.3,0.7,False,False,4.0,right,0.0,1.0,2,0.500334005249897,True,nan,1.0,1,0.75,2.75,0.75,hm,43
1,70,7.0,4.0,late,1.0,False,True,2,True,1,2,0.3,0.7,True,True,4.0,right,0.0,1.0,2,0.9818722240743227,True,nan,0.0,0,-0.75,2.0,0.75,hm,43
