sessNo,trialNo,block,blockTrialNo,trialClass,blockBin,stim1_High,stim2_High,stimHigh,stim1_left,leftStim,rightStim,stim1_pWin,stim2_pWin,reverseStatus,reverseTrial,responseKey,response_LR,selected_stim1,selected_stim2,response_stimID,RT,highChosen,stim1_isWin,stim2_isWin,isWin,payOut,accum_payOut,abs_outMag,instructCond,subID
1,1,1.0,1.0,early,1.0,True,False,1,True,1,2,0.7,0.3,False,False,1.0,left,1.0,0.0,1,0.696075202897191,True,1.0,nan,1,0.5,0.5,0.5,rl,54
1,2,1.0,2.0,early,1.0,True,False,1,False,2,1,0.7,0.3,False,False,4.0,right,1.0,0.0,1,0.5115661271847785,True,0.0,nan,0,-0.75,-0.25,0.75,rl,54
1,3,1.0,3.0,early,1.0,True,False,1,False,2,1,0.7,0.3,False,False,1.0,left,0.0,1.0,2,0.6231295566540211,False,nan,0.0,0,-0.75,-1.0,0.75,rl,54
1,4,1.0,4.0,early,1.0,True,False,1,True,1,2,0.7,0.3,False,False,4.0,right,0.0,1.0,2,0.6381382644176483,False,nan,1.0,1,0.25,-0.75,0.25,rl,54
1,5,1.0,5.0,early,1.0,True,False,1,True,1,2,0.7,0.3,False,False,1.0,left,1.0,0.0,1,0.7113443145062774,True,1.0,nan,1,0.25,-0.5,0.25,rl,54
1,6,1.0,6.0,early,2.0,True,False,1,True,1,2,0.7,0.3,False,False,1.0,left,1.0,0.0,1,0.3956538352649659,True,1.0,nan,1,0.5,0.0,0.5,rl,54
1,7,1.0,7.0,early,2.0,True,False,1,False,2,1,0.7,0.3,False,False,1.0,left,0.0,1.0,2,0.44879969325847924,False,nan,0.0,0,-0.25,-0.25,0.25,rl,54
1,8,1.0,8.0,early,2.0,True,False,1,True,1,2,0.7,0.3,False,False,4.0,right,0.0,1.0,2,0.46507083252072334,False,nan,0.0,0,-0.5,-0.75,0.5,rl,54
1,9,1.0,9.0,late,2.0,True,False,1,True,1,2,0.7,0.3,False,False,4.0,right,0.0,1.0,2,0.45060257986187935,False,nan,0.0,0,-0.5,-1.25,0.5,rl,54
1,10,1.0,10.0,late,2.0,True,False,1,True,1,2,0.7,0.3,False,False,1.0,left,1.0,0.0,1,0.6857625625561923,True,0.0,nan,0,-0.75,-2.0,0.75,rl,54
1,11,1.0,11.0,late,3.0,True,False,1,False,2,1,0.7,0.3,False,False,4.0,right,1.0,0.0,1,0.44749239552766085,True,1.0,nan,1,0.5,-1.5,0.5,rl,54
1,12,1.0,12.0,late,3.0,True,False,1,False,2,1,0.7,0.3,False,False,4.0,right,1.0,0.0,1,0.5985768104437739,True,1.0,nan,1,0.5,-1.0,0.5,rl,54
1,13,1.0,13.0,late,3.0,True,False,1,True,1,2,0.7,0.3,True,False,1.0,left,1.0,0.0,1,0.585818778257817,True,1.0,nan,1,0.5,-0.5,0.5,rl,54
1,14,1.0,14.0,late,3.0,True,False,1,True,1,2,0.7,0.3,True,False,4.0,right,0.0,1.0,2,0.4576792321167886,False,nan,0.0,0,-0.75,-1.25,0.75,rl,54
1,15,1.0,15.0,late,3.0,True,False,1,True,1,2,0.7,0.3,True,False,1.0,left,1.0,0.0,1,0.5005206612404436,True,0.0,nan,0,-0.75,-2.0,0.75,rl,54
1,16,1.0,16.0,late,4.0,True,False,1,False,2,1,0.7,0.3,True,True,4.0,right,1.0,0.0,1,0.6360691089648753,True,1.0,nan,1,0.25,-1.75,0.25,rl,54
1,17,2.0,1.0,early,1.0,False,True,2,True,1,2,0.3,0.7,False,False,1.0,left,1.0,0.0,1,0.33639347017742693,False,1.0,nan,1,0.75,-1.0,0.75,rl,54
1,18,2.0,2.0,early,1.0,False,True,2,True,1,2,0.3,0.7,False,False,1.0,left,1.0,0.0,1,0.42697209771722555,False,0.0,nan,0,-0.25,-1.25,0.25,rl,54
1,19,2.0,3.0,early,1.0,False,True,2,True,1,2,0.3,0.7,False,False,1.0,left,1.0,0.0,1,0.4826123204547912,False,1.0,nan,1,0.5,-0.75,0.5,rl,54
1,20,2.0,4.0,early,1.0,False,True,2,True,1,2,0.3,0.7,False,False,1.0,left,1.0,0.0,1,0.3782988528255373,False,0.0,nan,0,-0.5,-1.25,0.5,rl,54
1,21,2.0,5.0,early,1.0,False,True,2,True,1,2,0.3,0.7,False,False,1.0,left,1.0,0.0,1,0.5476634467486292,False,1.0,nan,1,0.25,-1.0,0.25,rl,54
1,22,2.0,6.0,early,2.0,False,True,2,False,2,1,0.3,0.7,False,False,4.0,right,1.0,0.0,1,0.7653904431499541,False,0.0,nan,0,-0.75,-1.75,0.75,rl,54
1,23,2.0,7.0,early,2.0,False,True,2,True,1,2,0.3,0.7,False,False,1.0,left,1.0,0.0,1,0.4548901538364589,False,0.0,nan,0,-0.25,-2.0,0.25,rl,54
1,24,2.0,8.0,early,2.0,False,True,2,False,2,1,0.3,0.7,False,False,4.0,right,1.0,0.0,1,0.7354363687336445,False,0.0,nan,0,-0.5,-2.5,0.5,rl,54
1,25,2.0,9.0,early,2.0,False,True,2,False,2,1,0.3,0.7,False,False,1.0,left,0.0,1.0,2,0.5259510974865407,True,nan,1.0,1,0.25,-2.25,0.25,rl,54
1,26,2.0,10.0,early,2.0,False,True,2,True,1,2,0.3,0.7,False,False,4.0,right,0.0,1.0,2,1.2210398151073605,True,nan,0.0,0,-0.5,-2.75,0.5,rl,54
1,27,2.0,11.0,early,3.0,False,True,2,True,1,2,0.3,0.7,False,False,1.0,left,1.0,0.0,1,0.5265478563960642,False,1.0,nan,1,0.75,-2.0,0.75,rl,54
1,28,2.0,12.0,early,3.0,False,True,2,True,1,2,0.3,0.7,False,False,1.0,left,1.0,0.0,1,0.4778496853541583,False,1.0,nan,1,0.5,-1.5,0.5,rl,54
1,29,2.0,13.0,early,3.0,False,True,2,True,1,2,0.3,0.7,False,False,4.0,right,0.0,1.0,2,0.6660824196878821,True,nan,0.0,0,-0.75,-2.25,0.75,rl,54
1,30,2.0,14.0,early,3.0,False,True,2,False,2,1,0.3,0.7,False,False,1.0,left,0.0,1.0,2,0.753328580642119,True,nan,0.0,0,-0.5,-2.75,0.5,rl,54
1,31,2.0,15.0,early,3.0,False,True,2,True,1,2,0.3,0.7,False,False,1.0,left,1.0,0.0,1,0.6788882510736585,False,1.0,nan,1,0.75,-2.0,0.75,rl,54
1,32,2.0,16.0,late,4.0,False,True,2,False,2,1,0.3,0.7,False,False,4.0,right,1.0,0.0,1,0.38938361406326294,False,1.0,nan,1,0.25,-1.75,0.25,rl,54
1,33,2.0,17.0,late,4.0,False,True,2,True,1,2,0.3,0.7,False,False,1.0,left,1.0,0.0,1,0.5114664228167385,False,0.0,nan,0,-0.75,-2.5,0.75,rl,54
1,34,2.0,18.0,late,4.0,False,True,2,False,2,1,0.3,0.7,False,False,4.0,right,1.0,0.0,1,0.5075102187693119,False,0.0,nan,0,-0.5,-3.0,0.5,rl,54
1,35,2.0,19.0,late,4.0,False,True,2,False,2,1,0.3,0.7,False,False,1.0,left,0.0,1.0,2,0.4468056093901396,True,nan,1.0,1,0.5,-2.5,0.5,rl,54
1,36,2.0,20.0,late,4.0,False,True,2,True,1,2,0.3,0.7,False,False,4.0,right,0.0,1.0,2,0.544694900745526,True,nan,0.0,0,-0.5,-3.0,0.5,rl,54
1,37,2.0,21.0,late,5.0,False,True,2,False,2,1,0.3,0.7,False,False,4.0,right,1.0,0.0,1,0.563064813381061,False,0.0,nan,0,-0.75,-3.75,0.75,rl,54
1,38,2.0,22.0,late,5.0,False,True,2,True,1,2,0.3,0.7,False,False,1.0,left,1.0,0.0,1,0.46373420977033675,False,0.0,nan,0,-0.5,-4.25,0.5,rl,54
1,39,2.0,23.0,late,5.0,False,True,2,True,1,2,0.3,0.7,False,False,4.0,right,0.0,1.0,2,0.5131561157759279,True,nan,0.0,0,-0.25,-4.5,0.25,rl,54
1,40,2.0,24.0,late,5.0,False,True,2,False,2,1,0.3,0.7,False,False,4.0,right,1.0,0.0,1,0.6114480362739414,False,0.0,nan,0,-0.25,-4.75,0.25,rl,54
1,41,2.0,25.0,late,5.0,False,True,2,False,2,1,0.3,0.7,False,False,1.0,left,0.0,1.0,2,0.7361316587775946,True,nan,0.0,0,-0.5,-5.25,0.5,rl,54
1,42,2.0,26.0,late,6.0,False,True,2,False,2,1,0.3,0.7,False,False,1.0,left,0.0,1.0,2,0.7967843634542078,True,nan,1.0,1,0.25,-5.0,0.25,rl,54
1,43,2.0,27.0,late,6.0,False,True,2,False,2,1,0.3,0.7,False,False,1.0,left,0.0,1.0,2,0.8590610737446696,True,nan,1.0,1,0.75,-4.25,0.75,rl,54
1,44,2.0,28.0,late,6.0,False,True,2,True,1,2,0.3,0.7,True,False,4.0,right,0.0,1.0,2,1.2855328910518438,True,nan,0.0,0,-0.75,-5.0,0.75,rl,54
1,45,2.0,29.0,late,6.0,False,True,2,False,2,1,0.3,0.7,True,False,4.0,right,1.0,0.0,1,1.0791786252520978,False,0.0,nan,0,-0.5,-5.5,0.5,rl,54
1,46,2.0,30.0,late,6.0,False,True,2,False,2,1,0.3,0.7,True,False,4.0,right,1.0,0.0,1,0.5857510380446911,False,1.0,nan,1,0.5,-5.0,0.5,rl,54
1,47,2.0,31.0,late,7.0,False,True,2,False,2,1,0.3,0.7,True,True,1.0,left,0.0,1.0,2,0.4663159621413797,True,nan,1.0,1,0.25,-4.75,0.25,rl,54
1,48,3.0,1.0,early,1.0,True,False,1,True,1,2,0.7,0.3,False,False,1.0,left,1.0,0.0,1,0.6148441373370588,True,0.0,nan,0,-0.25,-5.0,0.25,rl,54
1,49,3.0,2.0,early,1.0,True,False,1,True,1,2,0.7,0.3,False,False,1.0,left,1.0,0.0,1,1.0465430938638747,True,1.0,nan,1,0.75,-4.25,0.75,rl,54
1,50,3.0,3.0,early,1.0,True,False,1,True,1,2,0.7,0.3,False,False,4.0,right,0.0,1.0,2,0.8496595539618284,False,nan,0.0,0,-0.25,-4.5,0.25,rl,54
1,51,3.0,4.0,early,1.0,True,False,1,False,2,1,0.7,0.3,False,False,4.0,right,1.0,0.0,1,0.839523155707866,True,1.0,nan,1,0.25,-4.25,0.25,rl,54
1,52,3.0,5.0,early,1.0,True,False,1,False,2,1,0.7,0.3,False,False,1.0,left,0.0,1.0,2,1.1119936236646026,False,nan,0.0,0,-0.5,-4.75,0.5,rl,54
1,53,3.0,6.0,early,2.0,True,False,1,False,2,1,0.7,0.3,False,False,4.0,right,1.0,0.0,1,0.4593448790255934,True,1.0,nan,1,0.75,-4.0,0.75,rl,54
1,54,3.0,7.0,late,2.0,True,False,1,True,1,2,0.7,0.3,False,False,1.0,left,1.0,0.0,1,0.7897733985446393,True,1.0,nan,1,0.5,-3.5,0.5,rl,54
1,55,3.0,8.0,late,2.0,True,False,1,True,1,2,0.7,0.3,False,False,1.0,left,1.0,0.0,1,0.5383757071103901,True,0.0,nan,0,-0.75,-4.25,0.75,rl,54
1,56,3.0,9.0,late,2.0,True,False,1,True,1,2,0.7,0.3,True,False,1.0,left,1.0,0.0,1,0.40296479244716465,True,0.0,nan,0,-0.75,-5.0,0.75,rl,54
1,57,3.0,10.0,late,2.0,True,False,1,True,1,2,0.7,0.3,True,False,4.0,right,0.0,1.0,2,0.49950573104433715,False,nan,1.0,1,0.25,-4.75,0.25,rl,54
1,58,3.0,11.0,late,3.0,True,False,1,True,1,2,0.7,0.3,True,False,1.0,left,1.0,0.0,1,1.4050823336001486,True,1.0,nan,1,0.5,-4.25,0.5,rl,54
1,59,3.0,12.0,late,3.0,True,False,1,False,2,1,0.7,0.3,True,True,4.0,right,1.0,0.0,1,0.7364166956394911,True,0.0,nan,0,-0.5,-4.75,0.5,rl,54
1,60,4.0,1.0,early,1.0,False,True,2,False,2,1,0.3,0.7,False,False,1.0,left,0.0,1.0,2,1.1588452144060284,True,nan,1.0,1,0.5,-4.25,0.5,rl,54
1,61,4.0,2.0,early,1.0,False,True,2,True,1,2,0.3,0.7,False,False,4.0,right,0.0,1.0,2,1.7166215993929654,True,nan,0.0,0,-0.25,-4.5,0.25,rl,54
1,62,4.0,3.0,early,1.0,False,True,2,True,1,2,0.3,0.7,False,False,4.0,right,0.0,1.0,2,0.6740317768417299,True,nan,1.0,1,0.75,-3.75,0.75,rl,54
1,63,4.0,4.0,early,1.0,False,True,2,True,1,2,0.3,0.7,False,False,1.0,left,1.0,0.0,1,0.5257569674868137,False,0.0,nan,0,-0.25,-4.0,0.25,rl,54
1,64,4.0,5.0,early,1.0,False,True,2,True,1,2,0.3,0.7,False,False,4.0,right,0.0,1.0,2,0.41399999475106597,True,nan,0.0,0,-0.5,-4.5,0.5,rl,54
1,65,4.0,6.0,late,2.0,False,True,2,True,1,2,0.3,0.7,False,False,4.0,right,0.0,1.0,2,0.46453272295184433,True,nan,1.0,1,0.75,-3.75,0.75,rl,54
1,66,4.0,7.0,late,2.0,False,True,2,True,1,2,0.3,0.7,False,False,1.0,left,1.0,0.0,1,0.4507069760002196,False,1.0,nan,1,0.25,-3.5,0.25,rl,54
1,67,4.0,8.0,late,2.0,False,True,2,True,1,2,0.3,0.7,False,False,4.0,right,0.0,1.0,2,0.5628352004569024,True,nan,1.0,1,0.5,-3.0,0.5,rl,54
1,68,4.0,9.0,late,2.0,False,True,2,True,1,2,0.3,0.7,False,False,1.0,left,1.0,0.0,1,0.5451878502499312,False,1.0,nan,1,0.75,-2.25,0.75,rl,54
1,69,4.0,10.0,late,2.0,False,True,2,False,2,1,0.3,0.7,False,False,4.0,right,1.0,0.0,1,0.5245874957181513,False,0.0,nan,0,-0.5,-2.75,0.5,rl,54
1,70,4.0,11.0,late,3.0,False,True,2,False,2,1,0.3,0.7,False,False,4.0,right,1.0,0.0,1,0.3965239010285586,False,1.0,nan,1,0.5,-2.25,0.5,rl,54
