sessNo,trialNo,block,blockTrialNo,trialClass,blockBin,stim1_High,stim2_High,stimHigh,stim1_left,leftStim,rightStim,stim1_pWin,stim2_pWin,reverseStatus,reverseTrial,responseKey,response_LR,selected_stim1,selected_stim2,response_stimID,RT,highChosen,stim1_isWin,stim2_isWin,isWin,payOut,accum_payOut,abs_outMag,instructCond,subID
1,1,1.0,1.0,early,1.0,False,True,2,False,2,1,0.3,0.7,False,False,4.0,right,1.0,0.0,1,2.2483945426065475,False,0.0,nan,0,-0.25,-0.25,0.25,rl,56
1,2,1.0,2.0,early,1.0,False,True,2,True,1,2,0.3,0.7,False,False,1.0,left,1.0,0.0,1,0.6776337376795709,False,1.0,nan,1,0.5,0.25,0.5,rl,56
1,3,1.0,3.0,early,1.0,False,True,2,False,2,1,0.3,0.7,False,False,1.0,left,0.0,1.0,2,0.9731769307982177,True,nan,1.0,1,0.5,0.75,0.5,rl,56
1,4,1.0,4.0,early,1.0,False,True,2,False,2,1,0.3,0.7,False,False,4.0,right,1.0,0.0,1,0.41640052013099194,False,0.0,nan,0,-0.25,0.5,0.25,rl,56
1,5,1.0,5.0,early,1.0,False,True,2,True,1,2,0.3,0.7,False,False,1.0,left,1.0,0.0,1,0.6316448817960918,False,1.0,nan,1,0.25,0.75,0.25,rl,56
1,6,1.0,6.0,early,2.0,False,True,2,True,1,2,0.3,0.7,False,False,1.0,left,1.0,0.0,1,0.49734772159717977,False,0.0,nan,0,-0.75,0.0,0.75,rl,56
1,7,1.0,7.0,early,2.0,False,True,2,False,2,1,0.3,0.7,False,False,1.0,left,0.0,1.0,2,0.8665013532154262,True,nan,1.0,1,0.5,0.5,0.5,rl,56
1,8,1.0,8.0,early,2.0,False,True,2,False,2,1,0.3,0.7,False,False,1.0,left,0.0,1.0,2,0.5619560440536588,True,nan,1.0,1,0.5,1.0,0.5,rl,56
1,9,1.0,9.0,early,2.0,False,True,2,False,2,1,0.3,0.7,False,False,4.0,right,1.0,0.0,1,0.49042942305095494,False,0.0,nan,0,-0.75,0.25,0.75,rl,56
1,10,1.0,10.0,early,2.0,False,True,2,False,2,1,0.3,0.7,False,False,1.0,left,0.0,1.0,2,1.2679239560384303,True,nan,1.0,1,0.75,1.0,0.75,rl,56
1,11,1.0,11.0,early,3.0,False,True,2,True,1,2,0.3,0.7,False,False,4.0,right,0.0,1.0,2,1.3758798530325294,True,nan,1.0,1,0.75,1.75,0.75,rl,56
1,12,1.0,12.0,early,3.0,False,True,2,True,1,2,0.3,0.7,False,False,4.0,right,0.0,1.0,2,1.2873398831579834,True,nan,1.0,1,0.25,2.0,0.25,rl,56
1,13,1.0,13.0,early,3.0,False,True,2,False,2,1,0.3,0.7,False,False,4.0,right,1.0,0.0,1,0.6321680354885757,False,1.0,nan,1,0.5,2.5,0.5,rl,56
1,14,1.0,14.0,early,3.0,False,True,2,False,2,1,0.3,0.7,False,False,1.0,left,0.0,1.0,2,1.231909919064492,True,nan,0.0,0,-0.5,2.0,0.5,rl,56
1,15,1.0,15.0,early,3.0,False,True,2,True,1,2,0.3,0.7,False,False,4.0,right,0.0,1.0,2,0.7520160044077784,True,nan,0.0,0,-0.75,1.25,0.75,rl,56
1,16,1.0,16.0,early,4.0,False,True,2,True,1,2,0.3,0.7,False,False,4.0,right,0.0,1.0,2,1.3750564134679735,True,nan,1.0,1,0.25,1.5,0.25,rl,56
1,17,1.0,17.0,early,4.0,False,True,2,True,1,2,0.3,0.7,False,False,1.0,left,1.0,0.0,1,1.3702714915852994,False,0.0,nan,0,-0.5,1.0,0.5,rl,56
1,18,1.0,18.0,early,4.0,False,True,2,True,1,2,0.3,0.7,False,False,4.0,right,0.0,1.0,2,1.074184031225741,True,nan,1.0,1,0.75,1.75,0.75,rl,56
1,19,1.0,19.0,early,4.0,False,True,2,False,2,1,0.3,0.7,False,False,4.0,right,1.0,0.0,1,0.8398759327828884,False,1.0,nan,1,0.5,2.25,0.5,rl,56
1,20,1.0,20.0,late,4.0,False,True,2,True,1,2,0.3,0.7,False,False,4.0,right,0.0,1.0,2,0.376811500871554,True,nan,0.0,0,-0.25,2.0,0.25,rl,56
1,21,1.0,21.0,late,5.0,False,True,2,True,1,2,0.3,0.7,False,False,4.0,right,0.0,1.0,2,0.6769885928370059,True,nan,1.0,1,0.5,2.5,0.5,rl,56
1,22,1.0,22.0,late,5.0,False,True,2,True,1,2,0.3,0.7,False,False,1.0,left,1.0,0.0,1,0.3415886457078159,False,1.0,nan,1,0.5,3.0,0.5,rl,56
1,23,1.0,23.0,late,5.0,False,True,2,True,1,2,0.3,0.7,False,False,1.0,left,1.0,0.0,1,0.4360533910803497,False,1.0,nan,1,0.75,3.75,0.75,rl,56
1,24,1.0,24.0,late,5.0,False,True,2,False,2,1,0.3,0.7,False,False,1.0,left,0.0,1.0,2,0.8334253642242402,True,nan,1.0,1,0.75,4.5,0.75,rl,56
1,25,1.0,25.0,late,5.0,False,True,2,True,1,2,0.3,0.7,False,False,1.0,left,1.0,0.0,1,0.3840066250413656,False,0.0,nan,0,-0.75,3.75,0.75,rl,56
1,26,1.0,26.0,late,6.0,False,True,2,True,1,2,0.3,0.7,False,False,4.0,right,0.0,1.0,2,0.39101260458119214,True,nan,1.0,1,0.5,4.25,0.5,rl,56
1,27,1.0,27.0,late,6.0,False,True,2,False,2,1,0.3,0.7,False,False,4.0,right,1.0,0.0,1,0.34104760363698006,False,0.0,nan,0,-0.25,4.0,0.25,rl,56
1,28,1.0,28.0,late,6.0,False,True,2,False,2,1,0.3,0.7,False,False,4.0,right,1.0,0.0,1,0.487510435981676,False,0.0,nan,0,-0.25,3.75,0.25,rl,56
1,29,1.0,29.0,late,6.0,False,True,2,False,2,1,0.3,0.7,False,False,4.0,right,1.0,0.0,1,0.6998319984413683,False,1.0,nan,1,0.5,4.25,0.5,rl,56
1,30,1.0,30.0,late,6.0,False,True,2,True,1,2,0.3,0.7,False,False,1.0,left,1.0,0.0,1,0.3322695286478847,False,0.0,nan,0,-0.25,4.0,0.25,rl,56
1,31,1.0,31.0,late,7.0,False,True,2,False,2,1,0.3,0.7,False,False,1.0,left,0.0,1.0,2,0.294965788256377,True,nan,1.0,1,0.75,4.75,0.75,rl,56
1,32,1.0,32.0,late,7.0,False,True,2,False,2,1,0.3,0.7,False,False,1.0,left,0.0,1.0,2,0.7466510385274887,True,nan,1.0,1,0.25,5.0,0.25,rl,56
1,33,1.0,33.0,late,7.0,False,True,2,False,2,1,0.3,0.7,False,False,4.0,right,1.0,0.0,1,0.35317661985754967,False,0.0,nan,0,-0.75,4.25,0.75,rl,56
1,34,1.0,34.0,late,7.0,False,True,2,False,2,1,0.3,0.7,False,False,1.0,left,0.0,1.0,2,0.4685613594483584,True,nan,1.0,1,0.25,4.5,0.25,rl,56
1,35,1.0,35.0,late,7.0,False,True,2,False,2,1,0.3,0.7,False,False,1.0,left,0.0,1.0,2,0.5351391327567399,True,nan,0.0,0,-0.5,4.0,0.5,rl,56
1,36,1.0,36.0,late,8.0,False,True,2,False,2,1,0.3,0.7,False,False,1.0,left,0.0,1.0,2,0.3987355746794492,True,nan,1.0,1,0.5,4.5,0.5,rl,56
1,37,1.0,37.0,late,8.0,False,True,2,False,2,1,0.3,0.7,True,False,1.0,left,0.0,1.0,2,0.6193481280934066,True,nan,1.0,1,0.5,5.0,0.5,rl,56
1,38,1.0,38.0,late,8.0,False,True,2,True,1,2,0.3,0.7,True,True,4.0,right,0.0,1.0,2,0.8149419648107141,True,nan,1.0,1,0.25,5.25,0.25,rl,56
1,39,2.0,1.0,early,1.0,True,False,1,False,2,1,0.7,0.3,False,False,4.0,right,1.0,0.0,1,0.4092578871641308,True,0.0,nan,0,-0.5,4.75,0.5,rl,56
1,40,2.0,2.0,early,1.0,True,False,1,False,2,1,0.7,0.3,False,False,1.0,left,0.0,1.0,2,0.5066988025791943,False,nan,1.0,1,0.5,5.25,0.5,rl,56
1,41,2.0,3.0,early,1.0,True,False,1,False,2,1,0.7,0.3,False,False,1.0,left,0.0,1.0,2,0.4751787856221199,False,nan,0.0,0,-0.5,4.75,0.5,rl,56
1,42,2.0,4.0,early,1.0,True,False,1,True,1,2,0.7,0.3,False,False,1.0,left,1.0,0.0,1,0.8417538907378912,True,1.0,nan,1,0.5,5.25,0.5,rl,56
1,43,2.0,5.0,early,1.0,True,False,1,False,2,1,0.7,0.3,False,False,1.0,left,0.0,1.0,2,0.6225228272378445,False,nan,1.0,1,0.5,5.75,0.5,rl,56
1,44,2.0,6.0,early,2.0,True,False,1,False,2,1,0.7,0.3,False,False,4.0,right,1.0,0.0,1,0.7247190466150641,True,0.0,nan,0,-0.75,5.0,0.75,rl,56
1,45,2.0,7.0,early,2.0,True,False,1,False,2,1,0.7,0.3,False,False,1.0,left,0.0,1.0,2,0.4344346639700234,False,nan,0.0,0,-0.75,4.25,0.75,rl,56
1,46,2.0,8.0,early,2.0,True,False,1,False,2,1,0.7,0.3,False,False,1.0,left,0.0,1.0,2,0.3438877072185278,False,nan,0.0,0,-0.25,4.0,0.25,rl,56
1,47,2.0,9.0,late,2.0,True,False,1,True,1,2,0.7,0.3,False,False,1.0,left,1.0,0.0,1,0.5066401532385498,True,1.0,nan,1,0.25,4.25,0.25,rl,56
1,48,2.0,10.0,late,2.0,True,False,1,False,2,1,0.7,0.3,False,False,1.0,left,0.0,1.0,2,0.536054065451026,False,nan,0.0,0,-0.5,3.75,0.5,rl,56
1,49,2.0,11.0,late,3.0,True,False,1,False,2,1,0.7,0.3,False,False,4.0,right,1.0,0.0,1,0.4814290660433471,True,1.0,nan,1,0.75,4.5,0.75,rl,56
1,50,2.0,12.0,late,3.0,True,False,1,True,1,2,0.7,0.3,False,False,4.0,right,0.0,1.0,2,0.5153000494465232,False,nan,0.0,0,-0.25,4.25,0.25,rl,56
1,51,2.0,13.0,late,3.0,True,False,1,True,1,2,0.7,0.3,False,False,1.0,left,1.0,0.0,1,0.41565508441999555,True,1.0,nan,1,0.5,4.75,0.5,rl,56
1,52,2.0,14.0,late,3.0,True,False,1,True,1,2,0.7,0.3,False,False,1.0,left,1.0,0.0,1,0.42534633283503354,True,1.0,nan,1,0.5,5.25,0.5,rl,56
1,53,2.0,15.0,late,3.0,True,False,1,True,1,2,0.7,0.3,False,False,1.0,left,1.0,0.0,1,0.44674608018249273,True,0.0,nan,0,-0.25,5.0,0.25,rl,56
1,54,2.0,16.0,late,4.0,True,False,1,False,2,1,0.7,0.3,True,True,4.0,right,1.0,0.0,1,0.36007908289320767,True,1.0,nan,1,0.75,5.75,0.75,rl,56
1,55,3.0,1.0,early,1.0,False,True,2,True,1,2,0.3,0.7,False,False,4.0,right,0.0,1.0,2,0.9858537332620472,True,nan,1.0,1,0.5,6.25,0.5,rl,56
1,56,3.0,2.0,early,1.0,False,True,2,False,2,1,0.3,0.7,False,False,4.0,right,1.0,0.0,1,0.3640566940885037,False,0.0,nan,0,-0.5,5.75,0.5,rl,56
1,57,3.0,3.0,early,1.0,False,True,2,True,1,2,0.3,0.7,False,False,4.0,right,0.0,1.0,2,0.39489725627936423,True,nan,1.0,1,0.75,6.5,0.75,rl,56
1,58,3.0,4.0,early,1.0,False,True,2,False,2,1,0.3,0.7,False,False,4.0,right,1.0,0.0,1,0.3873452495317906,False,0.0,nan,0,-0.25,6.25,0.25,rl,56
1,59,3.0,5.0,early,1.0,False,True,2,True,1,2,0.3,0.7,False,False,4.0,right,0.0,1.0,2,0.2927881311625242,True,nan,0.0,0,-0.75,5.5,0.75,rl,56
1,60,3.0,6.0,early,2.0,False,True,2,False,2,1,0.3,0.7,False,False,4.0,right,1.0,0.0,1,0.4980940369423479,False,0.0,nan,0,-0.25,5.25,0.25,rl,56
1,61,3.0,7.0,early,2.0,False,True,2,False,2,1,0.3,0.7,False,False,1.0,left,0.0,1.0,2,0.6987786528188735,True,nan,0.0,0,-0.25,5.0,0.25,rl,56
1,62,3.0,8.0,early,2.0,False,True,2,True,1,2,0.3,0.7,False,False,4.0,right,0.0,1.0,2,0.3092132252641022,True,nan,1.0,1,0.5,5.5,0.5,rl,56
1,63,3.0,9.0,late,2.0,False,True,2,False,2,1,0.3,0.7,False,False,4.0,right,1.0,0.0,1,0.31680511380545795,False,0.0,nan,0,-0.75,4.75,0.75,rl,56
1,64,3.0,10.0,late,2.0,False,True,2,True,1,2,0.3,0.7,False,False,4.0,right,0.0,1.0,2,0.3242682663258165,True,nan,1.0,1,0.75,5.5,0.75,rl,56
1,65,3.0,11.0,late,3.0,False,True,2,False,2,1,0.3,0.7,False,False,1.0,left,0.0,1.0,2,0.3637326555326581,True,nan,1.0,1,0.5,6.0,0.5,rl,56
1,66,3.0,12.0,late,3.0,False,True,2,False,2,1,0.3,0.7,False,False,4.0,right,1.0,0.0,1,0.4296239363029599,False,1.0,nan,1,0.25,6.25,0.25,rl,56
1,67,3.0,13.0,late,3.0,False,True,2,False,2,1,0.3,0.7,False,False,4.0,right,1.0,0.0,1,0.3037274417001754,False,0.0,nan,0,-0.75,5.5,0.75,rl,56
1,68,3.0,14.0,late,3.0,False,True,2,True,1,2,0.3,0.7,False,False,4.0,right,0.0,1.0,2,0.5506976800970733,True,nan,1.0,1,0.25,5.75,0.25,rl,56
1,69,3.0,15.0,late,3.0,False,True,2,True,1,2,0.3,0.7,False,False,4.0,right,0.0,1.0,2,0.3100111521780491,True,nan,0.0,0,-0.5,5.25,0.5,rl,56
1,70,3.0,16.0,late,4.0,False,True,2,True,1,2,0.3,0.7,False,False,4.0,right,0.0,1.0,2,0.27947674063034356,True,nan,0.0,0,-0.5,4.75,0.5,rl,56
