sessNo,trialNo,block,blockTrialNo,trialClass,blockBin,stim1_High,stim2_High,stimHigh,stim1_left,leftStim,rightStim,stim1_pWin,stim2_pWin,reverseStatus,reverseTrial,responseKey,response_LR,selected_stim1,selected_stim2,response_stimID,RT,highChosen,stim1_isWin,stim2_isWin,isWin,payOut,accum_payOut,abs_outMag,instructCond,subID
1,1,1.0,1.0,early,1.0,False,True,2,False,2,1,0.3,0.7,False,False,1.0,left,0.0,1.0,2,0.8793681804090738,True,nan,1.0,1,0.5,0.5,0.5,hm,57
1,2,1.0,2.0,early,1.0,False,True,2,False,2,1,0.3,0.7,False,False,1.0,left,0.0,1.0,2,1.9332603537477553,True,nan,0.0,0,-0.5,0.0,0.5,hm,57
1,3,1.0,3.0,early,1.0,False,True,2,False,2,1,0.3,0.7,False,False,4.0,right,1.0,0.0,1,0.581153794657439,False,1.0,nan,1,0.75,0.75,0.75,hm,57
1,4,1.0,4.0,early,1.0,False,True,2,True,1,2,0.3,0.7,False,False,1.0,left,1.0,0.0,1,1.7492556641809642,False,0.0,nan,0,-0.75,0.0,0.75,hm,57
1,5,1.0,5.0,early,1.0,False,True,2,False,2,1,0.3,0.7,False,False,4.0,right,1.0,0.0,1,0.07012519030831754,False,1.0,nan,1,0.25,0.25,0.25,hm,57
1,6,1.0,6.0,early,2.0,False,True,2,True,1,2,0.3,0.7,False,False,4.0,right,0.0,1.0,2,1.81295931735076,True,nan,0.0,0,-0.25,0.0,0.25,hm,57
1,7,1.0,7.0,late,2.0,False,True,2,False,2,1,0.3,0.7,False,False,1.0,left,0.0,1.0,2,1.1890922433231026,True,nan,1.0,1,0.75,0.75,0.75,hm,57
1,8,1.0,8.0,late,2.0,False,True,2,False,2,1,0.3,0.7,False,False,1.0,left,0.0,1.0,2,1.0875916068907827,True,nan,1.0,1,0.5,1.25,0.5,hm,57
1,9,1.0,9.0,late,2.0,False,True,2,False,2,1,0.3,0.7,True,False,1.0,left,0.0,1.0,2,0.9779577471781522,True,nan,1.0,1,0.5,1.75,0.5,hm,57
1,10,1.0,10.0,late,2.0,False,True,2,True,1,2,0.3,0.7,True,False,4.0,right,0.0,1.0,2,1.345217291964218,True,nan,1.0,1,0.25,2.0,0.25,hm,57
1,11,1.0,11.0,late,3.0,False,True,2,True,1,2,0.3,0.7,True,False,4.0,right,0.0,1.0,2,1.129343034233898,True,nan,1.0,1,0.25,2.25,0.25,hm,57
1,12,1.0,12.0,late,3.0,False,True,2,False,2,1,0.3,0.7,True,True,1.0,left,0.0,1.0,2,1.0424487702548504,True,nan,0.0,0,-0.75,1.5,0.75,hm,57
1,13,2.0,1.0,early,1.0,True,False,1,True,1,2,0.7,0.3,False,False,1.0,left,1.0,0.0,1,1.9422645228914917,True,1.0,nan,1,0.75,2.25,0.75,hm,57
1,14,2.0,2.0,early,1.0,True,False,1,False,2,1,0.7,0.3,False,False,4.0,right,1.0,0.0,1,1.5042812689207494,True,1.0,nan,1,0.75,3.0,0.75,hm,57
1,15,2.0,3.0,early,1.0,True,False,1,False,2,1,0.7,0.3,False,False,4.0,right,1.0,0.0,1,1.544445933541283,True,0.0,nan,0,-0.5,2.5,0.5,hm,57
1,16,2.0,4.0,early,1.0,True,False,1,False,2,1,0.7,0.3,False,False,1.0,left,0.0,1.0,2,1.0918970690108836,False,nan,0.0,0,-0.5,2.0,0.5,hm,57
1,17,2.0,5.0,early,1.0,True,False,1,True,1,2,0.7,0.3,False,False,4.0,right,0.0,1.0,2,1.177064397605136,False,nan,1.0,1,0.25,2.25,0.25,hm,57
1,18,2.0,6.0,early,2.0,True,False,1,True,1,2,0.7,0.3,False,False,4.0,right,0.0,1.0,2,0.7111929988022894,False,nan,1.0,1,0.25,2.5,0.25,hm,57
1,19,2.0,7.0,early,2.0,True,False,1,True,1,2,0.7,0.3,False,False,4.0,right,0.0,1.0,2,0.9924591367598623,False,nan,1.0,1,0.5,3.0,0.5,hm,57
1,20,2.0,8.0,late,2.0,True,False,1,True,1,2,0.7,0.3,False,False,4.0,right,0.0,1.0,2,0.6888985531404614,False,nan,0.0,0,-0.75,2.25,0.75,hm,57
1,21,2.0,9.0,late,2.0,True,False,1,False,2,1,0.7,0.3,False,False,4.0,right,1.0,0.0,1,0.9133673131000251,True,1.0,nan,1,0.25,2.5,0.25,hm,57
1,22,2.0,10.0,late,2.0,True,False,1,True,1,2,0.7,0.3,False,False,4.0,right,0.0,1.0,2,0.7601723945699632,False,nan,1.0,1,0.75,3.25,0.75,hm,57
1,23,2.0,11.0,late,3.0,True,False,1,True,1,2,0.7,0.3,False,False,1.0,left,1.0,0.0,1,1.1965899989008904,True,1.0,nan,1,0.5,3.75,0.5,hm,57
1,24,2.0,12.0,late,3.0,True,False,1,True,1,2,0.7,0.3,False,False,1.0,left,1.0,0.0,1,0.7814677455462515,True,0.0,nan,0,-0.25,3.5,0.25,hm,57
1,25,2.0,13.0,late,3.0,True,False,1,False,2,1,0.7,0.3,False,False,4.0,right,1.0,0.0,1,1.9297745188232511,True,1.0,nan,1,0.5,4.0,0.5,hm,57
1,26,2.0,14.0,late,3.0,True,False,1,True,1,2,0.7,0.3,True,True,1.0,left,1.0,0.0,1,1.004306928254664,True,1.0,nan,1,0.5,4.5,0.5,hm,57
1,27,3.0,1.0,early,1.0,False,True,2,True,1,2,0.3,0.7,False,False,1.0,left,1.0,0.0,1,1.5190750265028328,False,0.0,nan,0,-0.75,3.75,0.75,hm,57
1,28,3.0,2.0,early,1.0,False,True,2,False,2,1,0.3,0.7,False,False,1.0,left,0.0,1.0,2,1.2083999617025256,True,nan,1.0,1,0.5,4.25,0.5,hm,57
1,29,3.0,3.0,early,1.0,False,True,2,True,1,2,0.3,0.7,False,False,4.0,right,0.0,1.0,2,0.8135065175592899,True,nan,1.0,1,0.25,4.5,0.25,hm,57
1,30,3.0,4.0,early,1.0,False,True,2,True,1,2,0.3,0.7,False,False,4.0,right,0.0,1.0,2,0.8262630836106837,True,nan,0.0,0,-0.75,3.75,0.75,hm,57
1,31,3.0,5.0,early,1.0,False,True,2,False,2,1,0.3,0.7,False,False,4.0,right,1.0,0.0,1,0.7346624881029129,False,0.0,nan,0,-0.5,3.25,0.5,hm,57
1,32,3.0,6.0,early,2.0,False,True,2,False,2,1,0.3,0.7,False,False,1.0,left,0.0,1.0,2,1.084796077106148,True,nan,0.0,0,-0.25,3.0,0.25,hm,57
1,33,3.0,7.0,late,2.0,False,True,2,False,2,1,0.3,0.7,False,False,4.0,right,1.0,0.0,1,0.6311707003042102,False,0.0,nan,0,-0.5,2.5,0.5,hm,57
1,34,3.0,8.0,late,2.0,False,True,2,True,1,2,0.3,0.7,False,False,4.0,right,0.0,1.0,2,0.8470607935450971,True,nan,1.0,1,0.75,3.25,0.75,hm,57
1,35,3.0,9.0,late,2.0,False,True,2,True,1,2,0.3,0.7,False,False,4.0,right,0.0,1.0,2,0.7802463690750301,True,nan,1.0,1,0.75,4.0,0.75,hm,57
1,36,3.0,10.0,late,2.0,False,True,2,False,2,1,0.3,0.7,False,False,1.0,left,0.0,1.0,2,1.0566962074954063,True,nan,1.0,1,0.5,4.5,0.5,hm,57
1,37,3.0,11.0,late,3.0,False,True,2,True,1,2,0.3,0.7,True,False,4.0,right,0.0,1.0,2,0.6769152809865773,True,nan,0.0,0,-0.25,4.25,0.25,hm,57
1,38,3.0,12.0,late,3.0,False,True,2,False,2,1,0.3,0.7,True,True,4.0,right,1.0,0.0,1,0.6198349192272872,False,0.0,nan,0,-0.75,3.5,0.75,hm,57
1,39,4.0,1.0,early,1.0,True,False,1,True,1,2,0.7,0.3,False,False,4.0,right,0.0,1.0,2,0.6191352303139865,False,nan,0.0,0,-0.75,2.75,0.75,hm,57
1,40,4.0,2.0,early,1.0,True,False,1,False,2,1,0.7,0.3,False,False,4.0,right,1.0,0.0,1,0.49411525297909975,True,1.0,nan,1,0.25,3.0,0.25,hm,57
1,41,4.0,3.0,early,1.0,True,False,1,True,1,2,0.7,0.3,False,False,1.0,left,1.0,0.0,1,0.5989897032268345,True,1.0,nan,1,0.5,3.5,0.5,hm,57
1,42,4.0,4.0,early,1.0,True,False,1,True,1,2,0.7,0.3,False,False,4.0,right,0.0,1.0,2,0.6437181809451431,False,nan,1.0,1,0.25,3.75,0.25,hm,57
1,43,4.0,5.0,early,1.0,True,False,1,False,2,1,0.7,0.3,False,False,1.0,left,0.0,1.0,2,0.715913113206625,False,nan,0.0,0,-0.75,3.0,0.75,hm,57
1,44,4.0,6.0,early,2.0,True,False,1,False,2,1,0.7,0.3,False,False,4.0,right,1.0,0.0,1,1.8405011368449777,True,0.0,nan,0,-0.5,2.5,0.5,hm,57
1,45,4.0,7.0,early,2.0,True,False,1,True,1,2,0.7,0.3,False,False,4.0,right,0.0,1.0,2,1.016300757182762,False,nan,0.0,0,-0.5,2.0,0.5,hm,57
1,46,4.0,8.0,early,2.0,True,False,1,True,1,2,0.7,0.3,False,False,1.0,left,1.0,0.0,1,1.7246257939841598,True,0.0,nan,0,-0.25,1.75,0.25,hm,57
1,47,4.0,9.0,early,2.0,True,False,1,True,1,2,0.7,0.3,False,False,4.0,right,0.0,1.0,2,0.8874377692118287,False,nan,0.0,0,-0.75,1.0,0.75,hm,57
1,48,4.0,10.0,late,2.0,True,False,1,False,2,1,0.7,0.3,False,False,4.0,right,1.0,0.0,1,0.4964401200413704,True,0.0,nan,0,-0.5,0.5,0.5,hm,57
1,49,4.0,11.0,late,3.0,True,False,1,True,1,2,0.7,0.3,False,False,4.0,right,0.0,1.0,2,0.6871971301734447,False,nan,0.0,0,-0.75,-0.25,0.75,hm,57
1,50,4.0,12.0,late,3.0,True,False,1,True,1,2,0.7,0.3,False,False,1.0,left,1.0,0.0,1,0.6698773375246674,True,1.0,nan,1,0.25,0.0,0.25,hm,57
1,51,4.0,13.0,late,3.0,True,False,1,True,1,2,0.7,0.3,False,False,1.0,left,1.0,0.0,1,0.6254664470907301,True,1.0,nan,1,0.5,0.5,0.5,hm,57
1,52,4.0,14.0,late,3.0,True,False,1,False,2,1,0.7,0.3,False,False,4.0,right,1.0,0.0,1,0.8120153534691781,True,1.0,nan,1,0.25,0.75,0.25,hm,57
1,53,4.0,15.0,late,3.0,True,False,1,False,2,1,0.7,0.3,True,False,4.0,right,1.0,0.0,1,0.7139709338080138,True,1.0,nan,1,0.5,1.25,0.5,hm,57
1,54,4.0,16.0,late,4.0,True,False,1,True,1,2,0.7,0.3,True,False,1.0,left,1.0,0.0,1,0.538137296680361,True,0.0,nan,0,-0.75,0.5,0.75,hm,57
1,55,4.0,17.0,late,4.0,True,False,1,True,1,2,0.7,0.3,True,False,4.0,right,0.0,1.0,2,0.9890433880500495,False,nan,0.0,0,-0.25,0.25,0.25,hm,57
1,56,4.0,18.0,late,4.0,True,False,1,False,2,1,0.7,0.3,True,True,1.0,left,0.0,1.0,2,0.9787641782313585,False,nan,0.0,0,-0.75,-0.5,0.75,hm,57
1,57,5.0,1.0,early,1.0,False,True,2,False,2,1,0.3,0.7,False,False,4.0,right,1.0,0.0,1,0.6846209496725351,False,0.0,nan,0,-0.75,-1.25,0.75,hm,57
1,58,5.0,2.0,early,1.0,False,True,2,True,1,2,0.3,0.7,False,False,4.0,right,0.0,1.0,2,0.7801179264206439,True,nan,1.0,1,0.25,-1.0,0.25,hm,57
1,59,5.0,3.0,early,1.0,False,True,2,True,1,2,0.3,0.7,False,False,4.0,right,0.0,1.0,2,0.586074196966365,True,nan,0.0,0,-0.75,-1.75,0.75,hm,57
1,60,5.0,4.0,early,1.0,False,True,2,False,2,1,0.3,0.7,False,False,4.0,right,1.0,0.0,1,0.5615413917694241,False,0.0,nan,0,-0.5,-2.25,0.5,hm,57
1,61,5.0,5.0,early,1.0,False,True,2,False,2,1,0.3,0.7,False,False,1.0,left,0.0,1.0,2,0.5994204839225858,True,nan,1.0,1,0.25,-2.0,0.25,hm,57
1,62,5.0,6.0,early,2.0,False,True,2,False,2,1,0.3,0.7,False,False,1.0,left,0.0,1.0,2,0.7310828140471131,True,nan,1.0,1,0.5,-1.5,0.5,hm,57
1,63,5.0,7.0,early,2.0,False,True,2,True,1,2,0.3,0.7,False,False,4.0,right,0.0,1.0,2,0.8758160716388375,True,nan,1.0,1,0.75,-0.75,0.75,hm,57
1,64,5.0,8.0,late,2.0,False,True,2,True,1,2,0.3,0.7,False,False,1.0,left,1.0,0.0,1,0.912133620120585,False,0.0,nan,0,-0.5,-1.25,0.5,hm,57
1,65,5.0,9.0,late,2.0,False,True,2,False,2,1,0.3,0.7,False,False,1.0,left,0.0,1.0,2,0.7938073133118451,True,nan,0.0,0,-0.5,-1.75,0.5,hm,57
1,66,5.0,10.0,late,2.0,False,True,2,True,1,2,0.3,0.7,False,False,1.0,left,1.0,0.0,1,1.1050703397486359,False,0.0,nan,0,-0.25,-2.0,0.25,hm,57
1,67,5.0,11.0,late,3.0,False,True,2,False,2,1,0.3,0.7,False,False,1.0,left,0.0,1.0,2,1.1690948060713708,True,nan,0.0,0,-0.25,-2.25,0.25,hm,57
1,68,5.0,12.0,late,3.0,False,True,2,False,2,1,0.3,0.7,False,False,1.0,left,0.0,1.0,2,0.804310857784003,True,nan,1.0,1,0.5,-1.75,0.5,hm,57
1,69,5.0,13.0,late,3.0,False,True,2,False,2,1,0.3,0.7,False,False,1.0,left,0.0,1.0,2,0.572086870437488,True,nan,1.0,1,0.75,-1.0,0.75,hm,57
1,70,5.0,14.0,late,3.0,False,True,2,False,2,1,0.3,0.7,False,False,4.0,right,1.0,0.0,1,0.9713177406229079,False,1.0,nan,1,0.75,-0.25,0.75,hm,57
