sessNo,trialNo,block,blockTrialNo,trialClass,blockBin,stim1_High,stim2_High,stimHigh,stim1_left,leftStim,rightStim,stim1_pWin,stim2_pWin,reverseStatus,reverseTrial,responseKey,response_LR,selected_stim1,selected_stim2,response_stimID,RT,highChosen,stim1_isWin,stim2_isWin,isWin,payOut,accum_payOut,abs_outMag,instructCond,subID
1,1,1.0,1.0,early,1.0,False,True,2,False,2,1,0.3,0.7,False,False,4.0,right,1.0,0.0,1,1.2235218631103635,False,0.0,nan,0,-0.5,-0.5,0.5,rl,50
1,2,1.0,2.0,early,1.0,False,True,2,False,2,1,0.3,0.7,False,False,4.0,right,1.0,0.0,1,0.5823024455457926,False,1.0,nan,1,0.25,-0.25,0.25,rl,50
1,3,1.0,3.0,early,1.0,False,True,2,True,1,2,0.3,0.7,False,False,4.0,right,0.0,1.0,2,0.9944183242041618,True,nan,1.0,1,0.75,0.5,0.75,rl,50
1,4,1.0,4.0,early,1.0,False,True,2,True,1,2,0.3,0.7,False,False,4.0,right,0.0,1.0,2,0.7713820789940655,True,nan,1.0,1,0.75,1.25,0.75,rl,50
1,5,1.0,5.0,early,1.0,False,True,2,True,1,2,0.3,0.7,False,False,1.0,left,1.0,0.0,1,1.704960313392803,False,0.0,nan,0,-0.5,0.75,0.5,rl,50
1,6,1.0,6.0,early,2.0,False,True,2,True,1,2,0.3,0.7,False,False,1.0,left,1.0,0.0,1,1.1522371715400368,False,0.0,nan,0,-0.75,0.0,0.75,rl,50
1,7,1.0,7.0,early,2.0,False,True,2,False,2,1,0.3,0.7,False,False,4.0,right,1.0,0.0,1,0.7097584314178675,False,0.0,nan,0,-0.5,-0.5,0.5,rl,50
1,8,1.0,8.0,early,2.0,False,True,2,True,1,2,0.3,0.7,False,False,1.0,left,1.0,0.0,1,0.6714904927648604,False,1.0,nan,1,0.25,-0.25,0.25,rl,50
1,9,1.0,9.0,early,2.0,False,True,2,False,2,1,0.3,0.7,False,False,4.0,right,1.0,0.0,1,1.5792063369881362,False,0.0,nan,0,-0.5,-0.75,0.5,rl,50
1,10,1.0,10.0,early,2.0,False,True,2,True,1,2,0.3,0.7,False,False,1.0,left,1.0,0.0,1,1.120204557897523,False,0.0,nan,0,-0.25,-1.0,0.25,rl,50
1,11,1.0,11.0,early,3.0,False,True,2,True,1,2,0.3,0.7,False,False,4.0,right,0.0,1.0,2,1.3671803681645542,True,nan,1.0,1,0.5,-0.5,0.5,rl,50
1,12,1.0,12.0,early,3.0,False,True,2,False,2,1,0.3,0.7,False,False,4.0,right,1.0,0.0,1,0.5077178382780403,False,0.0,nan,0,-0.25,-0.75,0.25,rl,50
1,13,1.0,13.0,early,3.0,False,True,2,False,2,1,0.3,0.7,False,False,4.0,right,1.0,0.0,1,0.47837019991129637,False,1.0,nan,1,0.75,0.0,0.75,rl,50
1,14,1.0,14.0,early,3.0,False,True,2,False,2,1,0.3,0.7,False,False,4.0,right,1.0,0.0,1,0.5056448706891388,False,0.0,nan,0,-0.25,-0.25,0.25,rl,50
1,15,1.0,15.0,early,3.0,False,True,2,True,1,2,0.3,0.7,False,False,4.0,right,0.0,1.0,2,0.7953146062791348,True,nan,0.0,0,-0.5,-0.75,0.5,rl,50
1,16,1.0,16.0,early,4.0,False,True,2,True,1,2,0.3,0.7,False,False,4.0,right,0.0,1.0,2,0.7077570161782205,True,nan,0.0,0,-0.25,-1.0,0.25,rl,50
1,17,1.0,17.0,early,4.0,False,True,2,False,2,1,0.3,0.7,False,False,4.0,right,1.0,0.0,1,0.5932939539197832,False,0.0,nan,0,-0.75,-1.75,0.75,rl,50
1,18,1.0,18.0,early,4.0,False,True,2,True,1,2,0.3,0.7,False,False,4.0,right,0.0,1.0,2,0.5859325581695884,True,nan,1.0,1,0.75,-1.0,0.75,rl,50
1,19,1.0,19.0,early,4.0,False,True,2,True,1,2,0.3,0.7,False,False,4.0,right,0.0,1.0,2,0.6492693587206304,True,nan,1.0,1,0.5,-0.5,0.5,rl,50
1,20,1.0,20.0,early,4.0,False,True,2,True,1,2,0.3,0.7,False,False,4.0,right,0.0,1.0,2,0.599822819698602,True,nan,0.0,0,-0.5,-1.0,0.5,rl,50
1,21,1.0,21.0,early,5.0,False,True,2,True,1,2,0.3,0.7,False,False,1.0,left,1.0,0.0,1,0.7531977922189981,False,1.0,nan,1,0.75,-0.25,0.75,rl,50
1,22,1.0,22.0,early,5.0,False,True,2,False,2,1,0.3,0.7,False,False,1.0,left,0.0,1.0,2,0.622689098585397,True,nan,1.0,1,0.75,0.5,0.75,rl,50
1,23,1.0,23.0,early,5.0,False,True,2,True,1,2,0.3,0.7,False,False,1.0,left,1.0,0.0,1,0.6203950222115964,False,0.0,nan,0,-0.25,0.25,0.25,rl,50
1,24,1.0,24.0,early,5.0,False,True,2,True,1,2,0.3,0.7,False,False,4.0,right,0.0,1.0,2,0.5204723516944796,True,nan,1.0,1,0.5,0.75,0.5,rl,50
1,25,1.0,25.0,early,5.0,False,True,2,True,1,2,0.3,0.7,False,False,4.0,right,0.0,1.0,2,0.6415073866955936,True,nan,1.0,1,0.75,1.5,0.75,rl,50
1,26,1.0,26.0,early,6.0,False,True,2,True,1,2,0.3,0.7,False,False,1.0,left,1.0,0.0,1,0.5660119522362947,False,0.0,nan,0,-0.5,1.0,0.5,rl,50
1,27,1.0,27.0,early,6.0,False,True,2,False,2,1,0.3,0.7,False,False,1.0,left,0.0,1.0,2,0.6295660492032766,True,nan,1.0,1,0.25,1.25,0.25,rl,50
1,28,1.0,28.0,early,6.0,False,True,2,True,1,2,0.3,0.7,False,False,1.0,left,1.0,0.0,1,0.6500930914189667,False,1.0,nan,1,0.25,1.5,0.25,rl,50
1,29,1.0,29.0,early,6.0,False,True,2,False,2,1,0.3,0.7,False,False,4.0,right,1.0,0.0,1,1.211606624769047,False,1.0,nan,1,0.5,2.0,0.5,rl,50
1,30,1.0,30.0,early,6.0,False,True,2,False,2,1,0.3,0.7,False,False,4.0,right,1.0,0.0,1,1.0511030950583518,False,0.0,nan,0,-0.5,1.5,0.5,rl,50
1,31,1.0,31.0,early,7.0,False,True,2,True,1,2,0.3,0.7,False,False,4.0,right,0.0,1.0,2,0.5865765302442014,True,nan,0.0,0,-0.5,1.0,0.5,rl,50
1,32,1.0,32.0,early,7.0,False,True,2,False,2,1,0.3,0.7,False,False,4.0,right,1.0,0.0,1,0.5991993753705174,False,1.0,nan,1,0.75,1.75,0.75,rl,50
1,33,1.0,33.0,early,7.0,False,True,2,False,2,1,0.3,0.7,False,False,4.0,right,1.0,0.0,1,0.45577077637426555,False,0.0,nan,0,-0.5,1.25,0.5,rl,50
1,34,1.0,34.0,early,7.0,False,True,2,True,1,2,0.3,0.7,False,False,1.0,left,1.0,0.0,1,0.5911529529839754,False,1.0,nan,1,0.25,1.5,0.25,rl,50
1,35,1.0,35.0,early,7.0,False,True,2,False,2,1,0.3,0.7,False,False,1.0,left,0.0,1.0,2,0.941689170897007,True,nan,1.0,1,0.5,2.0,0.5,rl,50
1,36,1.0,36.0,late,8.0,False,True,2,False,2,1,0.3,0.7,False,False,4.0,right,1.0,0.0,1,0.5789629414211959,False,0.0,nan,0,-0.5,1.5,0.5,rl,50
1,37,1.0,37.0,late,8.0,False,True,2,True,1,2,0.3,0.7,False,False,4.0,right,0.0,1.0,2,1.3695477563887835,True,nan,1.0,1,0.75,2.25,0.75,rl,50
1,38,1.0,38.0,late,8.0,False,True,2,True,1,2,0.3,0.7,False,False,4.0,right,0.0,1.0,2,0.8061738600954413,True,nan,0.0,0,-0.25,2.0,0.25,rl,50
1,39,1.0,39.0,late,8.0,False,True,2,True,1,2,0.3,0.7,False,False,4.0,right,0.0,1.0,2,1.0817049536854029,True,nan,1.0,1,0.25,2.25,0.25,rl,50
1,40,1.0,40.0,late,8.0,False,True,2,False,2,1,0.3,0.7,False,False,4.0,right,1.0,0.0,1,0.8451338631566614,False,0.0,nan,0,-0.75,1.5,0.75,rl,50
1,41,1.0,41.0,late,9.0,False,True,2,True,1,2,0.3,0.7,False,False,4.0,right,0.0,1.0,2,0.7710117073729634,True,nan,1.0,1,0.75,2.25,0.75,rl,50
1,42,1.0,42.0,late,9.0,False,True,2,False,2,1,0.3,0.7,False,False,4.0,right,1.0,0.0,1,0.6605259631760418,False,0.0,nan,0,-0.25,2.0,0.25,rl,50
1,43,1.0,43.0,late,9.0,False,True,2,False,2,1,0.3,0.7,False,False,1.0,left,0.0,1.0,2,0.5649800137616694,True,nan,1.0,1,0.5,2.5,0.5,rl,50
1,44,1.0,44.0,late,9.0,False,True,2,False,2,1,0.3,0.7,False,False,1.0,left,0.0,1.0,2,0.5905042891390622,True,nan,1.0,1,0.25,2.75,0.25,rl,50
1,45,1.0,45.0,late,9.0,False,True,2,True,1,2,0.3,0.7,False,False,4.0,right,0.0,1.0,2,0.475900175049901,True,nan,1.0,1,0.75,3.5,0.75,rl,50
1,46,1.0,46.0,late,10.0,False,True,2,False,2,1,0.3,0.7,False,False,4.0,right,1.0,0.0,1,0.5702141909860075,False,1.0,nan,1,0.75,4.25,0.75,rl,50
1,47,1.0,47.0,late,10.0,False,True,2,True,1,2,0.3,0.7,False,False,1.0,left,1.0,0.0,1,0.5447919655125588,False,1.0,nan,1,0.5,4.75,0.5,rl,50
1,48,1.0,48.0,late,10.0,False,True,2,True,1,2,0.3,0.7,False,False,1.0,left,1.0,0.0,1,0.6206052808556706,False,0.0,nan,0,-0.5,4.25,0.5,rl,50
1,49,1.0,49.0,late,10.0,False,True,2,True,1,2,0.3,0.7,False,False,4.0,right,0.0,1.0,2,0.4330517079215497,True,nan,1.0,1,0.5,4.75,0.5,rl,50
1,50,1.0,50.0,late,10.0,False,True,2,True,1,2,0.3,0.7,False,False,4.0,right,0.0,1.0,2,0.9463893445208669,True,nan,0.0,0,-0.25,4.5,0.25,rl,50
1,51,1.0,51.0,late,11.0,False,True,2,True,1,2,0.3,0.7,False,False,1.0,left,1.0,0.0,1,0.73353172512725,False,1.0,nan,1,0.25,4.75,0.25,rl,50
1,52,1.0,52.0,late,11.0,False,True,2,False,2,1,0.3,0.7,False,False,1.0,left,0.0,1.0,2,0.6614734462928027,True,nan,1.0,1,0.75,5.5,0.75,rl,50
1,53,1.0,53.0,late,11.0,False,True,2,False,2,1,0.3,0.7,False,False,1.0,left,0.0,1.0,2,0.7480419119819999,True,nan,1.0,1,0.5,6.0,0.5,rl,50
1,54,1.0,54.0,late,11.0,False,True,2,False,2,1,0.3,0.7,False,False,1.0,left,0.0,1.0,2,0.6485133664682508,True,nan,0.0,0,-0.5,5.5,0.5,rl,50
1,55,1.0,55.0,late,11.0,False,True,2,False,2,1,0.3,0.7,False,False,4.0,right,1.0,0.0,1,1.8249933212064207,False,0.0,nan,0,-0.75,4.75,0.75,rl,50
1,56,1.0,56.0,late,12.0,False,True,2,False,2,1,0.3,0.7,False,False,4.0,right,1.0,0.0,1,1.5218852187972516,False,0.0,nan,0,-0.25,4.5,0.25,rl,50
1,57,1.0,57.0,late,12.0,False,True,2,False,2,1,0.3,0.7,False,False,4.0,right,1.0,0.0,1,0.6679075930733234,False,1.0,nan,1,0.5,5.0,0.5,rl,50
1,58,1.0,58.0,late,12.0,False,True,2,True,1,2,0.3,0.7,False,False,4.0,right,0.0,1.0,2,0.7250577479135245,True,nan,1.0,1,0.25,5.25,0.25,rl,50
1,59,1.0,59.0,late,12.0,False,True,2,False,2,1,0.3,0.7,False,False,4.0,right,1.0,0.0,1,0.49634041590616107,False,0.0,nan,0,-0.5,4.75,0.5,rl,50
1,60,1.0,60.0,late,12.0,False,True,2,True,1,2,0.3,0.7,False,False,4.0,right,0.0,1.0,2,0.6318771340884268,True,nan,1.0,1,0.75,5.5,0.75,rl,50
1,61,1.0,61.0,late,13.0,False,True,2,False,2,1,0.3,0.7,False,False,4.0,right,1.0,0.0,1,0.6914553793612868,False,0.0,nan,0,-0.25,5.25,0.25,rl,50
1,62,1.0,62.0,late,13.0,False,True,2,False,2,1,0.3,0.7,False,False,4.0,right,1.0,0.0,1,0.5827936353161931,False,0.0,nan,0,-0.5,4.75,0.5,rl,50
1,63,1.0,63.0,late,13.0,False,True,2,True,1,2,0.3,0.7,False,False,4.0,right,0.0,1.0,2,0.5900559136644006,True,nan,0.0,0,-0.75,4.0,0.75,rl,50
1,64,1.0,64.0,late,13.0,False,True,2,False,2,1,0.3,0.7,False,False,4.0,right,1.0,0.0,1,0.8921619886532426,False,1.0,nan,1,0.25,4.25,0.25,rl,50
1,65,1.0,65.0,late,13.0,False,True,2,False,2,1,0.3,0.7,False,False,4.0,right,1.0,0.0,1,0.6133183699566871,False,1.0,nan,1,0.75,5.0,0.75,rl,50
1,66,1.0,66.0,late,14.0,False,True,2,True,1,2,0.3,0.7,False,False,4.0,right,0.0,1.0,2,0.695530935190618,True,nan,0.0,0,-0.5,4.5,0.5,rl,50
1,67,1.0,67.0,late,14.0,False,True,2,True,1,2,0.3,0.7,False,False,4.0,right,0.0,1.0,2,0.6773838908411562,True,nan,1.0,1,0.75,5.25,0.75,rl,50
1,68,1.0,68.0,late,14.0,False,True,2,True,1,2,0.3,0.7,False,False,4.0,right,0.0,1.0,2,0.5519214025698602,True,nan,1.0,1,0.5,5.75,0.5,rl,50
1,69,1.0,69.0,late,14.0,False,True,2,False,2,1,0.3,0.7,False,False,4.0,right,1.0,0.0,1,0.5522515994962305,False,0.0,nan,0,-0.25,5.5,0.25,rl,50
1,70,1.0,70.0,late,14.0,False,True,2,False,2,1,0.3,0.7,False,False,4.0,right,1.0,0.0,1,0.6220864746719599,False,0.0,nan,0,-0.5,5.0,0.5,rl,50
