sessNo,trialNo,block,blockTrialNo,trialClass,blockBin,stim1_High,stim2_High,stimHigh,stim1_left,leftStim,rightStim,stim1_pWin,stim2_pWin,reverseStatus,reverseTrial,responseKey,response_LR,selected_stim1,selected_stim2,response_stimID,RT,highChosen,stim1_isWin,stim2_isWin,isWin,payOut,accum_payOut,abs_outMag,instructCond,subID
1,1,1.0,1.0,early,1.0,False,True,2,True,1,2,0.3,0.7,False,False,4.0,right,0.0,1.0,2,1.1725548352114856,True,nan,0.0,0,-0.5,-0.5,0.5,hm,53
1,2,1.0,2.0,early,1.0,False,True,2,False,2,1,0.3,0.7,False,False,4.0,right,1.0,0.0,1,0.9717711014673114,False,0.0,nan,0,-0.25,-0.75,0.25,hm,53
1,3,1.0,3.0,early,1.0,False,True,2,False,2,1,0.3,0.7,False,False,1.0,left,0.0,1.0,2,0.6156276951078326,True,nan,1.0,1,0.75,0.0,0.75,hm,53
1,4,1.0,4.0,early,1.0,False,True,2,False,2,1,0.3,0.7,False,False,4.0,right,1.0,0.0,1,1.104222267633304,False,1.0,nan,1,0.75,0.75,0.75,hm,53
1,5,1.0,5.0,early,1.0,False,True,2,True,1,2,0.3,0.7,False,False,4.0,right,0.0,1.0,2,1.4504973040893674,True,nan,1.0,1,0.5,1.25,0.5,hm,53
1,6,1.0,6.0,early,2.0,False,True,2,True,1,2,0.3,0.7,False,False,4.0,right,0.0,1.0,2,0.8160085065755993,True,nan,1.0,1,0.5,1.75,0.5,hm,53
1,7,1.0,7.0,early,2.0,False,True,2,False,2,1,0.3,0.7,False,False,1.0,left,0.0,1.0,2,0.6137558952905238,True,nan,0.0,0,-0.25,1.5,0.25,hm,53
1,8,1.0,8.0,early,2.0,False,True,2,False,2,1,0.3,0.7,False,False,4.0,right,1.0,0.0,1,0.6213917708955705,False,0.0,nan,0,-0.75,0.75,0.75,hm,53
1,9,1.0,9.0,early,2.0,False,True,2,True,1,2,0.3,0.7,False,False,4.0,right,0.0,1.0,2,1.6605016235262156,True,nan,1.0,1,0.25,1.0,0.25,hm,53
1,10,1.0,10.0,early,2.0,False,True,2,True,1,2,0.3,0.7,False,False,1.0,left,1.0,0.0,1,1.1024026658851653,False,0.0,nan,0,-0.5,0.5,0.5,hm,53
1,11,1.0,11.0,early,3.0,False,True,2,True,1,2,0.3,0.7,False,False,4.0,right,0.0,1.0,2,0.6762396383564919,True,nan,1.0,1,0.75,1.25,0.75,hm,53
1,12,1.0,12.0,early,3.0,False,True,2,False,2,1,0.3,0.7,False,False,1.0,left,0.0,1.0,2,0.9314146530814469,True,nan,1.0,1,0.75,2.0,0.75,hm,53
1,13,1.0,13.0,early,3.0,False,True,2,False,2,1,0.3,0.7,False,False,4.0,right,1.0,0.0,1,1.7769505586475134,False,0.0,nan,0,-0.75,1.25,0.75,hm,53
1,14,1.0,14.0,early,3.0,False,True,2,True,1,2,0.3,0.7,False,False,1.0,left,1.0,0.0,1,1.0561841970775276,False,1.0,nan,1,0.5,1.75,0.5,hm,53
1,15,1.0,15.0,early,3.0,False,True,2,False,2,1,0.3,0.7,False,False,4.0,right,1.0,0.0,1,1.8041838814970106,False,1.0,nan,1,0.25,2.0,0.25,hm,53
1,16,1.0,16.0,early,4.0,False,True,2,False,2,1,0.3,0.7,False,False,1.0,left,0.0,1.0,2,1.0373711872380227,True,nan,1.0,1,0.25,2.25,0.25,hm,53
1,17,1.0,17.0,early,4.0,False,True,2,True,1,2,0.3,0.7,False,False,4.0,right,0.0,1.0,2,0.8035739264450967,True,nan,0.0,0,-0.5,1.75,0.5,hm,53
1,18,1.0,18.0,early,4.0,False,True,2,False,2,1,0.3,0.7,False,False,4.0,right,1.0,0.0,1,1.4414573586545885,False,0.0,nan,0,-0.5,1.25,0.5,hm,53
1,19,1.0,19.0,early,4.0,False,True,2,True,1,2,0.3,0.7,False,False,4.0,right,0.0,1.0,2,2.2940400056540966,True,nan,1.0,1,0.25,1.5,0.25,hm,53
1,20,1.0,20.0,early,4.0,False,True,2,False,2,1,0.3,0.7,False,False,1.0,left,0.0,1.0,2,1.6226193057373166,True,nan,1.0,1,0.5,2.0,0.5,hm,53
1,21,1.0,21.0,early,5.0,False,True,2,False,2,1,0.3,0.7,False,False,1.0,left,0.0,1.0,2,1.2319679821375757,True,nan,1.0,1,0.5,2.5,0.5,hm,53
1,22,1.0,22.0,early,5.0,False,True,2,False,2,1,0.3,0.7,False,False,4.0,right,1.0,0.0,1,0.5003922188188881,False,1.0,nan,1,0.25,2.75,0.25,hm,53
1,23,1.0,23.0,early,5.0,False,True,2,False,2,1,0.3,0.7,False,False,1.0,left,0.0,1.0,2,1.63258679327555,True,nan,0.0,0,-0.5,2.25,0.5,hm,53
1,24,1.0,24.0,early,5.0,False,True,2,False,2,1,0.3,0.7,False,False,1.0,left,0.0,1.0,2,0.7121771380770952,True,nan,0.0,0,-0.75,1.5,0.75,hm,53
1,25,1.0,25.0,early,5.0,False,True,2,True,1,2,0.3,0.7,False,False,4.0,right,0.0,1.0,2,0.8409310379065573,True,nan,1.0,1,0.25,1.75,0.25,hm,53
1,26,1.0,26.0,early,6.0,False,True,2,True,1,2,0.3,0.7,False,False,1.0,left,1.0,0.0,1,1.0628268427681178,False,0.0,nan,0,-0.75,1.0,0.75,hm,53
1,27,1.0,27.0,early,6.0,False,True,2,True,1,2,0.3,0.7,False,False,4.0,right,0.0,1.0,2,0.4471721691079438,True,nan,0.0,0,-0.25,0.75,0.25,hm,53
1,28,1.0,28.0,early,6.0,False,True,2,False,2,1,0.3,0.7,False,False,4.0,right,1.0,0.0,1,1.130161488428712,False,0.0,nan,0,-0.75,0.0,0.75,hm,53
1,29,1.0,29.0,late,6.0,False,True,2,True,1,2,0.3,0.7,False,False,4.0,right,0.0,1.0,2,2.2793491778429598,True,nan,1.0,1,0.5,0.5,0.5,hm,53
1,30,1.0,30.0,late,6.0,False,True,2,False,2,1,0.3,0.7,False,False,1.0,left,0.0,1.0,2,0.4398386317770928,True,nan,1.0,1,0.5,1.0,0.5,hm,53
1,31,1.0,31.0,late,7.0,False,True,2,False,2,1,0.3,0.7,False,False,4.0,right,1.0,0.0,1,0.7733084228821099,False,0.0,nan,0,-0.25,0.75,0.25,hm,53
1,32,1.0,32.0,late,7.0,False,True,2,False,2,1,0.3,0.7,False,False,1.0,left,0.0,1.0,2,0.3868789856787771,True,nan,1.0,1,0.5,1.25,0.5,hm,53
1,33,1.0,33.0,late,7.0,False,True,2,True,1,2,0.3,0.7,False,False,1.0,left,1.0,0.0,1,0.7004170273430645,False,0.0,nan,0,-0.75,0.5,0.75,hm,53
1,34,1.0,34.0,late,7.0,False,True,2,True,1,2,0.3,0.7,False,False,4.0,right,0.0,1.0,2,0.6052863169461489,True,nan,0.0,0,-0.5,0.0,0.5,hm,53
1,35,1.0,35.0,late,7.0,False,True,2,False,2,1,0.3,0.7,False,False,1.0,left,0.0,1.0,2,0.5081500853411853,True,nan,0.0,0,-0.25,-0.25,0.25,hm,53
1,36,1.0,36.0,late,8.0,False,True,2,False,2,1,0.3,0.7,False,False,4.0,right,1.0,0.0,1,0.7444203037302941,False,1.0,nan,1,0.5,0.25,0.5,hm,53
1,37,1.0,37.0,late,8.0,False,True,2,True,1,2,0.3,0.7,False,False,1.0,left,1.0,0.0,1,0.5553934548515826,False,1.0,nan,1,0.5,0.75,0.5,hm,53
1,38,1.0,38.0,late,8.0,False,True,2,False,2,1,0.3,0.7,False,False,4.0,right,1.0,0.0,1,0.5336532471701503,False,0.0,nan,0,-0.75,0.0,0.75,hm,53
1,39,1.0,39.0,late,8.0,False,True,2,False,2,1,0.3,0.7,False,False,1.0,left,0.0,1.0,2,0.6383458839263767,True,nan,0.0,0,-0.25,-0.25,0.25,hm,53
1,40,1.0,40.0,late,8.0,False,True,2,True,1,2,0.3,0.7,False,False,1.0,left,1.0,0.0,1,2.2931133427191526,False,1.0,nan,1,0.75,0.5,0.75,hm,53
1,41,1.0,41.0,late,9.0,False,True,2,False,2,1,0.3,0.7,False,False,1.0,left,0.0,1.0,2,2.417805469594896,True,nan,1.0,1,0.75,1.25,0.75,hm,53
1,42,1.0,42.0,late,9.0,False,True,2,False,2,1,0.3,0.7,False,False,1.0,left,0.0,1.0,2,0.3981540647801012,True,nan,0.0,0,-0.5,0.75,0.5,hm,53
1,43,1.0,43.0,late,9.0,False,True,2,False,2,1,0.3,0.7,False,False,4.0,right,1.0,0.0,1,0.6653756927698851,False,0.0,nan,0,-0.5,0.25,0.5,hm,53
1,44,1.0,44.0,late,9.0,False,True,2,True,1,2,0.3,0.7,False,False,1.0,left,1.0,0.0,1,1.9012116112280637,False,0.0,nan,0,-0.25,0.0,0.25,hm,53
1,45,1.0,45.0,late,9.0,False,True,2,True,1,2,0.3,0.7,False,False,4.0,right,0.0,1.0,2,0.7507952142041177,True,nan,1.0,1,0.5,0.5,0.5,hm,53
1,46,1.0,46.0,late,10.0,False,True,2,True,1,2,0.3,0.7,False,False,4.0,right,0.0,1.0,2,2.658750348491594,True,nan,1.0,1,0.25,0.75,0.25,hm,53
1,47,1.0,47.0,late,10.0,False,True,2,True,1,2,0.3,0.7,False,False,4.0,right,0.0,1.0,2,1.350623605772853,True,nan,1.0,1,0.75,1.5,0.75,hm,53
1,48,1.0,48.0,late,10.0,False,True,2,True,1,2,0.3,0.7,False,False,1.0,left,1.0,0.0,1,1.7154837984126061,False,0.0,nan,0,-0.25,1.25,0.25,hm,53
1,49,1.0,49.0,late,10.0,False,True,2,True,1,2,0.3,0.7,False,False,1.0,left,1.0,0.0,1,0.5919936939608306,False,0.0,nan,0,-0.75,0.5,0.75,hm,53
1,50,1.0,50.0,late,10.0,False,True,2,True,1,2,0.3,0.7,False,False,4.0,right,0.0,1.0,2,0.5342632019892335,True,nan,0.0,0,-0.5,0.0,0.5,hm,53
1,51,1.0,51.0,late,11.0,False,True,2,False,2,1,0.3,0.7,False,False,1.0,left,0.0,1.0,2,0.610916378442198,True,nan,0.0,0,-0.75,-0.75,0.75,hm,53
1,52,1.0,52.0,late,11.0,False,True,2,True,1,2,0.3,0.7,False,False,4.0,right,0.0,1.0,2,1.1320300626102835,True,nan,1.0,1,0.5,-0.25,0.5,hm,53
1,53,1.0,53.0,late,11.0,False,True,2,True,1,2,0.3,0.7,False,False,1.0,left,1.0,0.0,1,0.6889158547855914,False,0.0,nan,0,-0.75,-1.0,0.75,hm,53
1,54,1.0,54.0,late,11.0,False,True,2,False,2,1,0.3,0.7,False,False,1.0,left,0.0,1.0,2,0.9380317863542587,True,nan,1.0,1,0.25,-0.75,0.25,hm,53
1,55,1.0,55.0,late,11.0,False,True,2,True,1,2,0.3,0.7,False,False,4.0,right,0.0,1.0,2,1.3139034281484783,True,nan,0.0,0,-0.25,-1.0,0.25,hm,53
1,56,1.0,56.0,late,12.0,False,True,2,True,1,2,0.3,0.7,False,False,4.0,right,0.0,1.0,2,0.498295791214332,True,nan,1.0,1,0.25,-0.75,0.25,hm,53
1,57,1.0,57.0,late,12.0,False,True,2,False,2,1,0.3,0.7,True,True,1.0,left,0.0,1.0,2,0.5668219020590186,True,nan,1.0,1,0.5,-0.25,0.5,hm,53
1,58,2.0,1.0,early,1.0,True,False,1,True,1,2,0.7,0.3,False,False,1.0,left,1.0,0.0,1,0.45058703795075417,True,0.0,nan,0,-0.75,-1.0,0.75,hm,53
1,59,2.0,2.0,early,1.0,True,False,1,True,1,2,0.7,0.3,False,False,4.0,right,0.0,1.0,2,0.42168132378719747,False,nan,0.0,0,-0.5,-1.5,0.5,hm,53
1,60,2.0,3.0,early,1.0,True,False,1,True,1,2,0.7,0.3,False,False,1.0,left,1.0,0.0,1,0.4574827563483268,True,1.0,nan,1,0.25,-1.25,0.25,hm,53
1,61,2.0,4.0,early,1.0,True,False,1,False,2,1,0.7,0.3,False,False,1.0,left,0.0,1.0,2,0.5661286648828536,False,nan,1.0,1,0.25,-1.0,0.25,hm,53
1,62,2.0,5.0,late,1.0,True,False,1,True,1,2,0.7,0.3,False,False,1.0,left,1.0,0.0,1,2.6558779878541827,True,1.0,nan,1,0.5,-0.5,0.5,hm,53
1,63,2.0,6.0,late,2.0,True,False,1,False,2,1,0.7,0.3,False,False,4.0,right,1.0,0.0,1,0.7437220809515566,True,1.0,nan,1,0.5,0.0,0.5,hm,53
1,64,2.0,7.0,late,2.0,True,False,1,True,1,2,0.7,0.3,False,False,1.0,left,1.0,0.0,1,1.7337880237028003,True,1.0,nan,1,0.5,0.5,0.5,hm,53
1,65,2.0,8.0,late,2.0,True,False,1,False,2,1,0.7,0.3,True,False,4.0,right,1.0,0.0,1,1.1100892734248191,True,1.0,nan,1,0.75,1.25,0.75,hm,53
1,66,2.0,9.0,late,2.0,True,False,1,True,1,2,0.7,0.3,True,True,1.0,left,1.0,0.0,1,1.05544228060171,True,1.0,nan,1,0.25,1.5,0.25,hm,53
1,67,3.0,1.0,early,1.0,False,True,2,True,1,2,0.3,0.7,False,False,4.0,right,0.0,1.0,2,1.2499079934787005,True,nan,0.0,0,-0.5,1.0,0.5,hm,53
1,68,3.0,2.0,early,1.0,False,True,2,True,1,2,0.3,0.7,False,False,1.0,left,1.0,0.0,1,0.6853479105047882,False,0.0,nan,0,-0.5,0.5,0.5,hm,53
1,69,3.0,3.0,late,1.0,False,True,2,False,2,1,0.3,0.7,False,False,1.0,left,0.0,1.0,2,1.752314530313015,True,nan,0.0,0,-0.25,0.25,0.25,hm,53
1,70,3.0,4.0,late,1.0,False,True,2,True,1,2,0.3,0.7,False,False,1.0,left,1.0,0.0,1,1.7783091750461608,False,0.0,nan,0,-0.75,-0.5,0.75,hm,53
