sessNo,trialNo,block,blockTrialNo,trialClass,blockBin,stim1_High,stim2_High,stimHigh,stim1_left,leftStim,rightStim,stim1_pWin,stim2_pWin,reverseStatus,reverseTrial,responseKey,response_LR,selected_stim1,selected_stim2,response_stimID,RT,highChosen,stim1_isWin,stim2_isWin,isWin,payOut,accum_payOut,abs_outMag,instructCond,subID
1,1,1.0,1.0,early,1.0,True,False,1,False,2,1,0.7,0.3,False,False,1.0,left,0.0,1.0,2,1.413295027334243,False,nan,0.0,0,-0.5,-0.5,0.5,hm,51
1,2,1.0,2.0,early,1.0,True,False,1,False,2,1,0.7,0.3,False,False,4.0,right,1.0,0.0,1,0.7409602745901793,True,1.0,nan,1,0.75,0.25,0.75,hm,51
1,3,1.0,3.0,early,1.0,True,False,1,True,1,2,0.7,0.3,False,False,1.0,left,1.0,0.0,1,0.7678276242222637,True,1.0,nan,1,0.5,0.75,0.5,hm,51
1,4,1.0,4.0,early,1.0,True,False,1,True,1,2,0.7,0.3,False,False,1.0,left,1.0,0.0,1,0.5242045144550502,True,0.0,nan,0,-0.75,0.0,0.75,hm,51
1,5,1.0,5.0,early,1.0,True,False,1,True,1,2,0.7,0.3,False,False,4.0,right,0.0,1.0,2,0.5671019537840039,False,nan,0.0,0,-0.25,-0.25,0.25,hm,51
1,6,1.0,6.0,early,2.0,True,False,1,True,1,2,0.7,0.3,False,False,1.0,left,1.0,0.0,1,0.6746250169817358,True,1.0,nan,1,0.5,0.25,0.5,hm,51
1,7,1.0,7.0,late,2.0,True,False,1,False,2,1,0.7,0.3,False,False,4.0,right,1.0,0.0,1,0.6480207103304565,True,1.0,nan,1,0.5,0.75,0.5,hm,51
1,8,1.0,8.0,late,2.0,True,False,1,False,2,1,0.7,0.3,False,False,4.0,right,1.0,0.0,1,0.5382038638927042,True,1.0,nan,1,0.25,1.0,0.25,hm,51
1,9,1.0,9.0,late,2.0,True,False,1,True,1,2,0.7,0.3,True,False,1.0,left,1.0,0.0,1,0.8502736147493124,True,0.0,nan,0,-0.25,0.75,0.25,hm,51
1,10,1.0,10.0,late,2.0,True,False,1,False,2,1,0.7,0.3,True,False,1.0,left,0.0,1.0,2,0.9545944137498736,False,nan,0.0,0,-0.75,0.0,0.75,hm,51
1,11,1.0,11.0,late,3.0,True,False,1,True,1,2,0.7,0.3,True,False,1.0,left,1.0,0.0,1,0.8158478068653494,True,1.0,nan,1,0.5,0.5,0.5,hm,51
1,12,1.0,12.0,late,3.0,True,False,1,False,2,1,0.7,0.3,True,True,4.0,right,1.0,0.0,1,0.9019608590751886,True,1.0,nan,1,0.75,1.25,0.75,hm,51
1,13,2.0,1.0,early,1.0,False,True,2,True,1,2,0.3,0.7,False,False,1.0,left,1.0,0.0,1,0.5828531647566706,False,1.0,nan,1,0.75,2.0,0.75,hm,51
1,14,2.0,2.0,early,1.0,False,True,2,True,1,2,0.3,0.7,False,False,1.0,left,1.0,0.0,1,0.5947340931743383,False,0.0,nan,0,-0.25,1.75,0.25,hm,51
1,15,2.0,3.0,early,1.0,False,True,2,False,2,1,0.3,0.7,False,False,1.0,left,0.0,1.0,2,0.9730326528660953,True,nan,0.0,0,-0.25,1.5,0.25,hm,51
1,16,2.0,4.0,early,1.0,False,True,2,True,1,2,0.3,0.7,False,False,1.0,left,1.0,0.0,1,0.783577075926587,False,0.0,nan,0,-0.5,1.0,0.5,hm,51
1,17,2.0,5.0,early,1.0,False,True,2,True,1,2,0.3,0.7,False,False,4.0,right,0.0,1.0,2,0.6630528781097382,True,nan,0.0,0,-0.75,0.25,0.75,hm,51
1,18,2.0,6.0,early,2.0,False,True,2,False,2,1,0.3,0.7,False,False,1.0,left,0.0,1.0,2,0.9308378349523991,True,nan,1.0,1,0.5,0.75,0.5,hm,51
1,19,2.0,7.0,early,2.0,False,True,2,False,2,1,0.3,0.7,False,False,4.0,right,1.0,0.0,1,1.079145781463012,False,1.0,nan,1,0.5,1.25,0.5,hm,51
1,20,2.0,8.0,early,2.0,False,True,2,False,2,1,0.3,0.7,False,False,1.0,left,0.0,1.0,2,0.6398115355987102,True,nan,0.0,0,-0.75,0.5,0.75,hm,51
1,21,2.0,9.0,early,2.0,False,True,2,False,2,1,0.3,0.7,False,False,4.0,right,1.0,0.0,1,1.3440026603639126,False,0.0,nan,0,-0.5,0.0,0.5,hm,51
1,22,2.0,10.0,early,2.0,False,True,2,True,1,2,0.3,0.7,False,False,1.0,left,1.0,0.0,1,0.6866601936053485,False,1.0,nan,1,0.5,0.5,0.5,hm,51
1,23,2.0,11.0,early,3.0,False,True,2,False,2,1,0.3,0.7,False,False,1.0,left,0.0,1.0,2,0.8681420737411827,True,nan,1.0,1,0.25,0.75,0.25,hm,51
1,24,2.0,12.0,early,3.0,False,True,2,False,2,1,0.3,0.7,False,False,1.0,left,0.0,1.0,2,0.535398363834247,True,nan,0.0,0,-0.5,0.25,0.5,hm,51
1,25,2.0,13.0,early,3.0,False,True,2,False,2,1,0.3,0.7,False,False,4.0,right,1.0,0.0,1,0.6141992858611047,False,0.0,nan,0,-0.25,0.0,0.25,hm,51
1,26,2.0,14.0,early,3.0,False,True,2,False,2,1,0.3,0.7,False,False,1.0,left,0.0,1.0,2,0.8086224780417979,True,nan,1.0,1,0.75,0.75,0.75,hm,51
1,27,2.0,15.0,late,3.0,False,True,2,False,2,1,0.3,0.7,False,False,4.0,right,1.0,0.0,1,0.8689813485834748,False,0.0,nan,0,-0.75,0.0,0.75,hm,51
1,28,2.0,16.0,late,4.0,False,True,2,False,2,1,0.3,0.7,False,False,1.0,left,0.0,1.0,2,0.6945195239968598,True,nan,1.0,1,0.25,0.25,0.25,hm,51
1,29,2.0,17.0,late,4.0,False,True,2,True,1,2,0.3,0.7,False,False,1.0,left,1.0,0.0,1,1.8300231050234288,False,0.0,nan,0,-0.75,-0.5,0.75,hm,51
1,30,2.0,18.0,late,4.0,False,True,2,True,1,2,0.3,0.7,False,False,4.0,right,0.0,1.0,2,0.9727657975163311,True,nan,0.0,0,-0.5,-1.0,0.5,hm,51
1,31,2.0,19.0,late,4.0,False,True,2,True,1,2,0.3,0.7,False,False,1.0,left,1.0,0.0,1,0.5074169661384076,False,1.0,nan,1,0.25,-0.75,0.25,hm,51
1,32,2.0,20.0,late,4.0,False,True,2,False,2,1,0.3,0.7,False,False,4.0,right,1.0,0.0,1,0.6597195321228355,False,0.0,nan,0,-0.5,-1.25,0.5,hm,51
1,33,2.0,21.0,late,5.0,False,True,2,False,2,1,0.3,0.7,False,False,1.0,left,0.0,1.0,2,0.42525865184143186,True,nan,0.0,0,-0.25,-1.5,0.25,hm,51
1,34,2.0,22.0,late,5.0,False,True,2,False,2,1,0.3,0.7,False,False,4.0,right,1.0,0.0,1,0.5127168309409171,False,0.0,nan,0,-0.5,-2.0,0.5,hm,51
1,35,2.0,23.0,late,5.0,False,True,2,False,2,1,0.3,0.7,False,False,1.0,left,0.0,1.0,2,0.5733710019849241,True,nan,1.0,1,0.25,-1.75,0.25,hm,51
1,36,2.0,24.0,late,5.0,False,True,2,True,1,2,0.3,0.7,False,False,4.0,right,0.0,1.0,2,0.6919779465533793,True,nan,1.0,1,0.5,-1.25,0.5,hm,51
1,37,2.0,25.0,late,5.0,False,True,2,False,2,1,0.3,0.7,False,False,1.0,left,0.0,1.0,2,0.5864190561696887,True,nan,0.0,0,-0.75,-2.0,0.75,hm,51
1,38,2.0,26.0,late,6.0,False,True,2,True,1,2,0.3,0.7,True,False,4.0,right,0.0,1.0,2,0.710393019253388,True,nan,1.0,1,0.75,-1.25,0.75,hm,51
1,39,2.0,27.0,late,6.0,False,True,2,False,2,1,0.3,0.7,True,False,1.0,left,0.0,1.0,2,0.5765726799145341,True,nan,1.0,1,0.5,-0.75,0.5,hm,51
1,40,2.0,28.0,late,6.0,False,True,2,False,2,1,0.3,0.7,True,True,1.0,left,0.0,1.0,2,0.5320450768340379,True,nan,0.0,0,-0.75,-1.5,0.75,hm,51
1,41,3.0,1.0,early,1.0,True,False,1,True,1,2,0.7,0.3,False,False,1.0,left,1.0,0.0,1,0.5054176037665457,True,1.0,nan,1,0.5,-1.0,0.5,hm,51
1,42,3.0,2.0,early,1.0,True,False,1,True,1,2,0.7,0.3,False,False,1.0,left,1.0,0.0,1,0.8569857601542026,True,1.0,nan,1,0.5,-0.5,0.5,hm,51
1,43,3.0,3.0,late,1.0,True,False,1,True,1,2,0.7,0.3,False,False,1.0,left,1.0,0.0,1,0.6164455628022552,True,1.0,nan,1,0.25,-0.25,0.25,hm,51
1,44,3.0,4.0,late,1.0,True,False,1,True,1,2,0.7,0.3,True,False,1.0,left,1.0,0.0,1,0.5890928881708533,True,0.0,nan,0,-0.75,-1.0,0.75,hm,51
1,45,3.0,5.0,late,1.0,True,False,1,True,1,2,0.7,0.3,True,True,4.0,right,0.0,1.0,2,0.7021858971565962,False,nan,0.0,0,-0.25,-1.25,0.25,hm,51
1,46,4.0,1.0,early,1.0,False,True,2,False,2,1,0.3,0.7,False,False,4.0,right,1.0,0.0,1,2.08927162270993,False,0.0,nan,0,-0.25,-1.5,0.25,hm,51
1,47,4.0,2.0,early,1.0,False,True,2,False,2,1,0.3,0.7,False,False,1.0,left,0.0,1.0,2,0.6055857227183878,True,nan,1.0,1,0.5,-1.0,0.5,hm,51
1,48,4.0,3.0,early,1.0,False,True,2,False,2,1,0.3,0.7,False,False,1.0,left,0.0,1.0,2,0.5528240189887583,True,nan,1.0,1,0.25,-0.75,0.25,hm,51
1,49,4.0,4.0,early,1.0,False,True,2,False,2,1,0.3,0.7,False,False,1.0,left,0.0,1.0,2,0.6037206675391644,True,nan,0.0,0,-0.75,-1.5,0.75,hm,51
1,50,4.0,5.0,early,1.0,False,True,2,True,1,2,0.3,0.7,False,False,1.0,left,1.0,0.0,1,1.145943197188899,False,0.0,nan,0,-0.5,-2.0,0.5,hm,51
1,51,4.0,6.0,early,2.0,False,True,2,False,2,1,0.3,0.7,False,False,4.0,right,1.0,0.0,1,0.533729491289705,False,0.0,nan,0,-0.75,-2.75,0.75,hm,51
1,52,4.0,7.0,early,2.0,False,True,2,False,2,1,0.3,0.7,False,False,1.0,left,0.0,1.0,2,0.5297677156049758,True,nan,1.0,1,0.5,-2.25,0.5,hm,51
1,53,4.0,8.0,early,2.0,False,True,2,True,1,2,0.3,0.7,False,False,4.0,right,0.0,1.0,2,1.24709252291359,True,nan,1.0,1,0.5,-1.75,0.5,hm,51
1,54,4.0,9.0,early,2.0,False,True,2,True,1,2,0.3,0.7,False,False,4.0,right,0.0,1.0,2,0.8077524120453745,True,nan,0.0,0,-0.75,-2.5,0.75,hm,51
1,55,4.0,10.0,early,2.0,False,True,2,True,1,2,0.3,0.7,False,False,1.0,left,1.0,0.0,1,0.5331048739608377,False,0.0,nan,0,-0.25,-2.75,0.25,hm,51
1,56,4.0,11.0,early,3.0,False,True,2,True,1,2,0.3,0.7,False,False,4.0,right,0.0,1.0,2,0.8143472585361451,True,nan,1.0,1,0.75,-2.0,0.75,hm,51
1,57,4.0,12.0,early,3.0,False,True,2,False,2,1,0.3,0.7,False,False,1.0,left,0.0,1.0,2,1.055728783365339,True,nan,1.0,1,0.5,-1.5,0.5,hm,51
1,58,4.0,13.0,late,3.0,False,True,2,False,2,1,0.3,0.7,False,False,4.0,right,1.0,0.0,1,0.6164540671743453,False,1.0,nan,1,0.25,-1.25,0.25,hm,51
1,59,4.0,14.0,late,3.0,False,True,2,False,2,1,0.3,0.7,False,False,4.0,right,1.0,0.0,1,0.9038323657587171,False,0.0,nan,0,-0.25,-1.5,0.25,hm,51
1,60,4.0,15.0,late,3.0,False,True,2,False,2,1,0.3,0.7,False,False,1.0,left,0.0,1.0,2,1.4324995228089392,True,nan,0.0,0,-0.5,-2.0,0.5,hm,51
1,61,4.0,16.0,late,4.0,False,True,2,False,2,1,0.3,0.7,False,False,4.0,right,1.0,0.0,1,0.6368840443901718,False,0.0,nan,0,-0.5,-2.5,0.5,hm,51
1,62,4.0,17.0,late,4.0,False,True,2,True,1,2,0.3,0.7,False,False,1.0,left,1.0,0.0,1,0.5595443753991276,False,0.0,nan,0,-0.5,-3.0,0.5,hm,51
1,63,4.0,18.0,late,4.0,False,True,2,False,2,1,0.3,0.7,False,False,4.0,right,1.0,0.0,1,0.35993656469509006,False,1.0,nan,1,0.5,-2.5,0.5,hm,51
1,64,4.0,19.0,late,4.0,False,True,2,True,1,2,0.3,0.7,False,False,1.0,left,1.0,0.0,1,1.0275667454116046,False,1.0,nan,1,0.25,-2.25,0.25,hm,51
1,65,4.0,20.0,late,4.0,False,True,2,False,2,1,0.3,0.7,False,False,1.0,left,0.0,1.0,2,1.9851449537090957,True,nan,1.0,1,0.75,-1.5,0.75,hm,51
1,66,4.0,21.0,late,5.0,False,True,2,True,1,2,0.3,0.7,False,False,4.0,right,0.0,1.0,2,1.0238630275707692,True,nan,0.0,0,-0.25,-1.75,0.25,hm,51
1,67,4.0,22.0,late,5.0,False,True,2,True,1,2,0.3,0.7,False,False,1.0,left,1.0,0.0,1,1.098093684995547,False,1.0,nan,1,0.25,-1.5,0.25,hm,51
1,68,4.0,23.0,late,5.0,False,True,2,False,2,1,0.3,0.7,False,False,4.0,right,1.0,0.0,1,0.5418682866729796,False,0.0,nan,0,-0.75,-2.25,0.75,hm,51
1,69,4.0,24.0,late,5.0,False,True,2,True,1,2,0.3,0.7,False,False,4.0,right,0.0,1.0,2,1.172525217058137,True,nan,1.0,1,0.75,-1.5,0.75,hm,51
1,70,4.0,25.0,late,5.0,False,True,2,True,1,2,0.3,0.7,False,False,4.0,right,0.0,1.0,2,0.8370953586418182,True,nan,0.0,0,-0.5,-2.0,0.5,hm,51
