sessNo,trialNo,block,blockTrialNo,trialClass,blockBin,stim1_High,stim2_High,stimHigh,stim1_left,leftStim,rightStim,stim1_pWin,stim2_pWin,reverseStatus,reverseTrial,responseKey,response_LR,selected_stim1,selected_stim2,response_stimID,RT,highChosen,stim1_isWin,stim2_isWin,isWin,payOut,accum_payOut,abs_outMag,instructCond,subID
1,1,1.0,1.0,early,1.0,True,False,1,True,1,2,0.7,0.3,False,False,4.0,right,0.0,1.0,2.0,1.6203925565932877,False,nan,1.0,1.0,0.5,0.5,0.5,hm,59
1,2,1.0,2.0,early,1.0,True,False,1,True,1,2,0.7,0.3,False,False,4.0,right,0.0,1.0,2.0,1.296072234690655,False,nan,0.0,0.0,-0.25,0.25,0.25,hm,59
1,3,1.0,3.0,early,1.0,True,False,1,True,1,2,0.7,0.3,False,False,4.0,right,0.0,1.0,2.0,0.8015361395082437,False,nan,1.0,1.0,0.25,0.5,0.25,hm,59
1,4,1.0,4.0,early,1.0,True,False,1,True,1,2,0.7,0.3,False,False,1.0,left,1.0,0.0,1.0,0.5831635195063427,True,1.0,nan,1.0,0.75,1.25,0.75,hm,59
1,5,1.0,5.0,early,1.0,True,False,1,True,1,2,0.7,0.3,False,False,4.0,right,0.0,1.0,2.0,0.5985545321600512,False,nan,0.0,0.0,-0.5,0.75,0.5,hm,59
1,6,1.0,6.0,early,2.0,True,False,1,False,2,1,0.7,0.3,False,False,4.0,right,1.0,0.0,1.0,2.705006910371594,True,0.0,nan,0.0,-0.25,0.5,0.25,hm,59
1,7,1.0,7.0,early,2.0,True,False,1,True,1,2,0.7,0.3,False,False,1.0,left,1.0,0.0,1.0,1.4307331119198352,True,1.0,nan,1.0,0.5,1.0,0.5,hm,59
1,8,1.0,8.0,early,2.0,True,False,1,False,2,1,0.7,0.3,False,False,4.0,right,1.0,0.0,1.0,2.109086019860115,True,1.0,nan,1.0,0.75,1.75,0.75,hm,59
1,9,1.0,9.0,early,2.0,True,False,1,True,1,2,0.7,0.3,False,False,4.0,right,0.0,1.0,2.0,0.6415429193293676,False,nan,0.0,0.0,-0.75,1.0,0.75,hm,59
1,10,1.0,10.0,early,2.0,True,False,1,False,2,1,0.7,0.3,False,False,1.0,left,0.0,1.0,2.0,0.9620683456305414,False,nan,0.0,0.0,-0.5,0.5,0.5,hm,59
1,11,1.0,11.0,early,3.0,True,False,1,True,1,2,0.7,0.3,False,False,4.0,right,0.0,1.0,2.0,0.7365628116531298,False,nan,0.0,0.0,-0.5,0.0,0.5,hm,59
1,12,1.0,12.0,early,3.0,True,False,1,False,2,1,0.7,0.3,False,False,1.0,left,0.0,1.0,2.0,0.7209436536650173,False,nan,1.0,1.0,0.5,0.5,0.5,hm,59
1,13,1.0,13.0,early,3.0,True,False,1,True,1,2,0.7,0.3,False,False,1.0,left,1.0,0.0,1.0,0.8113604646641761,True,1.0,nan,1.0,0.75,1.25,0.75,hm,59
1,14,1.0,14.0,early,3.0,True,False,1,True,1,2,0.7,0.3,False,False,1.0,left,1.0,0.0,1.0,0.6881229826249182,True,0.0,nan,0.0,-0.5,0.75,0.5,hm,59
1,15,1.0,15.0,early,3.0,True,False,1,True,1,2,0.7,0.3,False,False,4.0,right,0.0,1.0,2.0,1.6558225299231708,False,nan,1.0,1.0,0.25,1.0,0.25,hm,59
1,16,1.0,16.0,early,4.0,True,False,1,True,1,2,0.7,0.3,False,False,4.0,right,0.0,1.0,2.0,0.6262216992327012,False,nan,0.0,0.0,-0.25,0.75,0.25,hm,59
1,17,1.0,17.0,early,4.0,True,False,1,False,2,1,0.7,0.3,False,False,4.0,right,1.0,0.0,1.0,1.30198407266289,True,0.0,nan,0.0,-0.75,0.0,0.75,hm,59
1,18,1.0,18.0,early,4.0,True,False,1,True,1,2,0.7,0.3,False,False,4.0,right,0.0,1.0,2.0,1.0603740586084314,False,nan,0.0,0.0,-0.25,-0.25,0.25,hm,59
1,19,1.0,19.0,early,4.0,True,False,1,False,2,1,0.7,0.3,False,False,4.0,right,1.0,0.0,1.0,1.954835141543299,True,1.0,nan,1.0,0.5,0.25,0.5,hm,59
1,20,1.0,20.0,early,4.0,True,False,1,False,2,1,0.7,0.3,False,False,4.0,right,1.0,0.0,1.0,2.8964487037737854,True,1.0,nan,1.0,0.75,1.0,0.75,hm,59
1,21,1.0,21.0,early,5.0,True,False,1,False,2,1,0.7,0.3,False,False,1.0,left,0.0,1.0,2.0,1.756862174719572,False,nan,0.0,0.0,-0.25,0.75,0.25,hm,59
1,22,1.0,22.0,early,5.0,True,False,1,False,2,1,0.7,0.3,False,False,1.0,left,0.0,1.0,2.0,1.0645390306017362,False,nan,1.0,1.0,0.5,1.25,0.5,hm,59
1,23,1.0,23.0,early,5.0,True,False,1,True,1,2,0.7,0.3,False,False,4.0,right,0.0,1.0,2.0,0.99609631014755,False,nan,0.0,0.0,-0.75,0.5,0.75,hm,59
1,24,1.0,24.0,early,5.0,True,False,1,False,2,1,0.7,0.3,False,False,nan,nan,nan,nan,nan,nan,False,nan,nan,nan,nan,nan,nan,hm,59
1,25,1.0,25.0,early,5.0,True,False,1,True,1,2,0.7,0.3,False,False,1.0,left,1.0,0.0,1.0,0.8010182671714574,True,1.0,nan,1.0,0.5,1.0,0.5,hm,59
1,26,1.0,26.0,early,6.0,True,False,1,False,2,1,0.7,0.3,False,False,4.0,right,1.0,0.0,1.0,0.5402370072552003,True,0.0,nan,0.0,-0.25,0.75,0.25,hm,59
1,27,1.0,27.0,early,6.0,True,False,1,False,2,1,0.7,0.3,False,False,1.0,left,0.0,1.0,2.0,0.5028243982233107,False,nan,0.0,0.0,-0.5,0.25,0.5,hm,59
1,28,1.0,28.0,late,6.0,True,False,1,False,2,1,0.7,0.3,False,False,1.0,left,0.0,1.0,2.0,0.6114168851054274,False,nan,1.0,1.0,0.75,1.0,0.75,hm,59
1,29,1.0,29.0,late,6.0,True,False,1,True,1,2,0.7,0.3,False,False,4.0,right,0.0,1.0,2.0,0.7991593811893836,False,nan,0.0,0.0,-0.75,0.25,0.75,hm,59
1,30,1.0,30.0,late,6.0,True,False,1,False,2,1,0.7,0.3,False,False,1.0,left,0.0,1.0,2.0,0.7625300320796669,False,nan,0.0,0.0,-0.25,0.0,0.25,hm,59
1,31,1.0,31.0,late,7.0,True,False,1,True,1,2,0.7,0.3,False,False,4.0,right,0.0,1.0,2.0,0.9071035014349036,False,nan,0.0,0.0,-0.5,-0.5,0.5,hm,59
1,32,1.0,32.0,late,7.0,True,False,1,True,1,2,0.7,0.3,False,False,4.0,right,0.0,1.0,2.0,0.4897036955226213,False,nan,0.0,0.0,-0.25,-0.75,0.25,hm,59
1,33,1.0,33.0,late,7.0,True,False,1,False,2,1,0.7,0.3,False,False,1.0,left,0.0,1.0,2.0,0.6587675987975672,False,nan,0.0,0.0,-0.25,-1.0,0.25,hm,59
1,34,1.0,34.0,late,7.0,True,False,1,True,1,2,0.7,0.3,False,False,4.0,right,0.0,1.0,2.0,0.6277099222643301,False,nan,0.0,0.0,-0.75,-1.75,0.75,hm,59
1,35,1.0,35.0,late,7.0,True,False,1,False,2,1,0.7,0.3,False,False,4.0,right,1.0,0.0,1.0,1.0708259301027283,True,0.0,nan,0.0,-0.5,-2.25,0.5,hm,59
1,36,1.0,36.0,late,8.0,True,False,1,True,1,2,0.7,0.3,False,False,4.0,right,0.0,1.0,2.0,0.552934849227313,False,nan,1.0,1.0,0.5,-1.75,0.5,hm,59
1,37,1.0,37.0,late,8.0,True,False,1,False,2,1,0.7,0.3,False,False,4.0,right,1.0,0.0,1.0,0.4774052544380538,True,0.0,nan,0.0,-0.5,-2.25,0.5,hm,59
1,38,1.0,38.0,late,8.0,True,False,1,True,1,2,0.7,0.3,False,False,4.0,right,0.0,1.0,2.0,0.806998431449756,False,nan,0.0,0.0,-0.75,-3.0,0.75,hm,59
1,39,1.0,39.0,late,8.0,True,False,1,True,1,2,0.7,0.3,False,False,1.0,left,1.0,0.0,1.0,0.590484990621917,True,1.0,nan,1.0,0.25,-2.75,0.25,hm,59
1,40,1.0,40.0,late,8.0,True,False,1,True,1,2,0.7,0.3,False,False,1.0,left,1.0,0.0,1.0,0.6029441305436194,True,1.0,nan,1.0,0.5,-2.25,0.5,hm,59
1,41,1.0,41.0,late,9.0,True,False,1,False,2,1,0.7,0.3,False,False,1.0,left,0.0,1.0,2.0,0.9852409323211759,False,nan,0.0,0.0,-0.75,-3.0,0.75,hm,59
1,42,1.0,42.0,late,9.0,True,False,1,False,2,1,0.7,0.3,False,False,1.0,left,0.0,1.0,2.0,0.5687044424121268,False,nan,1.0,1.0,0.5,-2.5,0.5,hm,59
1,43,1.0,43.0,late,9.0,True,False,1,True,1,2,0.7,0.3,False,False,4.0,right,0.0,1.0,2.0,1.1172403094824404,False,nan,1.0,1.0,0.75,-1.75,0.75,hm,59
1,44,1.0,44.0,late,9.0,True,False,1,True,1,2,0.7,0.3,False,False,1.0,left,1.0,0.0,1.0,0.6199608985916711,True,1.0,nan,1.0,0.5,-1.25,0.5,hm,59
1,45,1.0,45.0,late,9.0,True,False,1,False,2,1,0.7,0.3,False,False,4.0,right,1.0,0.0,1.0,0.8096341258496977,True,1.0,nan,1.0,0.5,-0.75,0.5,hm,59
1,46,1.0,46.0,late,10.0,True,False,1,True,1,2,0.7,0.3,False,False,1.0,left,1.0,0.0,1.0,0.8580232232925482,True,0.0,nan,0.0,-0.75,-1.5,0.75,hm,59
1,47,1.0,47.0,late,10.0,True,False,1,False,2,1,0.7,0.3,False,False,1.0,left,0.0,1.0,2.0,2.111496794677805,False,nan,0.0,0.0,-0.25,-1.75,0.25,hm,59
1,48,1.0,48.0,late,10.0,True,False,1,False,2,1,0.7,0.3,False,False,1.0,left,0.0,1.0,2.0,1.891028346028179,False,nan,0.0,0.0,-0.25,-2.0,0.25,hm,59
1,49,1.0,49.0,late,10.0,True,False,1,False,2,1,0.7,0.3,False,False,1.0,left,0.0,1.0,2.0,1.6925797343137674,False,nan,0.0,0.0,-0.25,-2.25,0.25,hm,59
1,50,1.0,50.0,late,10.0,True,False,1,True,1,2,0.7,0.3,False,False,4.0,right,0.0,1.0,2.0,1.5149756298051216,False,nan,0.0,0.0,-0.75,-3.0,0.75,hm,59
1,51,1.0,51.0,late,11.0,True,False,1,False,2,1,0.7,0.3,False,False,1.0,left,0.0,1.0,2.0,0.5206097638583742,False,nan,0.0,0.0,-0.5,-3.5,0.5,hm,59
1,52,1.0,52.0,late,11.0,True,False,1,False,2,1,0.7,0.3,False,False,4.0,right,1.0,0.0,1.0,0.6262375344522297,True,0.0,nan,0.0,-0.75,-4.25,0.75,hm,59
1,53,1.0,53.0,late,11.0,True,False,1,True,1,2,0.7,0.3,False,False,1.0,left,1.0,0.0,1.0,1.6083398556220345,True,1.0,nan,1.0,0.25,-4.0,0.25,hm,59
1,54,1.0,54.0,late,11.0,True,False,1,False,2,1,0.7,0.3,False,False,4.0,right,1.0,0.0,1.0,1.0501315647852607,True,1.0,nan,1.0,0.75,-3.25,0.75,hm,59
1,55,1.0,55.0,late,11.0,True,False,1,False,2,1,0.7,0.3,True,True,4.0,right,1.0,0.0,1.0,0.746798267646227,True,0.0,nan,0.0,-0.75,-4.0,0.75,hm,59
1,56,2.0,1.0,early,1.0,False,True,2,True,1,2,0.3,0.7,False,False,1.0,left,1.0,0.0,1.0,0.6931275177048519,False,0.0,nan,0.0,-0.5,-4.5,0.5,hm,59
1,57,2.0,2.0,early,1.0,False,True,2,False,2,1,0.3,0.7,False,False,1.0,left,0.0,1.0,2.0,0.8225935432710685,True,nan,1.0,1.0,0.5,-4.0,0.5,hm,59
1,58,2.0,3.0,early,1.0,False,True,2,True,1,2,0.3,0.7,False,False,4.0,right,0.0,1.0,2.0,1.461968788644299,True,nan,1.0,1.0,0.5,-3.5,0.5,hm,59
1,59,2.0,4.0,late,1.0,False,True,2,True,1,2,0.3,0.7,False,False,4.0,right,0.0,1.0,2.0,0.5707469003391452,True,nan,0.0,0.0,-0.5,-4.0,0.5,hm,59
1,60,2.0,5.0,late,1.0,False,True,2,False,2,1,0.3,0.7,True,False,1.0,left,0.0,1.0,2.0,0.7460933044203557,True,nan,1.0,1.0,0.75,-3.25,0.75,hm,59
1,61,2.0,6.0,late,2.0,False,True,2,True,1,2,0.3,0.7,True,True,1.0,left,1.0,0.0,1.0,0.7260121162980795,False,1.0,nan,1.0,0.75,-2.5,0.75,hm,59
1,62,3.0,1.0,early,1.0,True,False,1,False,2,1,0.7,0.3,False,False,1.0,left,0.0,1.0,2.0,0.8924200912006199,False,nan,0.0,0.0,-0.25,-2.75,0.25,hm,59
1,63,3.0,2.0,early,1.0,True,False,1,False,2,1,0.7,0.3,False,False,4.0,right,1.0,0.0,1.0,0.6234681198839098,True,1.0,nan,1.0,0.25,-2.5,0.25,hm,59
1,64,3.0,3.0,early,1.0,True,False,1,False,2,1,0.7,0.3,False,False,4.0,right,1.0,0.0,1.0,0.5324199504684657,True,0.0,nan,0.0,-0.5,-3.0,0.5,hm,59
1,65,3.0,4.0,early,1.0,True,False,1,False,2,1,0.7,0.3,False,False,1.0,left,0.0,1.0,2.0,0.7699297998915426,False,nan,0.0,0.0,-0.75,-3.75,0.75,hm,59
1,66,3.0,5.0,late,1.0,True,False,1,False,2,1,0.7,0.3,False,False,1.0,left,0.0,1.0,2.0,0.6584019211004488,False,nan,0.0,0.0,-0.25,-4.0,0.25,hm,59
1,67,3.0,6.0,late,2.0,True,False,1,True,1,2,0.7,0.3,False,False,1.0,left,1.0,0.0,1.0,0.593065848108381,True,1.0,nan,1.0,0.5,-3.5,0.5,hm,59
1,68,3.0,7.0,late,2.0,True,False,1,True,1,2,0.7,0.3,False,False,1.0,left,1.0,0.0,1.0,0.5506642459658906,True,1.0,nan,1.0,0.75,-2.75,0.75,hm,59
1,69,3.0,8.0,late,2.0,True,False,1,False,2,1,0.7,0.3,False,False,4.0,right,1.0,0.0,1.0,0.7067156544071622,True,0.0,nan,0.0,-0.5,-3.25,0.5,hm,59
1,70,3.0,9.0,late,2.0,True,False,1,True,1,2,0.7,0.3,False,False,4.0,right,0.0,1.0,2.0,0.49744978675153106,False,nan,1.0,1.0,0.75,-2.5,0.75,hm,59
