sessNo,trialNo,block,blockTrialNo,trialClass,blockBin,stim1_High,stim2_High,stimHigh,stim1_left,leftStim,rightStim,stim1_pWin,stim2_pWin,reverseStatus,reverseTrial,responseKey,response_LR,selected_stim1,selected_stim2,response_stimID,RT,highChosen,stim1_isWin,stim2_isWin,isWin,payOut,accum_payOut,abs_outMag,instructCond,subID
1,1,1.0,1.0,early,1.0,True,False,1,False,2,1,0.7,0.3,False,False,4.0,right,1.0,0.0,1,1.1026871162466705,True,1.0,nan,1,0.5,0.5,0.5,rl,52
1,2,1.0,2.0,early,1.0,True,False,1,True,1,2,0.7,0.3,False,False,1.0,left,1.0,0.0,1,0.6772768553346395,True,1.0,nan,1,0.25,0.75,0.25,rl,52
1,3,1.0,3.0,early,1.0,True,False,1,True,1,2,0.7,0.3,False,False,1.0,left,1.0,0.0,1,0.6889627743512392,True,1.0,nan,1,0.75,1.5,0.75,rl,52
1,4,1.0,4.0,late,1.0,True,False,1,True,1,2,0.7,0.3,True,False,1.0,left,1.0,0.0,1,0.64891716837883,True,1.0,nan,1,0.25,1.75,0.25,rl,52
1,5,1.0,5.0,late,1.0,True,False,1,True,1,2,0.7,0.3,True,False,1.0,left,1.0,0.0,1,0.5992773792240769,True,1.0,nan,1,0.5,2.25,0.5,rl,52
1,6,1.0,6.0,late,2.0,True,False,1,False,2,1,0.7,0.3,True,False,4.0,right,1.0,0.0,1,0.6455122700426728,True,1.0,nan,1,0.75,3.0,0.75,rl,52
1,7,1.0,7.0,late,2.0,True,False,1,False,2,1,0.7,0.3,True,True,4.0,right,1.0,0.0,1,0.6119406924117357,True,0.0,nan,0,-0.5,2.5,0.5,rl,52
1,8,2.0,1.0,early,1.0,False,True,2,True,1,2,0.3,0.7,False,False,1.0,left,1.0,0.0,1,0.656827523605898,False,0.0,nan,0,-0.25,2.25,0.25,rl,52
1,9,2.0,2.0,early,1.0,False,True,2,False,2,1,0.3,0.7,False,False,1.0,left,0.0,1.0,2,0.632297944277525,True,nan,0.0,0,-0.75,1.5,0.75,rl,52
1,10,2.0,3.0,early,1.0,False,True,2,False,2,1,0.3,0.7,False,False,1.0,left,0.0,1.0,2,0.5828437807504088,True,nan,1.0,1,0.5,2.0,0.5,rl,52
1,11,2.0,4.0,late,1.0,False,True,2,True,1,2,0.3,0.7,False,False,4.0,right,0.0,1.0,2,0.6626440908294171,True,nan,0.0,0,-0.75,1.25,0.75,rl,52
1,12,2.0,5.0,late,1.0,False,True,2,True,1,2,0.3,0.7,True,False,4.0,right,0.0,1.0,2,0.6766874275635928,True,nan,1.0,1,0.5,1.75,0.5,rl,52
1,13,2.0,6.0,late,2.0,False,True,2,True,1,2,0.3,0.7,True,True,4.0,right,0.0,1.0,2,0.6185261548962444,True,nan,0.0,0,-0.75,1.0,0.75,rl,52
1,14,3.0,1.0,early,1.0,True,False,1,False,2,1,0.7,0.3,False,False,1.0,left,0.0,1.0,2,0.5580664072185755,False,nan,0.0,0,-0.75,0.25,0.75,rl,52
1,15,3.0,2.0,early,1.0,True,False,1,True,1,2,0.7,0.3,False,False,1.0,left,1.0,0.0,1,0.8035595573019236,True,1.0,nan,1,0.25,0.5,0.25,rl,52
1,16,3.0,3.0,early,1.0,True,False,1,True,1,2,0.7,0.3,False,False,1.0,left,1.0,0.0,1,0.5928476310800761,True,1.0,nan,1,0.25,0.75,0.25,rl,52
1,17,3.0,4.0,early,1.0,True,False,1,True,1,2,0.7,0.3,False,False,4.0,right,0.0,1.0,2,0.5972026519011706,False,nan,1.0,1,0.5,1.25,0.5,rl,52
1,18,3.0,5.0,early,1.0,True,False,1,True,1,2,0.7,0.3,False,False,1.0,left,1.0,0.0,1,0.9038482008036226,True,1.0,nan,1,0.5,1.75,0.5,rl,52
1,19,3.0,6.0,early,2.0,True,False,1,False,2,1,0.7,0.3,False,False,4.0,right,1.0,0.0,1,0.638306588632986,True,1.0,nan,1,0.5,2.25,0.5,rl,52
1,20,3.0,7.0,early,2.0,True,False,1,True,1,2,0.7,0.3,False,False,4.0,right,0.0,1.0,2,0.7310663922689855,False,nan,1.0,1,0.75,3.0,0.75,rl,52
1,21,3.0,8.0,early,2.0,True,False,1,True,1,2,0.7,0.3,False,False,1.0,left,1.0,0.0,1,0.5314480245579034,True,1.0,nan,1,0.25,3.25,0.25,rl,52
1,22,3.0,9.0,early,2.0,True,False,1,True,1,2,0.7,0.3,False,False,1.0,left,1.0,0.0,1,0.5968088204972446,True,0.0,nan,0,-0.5,2.75,0.5,rl,52
1,23,3.0,10.0,early,2.0,True,False,1,True,1,2,0.7,0.3,False,False,4.0,right,0.0,1.0,2,0.6202325627673417,False,nan,0.0,0,-0.75,2.0,0.75,rl,52
1,24,3.0,11.0,early,3.0,True,False,1,True,1,2,0.7,0.3,False,False,1.0,left,1.0,0.0,1,0.7000976807903498,True,1.0,nan,1,0.75,2.75,0.75,rl,52
1,25,3.0,12.0,early,3.0,True,False,1,True,1,2,0.7,0.3,False,False,4.0,right,0.0,1.0,2,0.6067692700307816,False,nan,0.0,0,-0.5,2.25,0.5,rl,52
1,26,3.0,13.0,early,3.0,True,False,1,True,1,2,0.7,0.3,False,False,4.0,right,0.0,1.0,2,0.9363104226067662,False,nan,1.0,1,0.25,2.5,0.25,rl,52
1,27,3.0,14.0,early,3.0,True,False,1,True,1,2,0.7,0.3,False,False,1.0,left,1.0,0.0,1,1.0489175200928003,True,1.0,nan,1,0.5,3.0,0.5,rl,52
1,28,3.0,15.0,early,3.0,True,False,1,True,1,2,0.7,0.3,False,False,1.0,left,1.0,0.0,1,0.5595259005203843,True,1.0,nan,1,0.75,3.75,0.75,rl,52
1,29,3.0,16.0,early,4.0,True,False,1,False,2,1,0.7,0.3,False,False,1.0,left,0.0,1.0,2,0.6569706285372376,False,nan,1.0,1,0.25,4.0,0.25,rl,52
1,30,3.0,17.0,early,4.0,True,False,1,True,1,2,0.7,0.3,False,False,1.0,left,1.0,0.0,1,0.7161679454147816,True,1.0,nan,1,0.5,4.5,0.5,rl,52
1,31,3.0,18.0,early,4.0,True,False,1,False,2,1,0.7,0.3,False,False,4.0,right,1.0,0.0,1,0.6338254713919014,True,1.0,nan,1,0.25,4.75,0.25,rl,52
1,32,3.0,19.0,early,4.0,True,False,1,False,2,1,0.7,0.3,False,False,1.0,left,0.0,1.0,2,0.7344789151102304,False,nan,0.0,0,-0.75,4.0,0.75,rl,52
1,33,3.0,20.0,late,4.0,True,False,1,False,2,1,0.7,0.3,False,False,4.0,right,1.0,0.0,1,1.2099738216493279,True,1.0,nan,1,0.5,4.5,0.5,rl,52
1,34,3.0,21.0,late,5.0,True,False,1,False,2,1,0.7,0.3,False,False,4.0,right,1.0,0.0,1,0.582973982905969,True,0.0,nan,0,-0.75,3.75,0.75,rl,52
1,35,3.0,22.0,late,5.0,True,False,1,False,2,1,0.7,0.3,False,False,4.0,right,1.0,0.0,1,0.6129594347439706,True,0.0,nan,0,-0.25,3.5,0.25,rl,52
1,36,3.0,23.0,late,5.0,True,False,1,False,2,1,0.7,0.3,False,False,1.0,left,0.0,1.0,2,0.632137244567275,False,nan,0.0,0,-0.5,3.0,0.5,rl,52
1,37,3.0,24.0,late,5.0,True,False,1,False,2,1,0.7,0.3,False,False,4.0,right,1.0,0.0,1,0.5187524540815502,True,0.0,nan,0,-0.5,2.5,0.5,rl,52
1,38,3.0,25.0,late,5.0,True,False,1,False,2,1,0.7,0.3,False,False,4.0,right,1.0,0.0,1,0.64652338786982,True,1.0,nan,1,0.25,2.75,0.25,rl,52
1,39,3.0,26.0,late,6.0,True,False,1,True,1,2,0.7,0.3,False,False,1.0,left,1.0,0.0,1,0.6581125350203365,True,1.0,nan,1,0.75,3.5,0.75,rl,52
1,40,3.0,27.0,late,6.0,True,False,1,False,2,1,0.7,0.3,False,False,1.0,left,0.0,1.0,2,1.074328602058813,False,nan,0.0,0,-0.5,3.0,0.5,rl,52
1,41,3.0,28.0,late,6.0,True,False,1,False,2,1,0.7,0.3,False,False,4.0,right,1.0,0.0,1,0.8997219132725149,True,1.0,nan,1,0.5,3.5,0.5,rl,52
1,42,3.0,29.0,late,6.0,True,False,1,True,1,2,0.7,0.3,False,False,1.0,left,1.0,0.0,1,0.9267127204220742,True,0.0,nan,0,-0.25,3.25,0.25,rl,52
1,43,3.0,30.0,late,6.0,True,False,1,False,2,1,0.7,0.3,False,False,4.0,right,1.0,0.0,1,0.8707508048973978,True,0.0,nan,0,-0.75,2.5,0.75,rl,52
1,44,3.0,31.0,late,7.0,True,False,1,True,1,2,0.7,0.3,False,False,4.0,right,0.0,1.0,2,0.9394777903798968,False,nan,0.0,0,-0.5,2.0,0.5,rl,52
1,45,3.0,32.0,late,7.0,True,False,1,True,1,2,0.7,0.3,False,False,1.0,left,1.0,0.0,1,1.1852052453905344,True,1.0,nan,1,0.5,2.5,0.5,rl,52
1,46,3.0,33.0,late,7.0,True,False,1,True,1,2,0.7,0.3,False,False,1.0,left,1.0,0.0,1,1.098584581632167,True,1.0,nan,1,0.75,3.25,0.75,rl,52
1,47,3.0,34.0,late,7.0,True,False,1,False,2,1,0.7,0.3,False,False,4.0,right,1.0,0.0,1,0.6301616351120174,True,1.0,nan,1,0.25,3.5,0.25,rl,52
1,48,3.0,35.0,late,7.0,True,False,1,True,1,2,0.7,0.3,True,False,1.0,left,1.0,0.0,1,0.7774558244273067,True,1.0,nan,1,0.75,4.25,0.75,rl,52
1,49,3.0,36.0,late,8.0,True,False,1,True,1,2,0.7,0.3,True,False,1.0,left,1.0,0.0,1,0.6480406511109322,True,1.0,nan,1,0.25,4.5,0.25,rl,52
1,50,3.0,37.0,late,8.0,True,False,1,True,1,2,0.7,0.3,True,False,1.0,left,1.0,0.0,1,0.6059860056266189,True,1.0,nan,1,0.5,5.0,0.5,rl,52
1,51,3.0,38.0,late,8.0,True,False,1,True,1,2,0.7,0.3,True,True,1.0,left,1.0,0.0,1,0.6376303597353399,True,1.0,nan,1,0.5,5.5,0.5,rl,52
1,52,4.0,1.0,early,1.0,False,True,2,False,2,1,0.3,0.7,False,False,4.0,right,1.0,0.0,1,0.5954804085195065,False,0.0,nan,0,-0.5,5.0,0.5,rl,52
1,53,4.0,2.0,early,1.0,False,True,2,True,1,2,0.3,0.7,False,False,4.0,right,0.0,1.0,2,0.6651569299865514,True,nan,0.0,0,-0.5,4.5,0.5,rl,52
1,54,4.0,3.0,early,1.0,False,True,2,True,1,2,0.3,0.7,False,False,4.0,right,0.0,1.0,2,0.6817101733759046,True,nan,1.0,1,0.5,5.0,0.5,rl,52
1,55,4.0,4.0,late,1.0,False,True,2,False,2,1,0.3,0.7,False,False,1.0,left,0.0,1.0,2,0.6238612094894052,True,nan,1.0,1,0.25,5.25,0.25,rl,52
1,56,4.0,5.0,late,1.0,False,True,2,False,2,1,0.3,0.7,True,False,1.0,left,0.0,1.0,2,0.8127455399371684,True,nan,1.0,1,0.25,5.5,0.25,rl,52
1,57,4.0,6.0,late,2.0,False,True,2,True,1,2,0.3,0.7,True,False,4.0,right,0.0,1.0,2,0.7017123023979366,True,nan,0.0,0,-0.75,4.75,0.75,rl,52
1,58,4.0,7.0,late,2.0,False,True,2,True,1,2,0.3,0.7,True,True,1.0,left,1.0,0.0,1,0.5740267038345337,False,1.0,nan,1,0.75,5.5,0.75,rl,52
1,59,5.0,1.0,early,1.0,True,False,1,True,1,2,0.7,0.3,False,False,1.0,left,1.0,0.0,1,0.7525840250309557,True,1.0,nan,1,0.75,6.25,0.75,rl,52
1,60,5.0,2.0,early,1.0,True,False,1,True,1,2,0.7,0.3,False,False,1.0,left,1.0,0.0,1,0.9511247074697167,True,1.0,nan,1,0.75,7.0,0.75,rl,52
1,61,5.0,3.0,early,1.0,True,False,1,False,2,1,0.7,0.3,False,False,4.0,right,1.0,0.0,1,0.7446047565899789,True,1.0,nan,1,0.25,7.25,0.25,rl,52
1,62,5.0,4.0,late,1.0,True,False,1,False,2,1,0.7,0.3,True,False,4.0,right,1.0,0.0,1,0.8741964646615088,True,1.0,nan,1,0.75,8.0,0.75,rl,52
1,63,5.0,5.0,late,1.0,True,False,1,False,2,1,0.7,0.3,True,False,4.0,right,1.0,0.0,1,0.6996979843825102,True,1.0,nan,1,0.25,8.25,0.25,rl,52
1,64,5.0,6.0,late,2.0,True,False,1,True,1,2,0.7,0.3,True,True,1.0,left,1.0,0.0,1,0.671996051678434,True,1.0,nan,1,0.75,9.0,0.75,rl,52
1,65,6.0,1.0,early,1.0,False,True,2,False,2,1,0.3,0.7,False,False,4.0,right,1.0,0.0,1,0.5917623215354979,False,1.0,nan,1,0.5,9.5,0.5,rl,52
1,66,6.0,2.0,early,1.0,False,True,2,False,2,1,0.3,0.7,False,False,4.0,right,1.0,0.0,1,0.6130588457453996,False,0.0,nan,0,-0.5,9.0,0.5,rl,52
1,67,6.0,3.0,early,1.0,False,True,2,False,2,1,0.3,0.7,False,False,1.0,left,0.0,1.0,2,0.754415649920702,True,nan,0.0,0,-0.25,8.75,0.25,rl,52
1,68,6.0,4.0,late,1.0,False,True,2,True,1,2,0.3,0.7,False,False,4.0,right,0.0,1.0,2,1.5202324751298875,True,nan,0.0,0,-0.75,8.0,0.75,rl,52
1,69,6.0,5.0,late,1.0,False,True,2,True,1,2,0.3,0.7,False,False,1.0,left,1.0,0.0,1,0.9807714582420886,False,1.0,nan,1,0.5,8.5,0.5,rl,52
1,70,6.0,6.0,late,2.0,False,True,2,True,1,2,0.3,0.7,False,False,1.0,left,1.0,0.0,1,0.6118521317839622,False,0.0,nan,0,-0.75,7.75,0.75,rl,52
