sessNo,trialNo,block,blockTrialNo,trialClass,blockBin,stim1_High,stim2_High,stimHigh,stim1_left,leftStim,rightStim,stim1_pWin,stim2_pWin,reverseStatus,reverseTrial,responseKey,response_LR,selected_stim1,selected_stim2,response_stimID,RT,highChosen,stim1_isWin,stim2_isWin,isWin,payOut,accum_payOut,abs_outMag,instructCond,subID
1,1,1.0,1.0,early,1.0,True,False,1,True,1,2,0.7,0.3,False,False,4.0,right,0.0,1.0,2,1.0097584021277726,False,nan,0.0,0,-0.75,-0.75,0.75,rl,58
1,2,1.0,2.0,early,1.0,True,False,1,False,2,1,0.7,0.3,False,False,1.0,left,0.0,1.0,2,0.6394352989736944,False,nan,1.0,1,0.5,-0.25,0.5,rl,58
1,3,1.0,3.0,early,1.0,True,False,1,False,2,1,0.7,0.3,False,False,1.0,left,0.0,1.0,2,1.1416386149358004,False,nan,1.0,1,0.25,0.0,0.25,rl,58
1,4,1.0,4.0,early,1.0,True,False,1,True,1,2,0.7,0.3,False,False,4.0,right,0.0,1.0,2,0.40064930892549455,False,nan,0.0,0,-0.25,-0.25,0.25,rl,58
1,5,1.0,5.0,late,1.0,True,False,1,True,1,2,0.7,0.3,False,False,1.0,left,1.0,0.0,1,2.0168485436588526,True,0.0,nan,0,-0.75,-1.0,0.75,rl,58
1,6,1.0,6.0,late,2.0,True,False,1,False,2,1,0.7,0.3,False,False,4.0,right,1.0,0.0,1,0.5376144363544881,True,1.0,nan,1,0.5,-0.5,0.5,rl,58
1,7,1.0,7.0,late,2.0,True,False,1,False,2,1,0.7,0.3,False,False,4.0,right,1.0,0.0,1,0.5631296210922301,True,0.0,nan,0,-0.75,-1.25,0.75,rl,58
1,8,1.0,8.0,late,2.0,True,False,1,True,1,2,0.7,0.3,True,False,1.0,left,1.0,0.0,1,0.5171891509089619,True,0.0,nan,0,-0.25,-1.5,0.25,rl,58
1,9,1.0,9.0,late,2.0,True,False,1,True,1,2,0.7,0.3,True,True,4.0,right,0.0,1.0,2,0.3579556767363101,False,nan,0.0,0,-0.5,-2.0,0.5,rl,58
1,10,2.0,1.0,early,1.0,False,True,2,False,2,1,0.3,0.7,False,False,4.0,right,1.0,0.0,1,0.29652381292544305,False,0.0,nan,0,-0.25,-2.25,0.25,rl,58
1,11,2.0,2.0,early,1.0,False,True,2,False,2,1,0.3,0.7,False,False,1.0,left,0.0,1.0,2,0.3891798066906631,True,nan,1.0,1,0.25,-2.0,0.25,rl,58
1,12,2.0,3.0,early,1.0,False,True,2,False,2,1,0.3,0.7,False,False,1.0,left,0.0,1.0,2,0.41655271546915174,True,nan,1.0,1,0.75,-1.25,0.75,rl,58
1,13,2.0,4.0,early,1.0,False,True,2,True,1,2,0.3,0.7,False,False,1.0,left,1.0,0.0,1,2.5783471213653684,False,1.0,nan,1,0.5,-0.75,0.5,rl,58
1,14,2.0,5.0,early,1.0,False,True,2,False,2,1,0.3,0.7,False,False,1.0,left,0.0,1.0,2,0.7907745463307947,True,nan,1.0,1,0.5,-0.25,0.5,rl,58
1,15,2.0,6.0,late,2.0,False,True,2,True,1,2,0.3,0.7,False,False,4.0,right,0.0,1.0,2,1.9922776164021343,True,nan,1.0,1,0.25,0.0,0.25,rl,58
1,16,2.0,7.0,late,2.0,False,True,2,False,2,1,0.3,0.7,False,False,1.0,left,0.0,1.0,2,1.2266906972508878,True,nan,0.0,0,-0.75,-0.75,0.75,rl,58
1,17,2.0,8.0,late,2.0,False,True,2,True,1,2,0.3,0.7,True,False,4.0,right,0.0,1.0,2,0.37605638802051544,True,nan,1.0,1,0.75,0.0,0.75,rl,58
1,18,2.0,9.0,late,2.0,False,True,2,True,1,2,0.3,0.7,True,False,1.0,left,1.0,0.0,1,2.0360275264829397,False,1.0,nan,1,0.5,0.5,0.5,rl,58
1,19,2.0,10.0,late,2.0,False,True,2,False,2,1,0.3,0.7,True,False,1.0,left,0.0,1.0,2,0.9678154839202762,True,nan,0.0,0,-0.5,0.0,0.5,rl,58
1,20,2.0,11.0,late,3.0,False,True,2,True,1,2,0.3,0.7,True,True,1.0,left,1.0,0.0,1,1.8466086054686457,False,0.0,nan,0,-0.25,-0.25,0.25,rl,58
1,21,3.0,1.0,early,1.0,True,False,1,False,2,1,0.7,0.3,False,False,1.0,left,0.0,1.0,2,0.7034955413546413,False,nan,1.0,1,0.5,0.25,0.5,rl,58
1,22,3.0,2.0,early,1.0,True,False,1,False,2,1,0.7,0.3,False,False,1.0,left,0.0,1.0,2,0.664823507424444,False,nan,0.0,0,-0.5,-0.25,0.5,rl,58
1,23,3.0,3.0,early,1.0,True,False,1,False,2,1,0.7,0.3,False,False,4.0,right,1.0,0.0,1,0.4634133968502283,True,0.0,nan,0,-0.25,-0.5,0.25,rl,58
1,24,3.0,4.0,early,1.0,True,False,1,False,2,1,0.7,0.3,False,False,1.0,left,0.0,1.0,2,0.8374232093337923,False,nan,1.0,1,0.25,-0.25,0.25,rl,58
1,25,3.0,5.0,early,1.0,True,False,1,True,1,2,0.7,0.3,False,False,4.0,right,0.0,1.0,2,0.5732519433367997,False,nan,0.0,0,-0.5,-0.75,0.5,rl,58
1,26,3.0,6.0,early,2.0,True,False,1,False,2,1,0.7,0.3,False,False,1.0,left,0.0,1.0,2,0.6572275133803487,False,nan,0.0,0,-0.5,-1.25,0.5,rl,58
1,27,3.0,7.0,early,2.0,True,False,1,True,1,2,0.7,0.3,False,False,4.0,right,0.0,1.0,2,0.7653798861429095,False,nan,0.0,0,-0.75,-2.0,0.75,rl,58
1,28,3.0,8.0,early,2.0,True,False,1,True,1,2,0.7,0.3,False,False,1.0,left,1.0,0.0,1,0.5330122075974941,True,0.0,nan,0,-0.25,-2.25,0.25,rl,58
1,29,3.0,9.0,early,2.0,True,False,1,False,2,1,0.7,0.3,False,False,1.0,left,0.0,1.0,2,0.4917411198839545,False,nan,0.0,0,-0.75,-3.0,0.75,rl,58
1,30,3.0,10.0,early,2.0,True,False,1,False,2,1,0.7,0.3,False,False,1.0,left,0.0,1.0,2,0.7001404950860888,False,nan,0.0,0,-0.75,-3.75,0.75,rl,58
1,31,3.0,11.0,early,3.0,True,False,1,True,1,2,0.7,0.3,False,False,4.0,right,0.0,1.0,2,0.7495536038186401,False,nan,1.0,1,0.5,-3.25,0.5,rl,58
1,32,3.0,12.0,early,3.0,True,False,1,True,1,2,0.7,0.3,False,False,1.0,left,1.0,0.0,1,0.7200965841766447,True,0.0,nan,0,-0.25,-3.5,0.25,rl,58
1,33,3.0,13.0,early,3.0,True,False,1,True,1,2,0.7,0.3,False,False,4.0,right,0.0,1.0,2,0.8108054134063423,False,nan,1.0,1,0.75,-2.75,0.75,rl,58
1,34,3.0,14.0,early,3.0,True,False,1,True,1,2,0.7,0.3,False,False,1.0,left,1.0,0.0,1,0.498171454295516,True,1.0,nan,1,0.5,-2.25,0.5,rl,58
1,35,3.0,15.0,early,3.0,True,False,1,False,2,1,0.7,0.3,False,False,4.0,right,1.0,0.0,1,1.0035787944216281,True,1.0,nan,1,0.75,-1.5,0.75,rl,58
1,36,3.0,16.0,early,4.0,True,False,1,True,1,2,0.7,0.3,False,False,1.0,left,1.0,0.0,1,0.6354729365557432,True,1.0,nan,1,0.25,-1.25,0.25,rl,58
1,37,3.0,17.0,late,4.0,True,False,1,True,1,2,0.7,0.3,False,False,4.0,right,0.0,1.0,2,0.680812249192968,False,nan,0.0,0,-0.5,-1.75,0.5,rl,58
1,38,3.0,18.0,late,4.0,True,False,1,False,2,1,0.7,0.3,False,False,1.0,left,0.0,1.0,2,0.31223015720024705,False,nan,0.0,0,-0.25,-2.0,0.25,rl,58
1,39,3.0,19.0,late,4.0,True,False,1,False,2,1,0.7,0.3,False,False,4.0,right,1.0,0.0,1,0.4597568919416517,True,1.0,nan,1,0.75,-1.25,0.75,rl,58
1,40,3.0,20.0,late,4.0,True,False,1,False,2,1,0.7,0.3,False,False,4.0,right,1.0,0.0,1,0.4391644555144012,True,1.0,nan,1,0.5,-0.75,0.5,rl,58
1,41,3.0,21.0,late,5.0,True,False,1,False,2,1,0.7,0.3,False,False,1.0,left,0.0,1.0,2,0.3687832597643137,False,nan,0.0,0,-0.75,-1.5,0.75,rl,58
1,42,3.0,22.0,late,5.0,True,False,1,True,1,2,0.7,0.3,False,False,4.0,right,0.0,1.0,2,0.5524668430443853,False,nan,0.0,0,-0.5,-2.0,0.5,rl,58
1,43,3.0,23.0,late,5.0,True,False,1,True,1,2,0.7,0.3,False,False,1.0,left,1.0,0.0,1,0.38297146069817245,True,1.0,nan,1,0.75,-1.25,0.75,rl,58
1,44,3.0,24.0,late,5.0,True,False,1,False,2,1,0.7,0.3,False,False,4.0,right,1.0,0.0,1,0.7554203162435442,True,1.0,nan,1,0.5,-0.75,0.5,rl,58
1,45,3.0,25.0,late,5.0,True,False,1,False,2,1,0.7,0.3,False,False,1.0,left,0.0,1.0,2,0.6173288247082382,False,nan,1.0,1,0.5,-0.25,0.5,rl,58
1,46,3.0,26.0,late,6.0,True,False,1,True,1,2,0.7,0.3,False,False,4.0,right,0.0,1.0,2,0.5812778384424746,False,nan,0.0,0,-0.75,-1.0,0.75,rl,58
1,47,3.0,27.0,late,6.0,True,False,1,True,1,2,0.7,0.3,False,False,1.0,left,1.0,0.0,1,0.5539319084491581,True,1.0,nan,1,0.25,-0.75,0.25,rl,58
1,48,3.0,28.0,late,6.0,True,False,1,True,1,2,0.7,0.3,False,False,1.0,left,1.0,0.0,1,0.4072544190566987,True,1.0,nan,1,0.5,-0.25,0.5,rl,58
1,49,3.0,29.0,late,6.0,True,False,1,True,1,2,0.7,0.3,False,False,1.0,left,1.0,0.0,1,0.6419900723267347,True,1.0,nan,1,0.25,0.0,0.25,rl,58
1,50,3.0,30.0,late,6.0,True,False,1,True,1,2,0.7,0.3,True,False,1.0,left,1.0,0.0,1,0.6574937824625522,True,0.0,nan,0,-0.25,-0.25,0.25,rl,58
1,51,3.0,31.0,late,7.0,True,False,1,True,1,2,0.7,0.3,True,False,4.0,right,0.0,1.0,2,0.686107421759516,False,nan,0.0,0,-0.5,-0.75,0.5,rl,58
1,52,3.0,32.0,late,7.0,True,False,1,False,2,1,0.7,0.3,True,True,1.0,left,0.0,1.0,2,0.8117317829746753,False,nan,1.0,1,0.75,0.0,0.75,rl,58
1,53,4.0,1.0,early,1.0,False,True,2,False,2,1,0.3,0.7,False,False,4.0,right,1.0,0.0,1,0.9611875005066395,False,0.0,nan,0,-0.75,-0.75,0.75,rl,58
1,54,4.0,2.0,early,1.0,False,True,2,False,2,1,0.3,0.7,False,False,1.0,left,0.0,1.0,2,0.416851241607219,True,nan,0.0,0,-0.5,-1.25,0.5,rl,58
1,55,4.0,3.0,early,1.0,False,True,2,True,1,2,0.3,0.7,False,False,4.0,right,0.0,1.0,2,0.46106829517520964,True,nan,1.0,1,0.25,-1.0,0.25,rl,58
1,56,4.0,4.0,early,1.0,False,True,2,False,2,1,0.3,0.7,False,False,1.0,left,0.0,1.0,2,0.8124992118682712,True,nan,0.0,0,-0.5,-1.5,0.5,rl,58
1,57,4.0,5.0,late,1.0,False,True,2,True,1,2,0.3,0.7,True,False,4.0,right,0.0,1.0,2,0.4214112425688654,True,nan,1.0,1,0.75,-0.75,0.75,rl,58
1,58,4.0,6.0,late,2.0,False,True,2,False,2,1,0.3,0.7,True,False,4.0,right,1.0,0.0,1,0.6047875026706606,False,1.0,nan,1,0.25,-0.5,0.25,rl,58
1,59,4.0,7.0,late,2.0,False,True,2,False,2,1,0.3,0.7,True,False,1.0,left,0.0,1.0,2,0.6763490198645741,True,nan,0.0,0,-0.5,-1.0,0.5,rl,58
1,60,4.0,8.0,late,2.0,False,True,2,True,1,2,0.3,0.7,True,True,4.0,right,0.0,1.0,2,0.6232031616382301,True,nan,1.0,1,0.5,-0.5,0.5,rl,58
1,61,5.0,1.0,early,1.0,True,False,1,False,2,1,0.7,0.3,False,False,1.0,left,0.0,1.0,2,0.34367539593949914,False,nan,0.0,0,-0.5,-1.0,0.5,rl,58
1,62,5.0,2.0,early,1.0,True,False,1,True,1,2,0.7,0.3,False,False,4.0,right,0.0,1.0,2,0.4818314020521939,False,nan,1.0,1,0.5,-0.5,0.5,rl,58
1,63,5.0,3.0,early,1.0,True,False,1,True,1,2,0.7,0.3,False,False,1.0,left,1.0,0.0,1,0.3805762140545994,True,1.0,nan,1,0.25,-0.25,0.25,rl,58
1,64,5.0,4.0,early,1.0,True,False,1,True,1,2,0.7,0.3,False,False,1.0,left,1.0,0.0,1,0.3634147751145065,True,0.0,nan,0,-0.25,-0.5,0.25,rl,58
1,65,5.0,5.0,late,1.0,True,False,1,False,2,1,0.7,0.3,False,False,4.0,right,1.0,0.0,1,0.40983059955760837,True,0.0,nan,0,-0.75,-1.25,0.75,rl,58
1,66,5.0,6.0,late,2.0,True,False,1,True,1,2,0.7,0.3,True,False,1.0,left,1.0,0.0,1,0.9121910964604467,True,1.0,nan,1,0.75,-0.5,0.75,rl,58
1,67,5.0,7.0,late,2.0,True,False,1,True,1,2,0.7,0.3,True,False,4.0,right,0.0,1.0,2,0.40141175291500986,False,nan,0.0,0,-0.5,-1.0,0.5,rl,58
1,68,5.0,8.0,late,2.0,True,False,1,False,2,1,0.7,0.3,True,False,1.0,left,0.0,1.0,2,0.6331163984723389,False,nan,0.0,0,-0.25,-1.25,0.25,rl,58
1,69,5.0,9.0,late,2.0,True,False,1,False,2,1,0.7,0.3,True,True,4.0,right,1.0,0.0,1,0.5366845480166376,True,1.0,nan,1,0.75,-0.5,0.75,rl,58
1,70,6.0,1.0,late,1.0,False,True,2,False,2,1,0.3,0.7,False,False,1.0,left,0.0,1.0,2,0.31803000904619694,True,nan,0.0,0,-0.75,-1.25,0.75,rl,58
