sessNo,trialNo,block,blockTrialNo,trialClass,blockBin,stim1_High,stim2_High,stimHigh,stim1_left,leftStim,rightStim,stim1_pWin,stim2_pWin,reverseStatus,reverseTrial,responseKey,response_LR,selected_stim1,selected_stim2,response_stimID,RT,highChosen,stim1_isWin,stim2_isWin,isWin,payOut,accum_payOut,abs_outMag,instructCond,subID
1,1,1.0,1.0,early,1.0,True,False,1,False,2,1,0.7,0.3,False,False,4.0,right,1.0,0.0,1,0.7392060670536011,True,1.0,nan,1,0.75,0.75,0.75,hm,55
1,2,1.0,2.0,early,1.0,True,False,1,False,2,1,0.7,0.3,False,False,4.0,right,1.0,0.0,1,0.5034724920988083,True,1.0,nan,1,0.25,1.0,0.25,hm,55
1,3,1.0,3.0,late,1.0,True,False,1,False,2,1,0.7,0.3,False,False,4.0,right,1.0,0.0,1,0.554194072028622,True,0.0,nan,0,-0.5,0.5,0.5,hm,55
1,4,1.0,4.0,late,1.0,True,False,1,True,1,2,0.7,0.3,True,True,1.0,left,1.0,0.0,1,0.43462791410274804,True,1.0,nan,1,0.5,1.0,0.5,hm,55
1,5,2.0,1.0,early,1.0,False,True,2,False,2,1,0.3,0.7,False,False,1.0,left,0.0,1.0,2,0.5390575078781694,True,nan,1.0,1,0.75,1.75,0.75,hm,55
1,6,2.0,2.0,early,1.0,False,True,2,True,1,2,0.3,0.7,False,False,1.0,left,1.0,0.0,1,0.6415848040487617,False,0.0,nan,0,-0.5,1.25,0.5,hm,55
1,7,2.0,3.0,early,1.0,False,True,2,False,2,1,0.3,0.7,False,False,4.0,right,1.0,0.0,1,0.4142407509498298,False,0.0,nan,0,-0.75,0.5,0.75,hm,55
1,8,2.0,4.0,early,1.0,False,True,2,False,2,1,0.3,0.7,False,False,1.0,left,0.0,1.0,2,0.38563913479447365,True,nan,1.0,1,0.75,1.25,0.75,hm,55
1,9,2.0,5.0,early,1.0,False,True,2,False,2,1,0.3,0.7,False,False,4.0,right,1.0,0.0,1,0.85035953624174,False,0.0,nan,0,-0.5,0.75,0.5,hm,55
1,10,2.0,6.0,early,2.0,False,True,2,False,2,1,0.3,0.7,False,False,1.0,left,0.0,1.0,2,0.5129575873725116,True,nan,0.0,0,-0.25,0.5,0.25,hm,55
1,11,2.0,7.0,early,2.0,False,True,2,False,2,1,0.3,0.7,False,False,4.0,right,1.0,0.0,1,0.8701560988556594,False,0.0,nan,0,-0.75,-0.25,0.75,hm,55
1,12,2.0,8.0,early,2.0,False,True,2,False,2,1,0.3,0.7,False,False,1.0,left,0.0,1.0,2,0.7969365592580289,True,nan,1.0,1,0.5,0.25,0.5,hm,55
1,13,2.0,9.0,late,2.0,False,True,2,False,2,1,0.3,0.7,False,False,1.0,left,0.0,1.0,2,0.5969572036992759,True,nan,1.0,1,0.75,1.0,0.75,hm,55
1,14,2.0,10.0,late,2.0,False,True,2,True,1,2,0.3,0.7,False,False,1.0,left,1.0,0.0,1,1.134792455472052,False,0.0,nan,0,-0.5,0.5,0.5,hm,55
1,15,2.0,11.0,late,3.0,False,True,2,False,2,1,0.3,0.7,False,False,4.0,right,1.0,0.0,1,0.9022593852132559,False,1.0,nan,1,0.25,0.75,0.25,hm,55
1,16,2.0,12.0,late,3.0,False,True,2,False,2,1,0.3,0.7,False,False,4.0,right,1.0,0.0,1,0.8511357626412064,False,0.0,nan,0,-0.5,0.25,0.5,hm,55
1,17,2.0,13.0,late,3.0,False,True,2,True,1,2,0.3,0.7,False,False,1.0,left,1.0,0.0,1,0.4993072026409209,False,0.0,nan,0,-0.25,0.0,0.25,hm,55
1,18,2.0,14.0,late,3.0,False,True,2,False,2,1,0.3,0.7,False,False,1.0,left,0.0,1.0,2,0.6999211458023638,True,nan,0.0,0,-0.75,-0.75,0.75,hm,55
1,19,2.0,15.0,late,3.0,False,True,2,True,1,2,0.3,0.7,False,False,4.0,right,0.0,1.0,2,0.9112855480052531,True,nan,1.0,1,0.25,-0.5,0.25,hm,55
1,20,2.0,16.0,late,4.0,False,True,2,False,2,1,0.3,0.7,False,False,1.0,left,0.0,1.0,2,1.1065412701573223,True,nan,1.0,1,0.5,0.0,0.5,hm,55
1,21,2.0,17.0,late,4.0,False,True,2,False,2,1,0.3,0.7,True,True,1.0,left,0.0,1.0,2,0.5896377423778176,True,nan,1.0,1,0.5,0.5,0.5,hm,55
1,22,3.0,1.0,early,1.0,True,False,1,False,2,1,0.7,0.3,False,False,1.0,left,0.0,1.0,2,0.35905946092680097,False,nan,0.0,0,-0.25,0.25,0.25,hm,55
1,23,3.0,2.0,early,1.0,True,False,1,False,2,1,0.7,0.3,False,False,4.0,right,1.0,0.0,1,0.4092414651531726,True,1.0,nan,1,0.5,0.75,0.5,hm,55
1,24,3.0,3.0,early,1.0,True,False,1,False,2,1,0.7,0.3,False,False,4.0,right,1.0,0.0,1,0.5657301410101354,True,0.0,nan,0,-0.75,0.0,0.75,hm,55
1,25,3.0,4.0,early,1.0,True,False,1,True,1,2,0.7,0.3,False,False,1.0,left,1.0,0.0,1,0.5404583518393338,True,0.0,nan,0,-0.5,-0.5,0.5,hm,55
1,26,3.0,5.0,early,1.0,True,False,1,False,2,1,0.7,0.3,False,False,1.0,left,0.0,1.0,2,0.5569159965962172,False,nan,0.0,0,-0.75,-1.25,0.75,hm,55
1,27,3.0,6.0,early,2.0,True,False,1,True,1,2,0.7,0.3,False,False,4.0,right,0.0,1.0,2,1.3197721934411675,False,nan,0.0,0,-0.75,-2.0,0.75,hm,55
1,28,3.0,7.0,early,2.0,True,False,1,True,1,2,0.7,0.3,False,False,1.0,left,1.0,0.0,1,1.2429873489309102,True,1.0,nan,1,0.5,-1.5,0.5,hm,55
1,29,3.0,8.0,early,2.0,True,False,1,False,2,1,0.7,0.3,False,False,1.0,left,0.0,1.0,2,0.8144454965367913,False,nan,0.0,0,-0.25,-1.75,0.25,hm,55
1,30,3.0,9.0,early,2.0,True,False,1,False,2,1,0.7,0.3,False,False,1.0,left,0.0,1.0,2,0.6369775903876871,False,nan,1.0,1,0.25,-1.5,0.25,hm,55
1,31,3.0,10.0,early,2.0,True,False,1,True,1,2,0.7,0.3,False,False,4.0,right,0.0,1.0,2,0.8019481613300741,False,nan,0.0,0,-0.75,-2.25,0.75,hm,55
1,32,3.0,11.0,early,3.0,True,False,1,True,1,2,0.7,0.3,False,False,1.0,left,1.0,0.0,1,0.6262098297011107,True,0.0,nan,0,-0.5,-2.75,0.5,hm,55
1,33,3.0,12.0,early,3.0,True,False,1,False,2,1,0.7,0.3,False,False,1.0,left,0.0,1.0,2,0.6667293237987906,False,nan,1.0,1,0.25,-2.5,0.25,hm,55
1,34,3.0,13.0,early,3.0,True,False,1,False,2,1,0.7,0.3,False,False,1.0,left,0.0,1.0,2,0.7599058323539793,False,nan,1.0,1,0.25,-2.25,0.25,hm,55
1,35,3.0,14.0,early,3.0,True,False,1,True,1,2,0.7,0.3,False,False,4.0,right,0.0,1.0,2,0.7957093177828938,False,nan,0.0,0,-0.5,-2.75,0.5,hm,55
1,36,3.0,15.0,early,3.0,True,False,1,True,1,2,0.7,0.3,False,False,1.0,left,1.0,0.0,1,0.558287515770644,True,1.0,nan,1,0.5,-2.25,0.5,hm,55
1,37,3.0,16.0,early,4.0,True,False,1,False,2,1,0.7,0.3,False,False,1.0,left,0.0,1.0,2,1.1119511027354747,False,nan,1.0,1,0.75,-1.5,0.75,hm,55
1,38,3.0,17.0,early,4.0,True,False,1,True,1,2,0.7,0.3,False,False,1.0,left,1.0,0.0,1,0.36130515136756003,True,0.0,nan,0,-0.75,-2.25,0.75,hm,55
1,39,3.0,18.0,early,4.0,True,False,1,False,2,1,0.7,0.3,False,False,4.0,right,1.0,0.0,1,0.4350012184586376,True,1.0,nan,1,0.25,-2.0,0.25,hm,55
1,40,3.0,19.0,early,4.0,True,False,1,True,1,2,0.7,0.3,False,False,1.0,left,1.0,0.0,1,0.5675711499061435,True,0.0,nan,0,-0.5,-2.5,0.5,hm,55
1,41,3.0,20.0,early,4.0,True,False,1,True,1,2,0.7,0.3,False,False,4.0,right,0.0,1.0,2,0.6588685272727162,False,nan,0.0,0,-0.75,-3.25,0.75,hm,55
1,42,3.0,21.0,early,5.0,True,False,1,False,2,1,0.7,0.3,False,False,1.0,left,0.0,1.0,2,0.4816123459022492,False,nan,1.0,1,0.75,-2.5,0.75,hm,55
1,43,3.0,22.0,early,5.0,True,False,1,False,2,1,0.7,0.3,False,False,1.0,left,0.0,1.0,2,0.6651669004932046,False,nan,1.0,1,0.5,-2.0,0.5,hm,55
1,44,3.0,23.0,early,5.0,True,False,1,False,2,1,0.7,0.3,False,False,1.0,left,0.0,1.0,2,0.6123811504803598,False,nan,0.0,0,-0.25,-2.25,0.25,hm,55
1,45,3.0,24.0,early,5.0,True,False,1,True,1,2,0.7,0.3,False,False,1.0,left,1.0,0.0,1,0.6983563762623817,True,1.0,nan,1,0.75,-1.5,0.75,hm,55
1,46,3.0,25.0,late,5.0,True,False,1,True,1,2,0.7,0.3,False,False,4.0,right,0.0,1.0,2,0.9274599151685834,False,nan,0.0,0,-0.5,-2.0,0.5,hm,55
1,47,3.0,26.0,late,6.0,True,False,1,False,2,1,0.7,0.3,False,False,1.0,left,0.0,1.0,2,0.6085290494374931,False,nan,1.0,1,0.25,-1.75,0.25,hm,55
1,48,3.0,27.0,late,6.0,True,False,1,False,2,1,0.7,0.3,False,False,1.0,left,0.0,1.0,2,0.6145312420558184,False,nan,0.0,0,-0.5,-2.25,0.5,hm,55
1,49,3.0,28.0,late,6.0,True,False,1,True,1,2,0.7,0.3,False,False,4.0,right,0.0,1.0,2,0.6238447877112776,False,nan,0.0,0,-0.25,-2.5,0.25,hm,55
1,50,3.0,29.0,late,6.0,True,False,1,True,1,2,0.7,0.3,False,False,1.0,left,1.0,0.0,1,0.6557448534294963,True,1.0,nan,1,0.5,-2.0,0.5,hm,55
1,51,3.0,30.0,late,6.0,True,False,1,True,1,2,0.7,0.3,False,False,1.0,left,1.0,0.0,1,0.6624135982710868,True,1.0,nan,1,0.5,-1.5,0.5,hm,55
1,52,3.0,31.0,late,7.0,True,False,1,False,2,1,0.7,0.3,False,False,1.0,left,0.0,1.0,2,0.5421753169503063,False,nan,0.0,0,-0.25,-1.75,0.25,hm,55
1,53,3.0,32.0,late,7.0,True,False,1,False,2,1,0.7,0.3,False,False,4.0,right,1.0,0.0,1,0.6243620763998479,True,1.0,nan,1,0.5,-1.25,0.5,hm,55
1,54,3.0,33.0,late,7.0,True,False,1,True,1,2,0.7,0.3,False,False,4.0,right,0.0,1.0,2,0.556832421105355,False,nan,0.0,0,-0.25,-1.5,0.25,hm,55
1,55,3.0,34.0,late,7.0,True,False,1,False,2,1,0.7,0.3,False,False,1.0,left,0.0,1.0,2,0.5509557381737977,False,nan,0.0,0,-0.25,-1.75,0.25,hm,55
1,56,3.0,35.0,late,7.0,True,False,1,True,1,2,0.7,0.3,False,False,4.0,right,0.0,1.0,2,0.47561132605187595,False,nan,0.0,0,-0.75,-2.5,0.75,hm,55
1,57,3.0,36.0,late,8.0,True,False,1,True,1,2,0.7,0.3,False,False,1.0,left,1.0,0.0,1,0.7414725781418383,True,1.0,nan,1,0.5,-2.0,0.5,hm,55
1,58,3.0,37.0,late,8.0,True,False,1,False,2,1,0.7,0.3,False,False,4.0,right,1.0,0.0,1,1.3209853591397405,True,1.0,nan,1,0.75,-1.25,0.75,hm,55
1,59,3.0,38.0,late,8.0,True,False,1,False,2,1,0.7,0.3,False,False,1.0,left,0.0,1.0,2,1.0913164385128766,False,nan,1.0,1,0.75,-0.5,0.75,hm,55
1,60,3.0,39.0,late,8.0,True,False,1,True,1,2,0.7,0.3,False,False,1.0,left,1.0,0.0,1,0.7426194697618484,True,1.0,nan,1,0.5,0.0,0.5,hm,55
1,61,3.0,40.0,late,8.0,True,False,1,False,2,1,0.7,0.3,False,False,4.0,right,1.0,0.0,1,0.6244805485475808,True,0.0,nan,0,-0.25,-0.25,0.25,hm,55
1,62,3.0,41.0,late,9.0,True,False,1,False,2,1,0.7,0.3,False,False,1.0,left,0.0,1.0,2,0.6920075647067279,False,nan,0.0,0,-0.75,-1.0,0.75,hm,55
1,63,3.0,42.0,late,9.0,True,False,1,False,2,1,0.7,0.3,False,False,4.0,right,1.0,0.0,1,0.5405143622774631,True,0.0,nan,0,-0.75,-1.75,0.75,hm,55
1,64,3.0,43.0,late,9.0,True,False,1,True,1,2,0.7,0.3,False,False,1.0,left,1.0,0.0,1,0.5620123476255685,True,0.0,nan,0,-0.5,-2.25,0.5,hm,55
1,65,3.0,44.0,late,9.0,True,False,1,True,1,2,0.7,0.3,False,False,4.0,right,0.0,1.0,2,0.9466905095614493,False,nan,1.0,1,0.5,-1.75,0.5,hm,55
1,66,3.0,45.0,late,9.0,True,False,1,False,2,1,0.7,0.3,False,False,4.0,right,1.0,0.0,1,0.7501424450892955,True,1.0,nan,1,0.5,-1.25,0.5,hm,55
1,67,3.0,46.0,late,10.0,True,False,1,False,2,1,0.7,0.3,False,False,1.0,left,0.0,1.0,2,0.6613746217917651,False,nan,0.0,0,-0.25,-1.5,0.25,hm,55
1,68,3.0,47.0,late,10.0,True,False,1,False,2,1,0.7,0.3,False,False,4.0,right,1.0,0.0,1,1.4261630275286734,True,1.0,nan,1,0.75,-0.75,0.75,hm,55
1,69,3.0,48.0,late,10.0,True,False,1,True,1,2,0.7,0.3,False,False,4.0,right,0.0,1.0,2,0.8427148633636534,False,nan,0.0,0,-0.5,-1.25,0.5,hm,55
1,70,3.0,49.0,late,10.0,True,False,1,True,1,2,0.7,0.3,False,False,1.0,left,1.0,0.0,1,1.622263009659946,True,1.0,nan,1,0.25,-1.0,0.25,hm,55
