sessNo,trialNo,block,blockTrialNo,trialClass,blockBin,stim1_High,stim2_High,stimHigh,stim1_left,leftStim,rightStim,stim1_pWin,stim2_pWin,reverseStatus,reverseTrial,responseKey,response_LR,selected_stim1,selected_stim2,response_stimID,RT,highChosen,stim1_isWin,stim2_isWin,isWin,payOut,accum_payOut,abs_outMag,instructCond,subID
1,1,1.0,1.0,early,1.0,True,False,1,False,2,1,0.7,0.3,False,False,4.0,right,1.0,0.0,1,2.4367173814680427,True,1.0,nan,1,0.25,0.25,0.25,hm,63
1,2,1.0,2.0,early,1.0,True,False,1,True,1,2,0.7,0.3,False,False,1.0,left,1.0,0.0,1,0.7592148869298398,True,1.0,nan,1,0.25,0.5,0.25,hm,63
1,3,1.0,3.0,late,1.0,True,False,1,True,1,2,0.7,0.3,False,False,1.0,left,1.0,0.0,1,0.7459833372849971,True,1.0,nan,1,0.75,1.25,0.75,hm,63
1,4,1.0,4.0,late,1.0,True,False,1,True,1,2,0.7,0.3,True,False,1.0,left,1.0,0.0,1,0.7574407490901649,True,1.0,nan,1,0.25,1.5,0.25,hm,63
1,5,1.0,5.0,late,1.0,True,False,1,True,1,2,0.7,0.3,True,True,1.0,left,1.0,0.0,1,0.7200457346625626,True,0.0,nan,0,-0.5,1.0,0.5,hm,63
1,6,2.0,1.0,early,1.0,False,True,2,True,1,2,0.3,0.7,False,False,4.0,right,0.0,1.0,2,0.7682961267419159,True,nan,1.0,1,0.25,1.25,0.25,hm,63
1,7,2.0,2.0,early,1.0,False,True,2,False,2,1,0.3,0.7,False,False,1.0,left,0.0,1.0,2,0.7399266357533634,True,nan,1.0,1,0.75,2.0,0.75,hm,63
1,8,2.0,3.0,late,1.0,False,True,2,True,1,2,0.3,0.7,False,False,4.0,right,0.0,1.0,2,0.7329995804466307,True,nan,1.0,1,0.5,2.5,0.5,hm,63
1,9,2.0,4.0,late,1.0,False,True,2,True,1,2,0.3,0.7,True,False,4.0,right,0.0,1.0,2,0.7813833993859589,True,nan,0.0,0,-0.75,1.75,0.75,hm,63
1,10,2.0,5.0,late,1.0,False,True,2,True,1,2,0.3,0.7,True,True,1.0,left,1.0,0.0,1,0.6133039228152484,False,0.0,nan,0,-0.5,1.25,0.5,hm,63
1,11,3.0,1.0,early,1.0,True,False,1,False,2,1,0.7,0.3,False,False,1.0,left,0.0,1.0,2,1.45903779566288,False,nan,0.0,0,-0.5,0.75,0.5,hm,63
1,12,3.0,2.0,early,1.0,True,False,1,True,1,2,0.7,0.3,False,False,4.0,right,0.0,1.0,2,1.3853802827652544,False,nan,1.0,1,0.75,1.5,0.75,hm,63
1,13,3.0,3.0,early,1.0,True,False,1,False,2,1,0.7,0.3,False,False,4.0,right,1.0,0.0,1,0.655331342946738,True,1.0,nan,1,0.5,2.0,0.5,hm,63
1,14,3.0,4.0,early,1.0,True,False,1,True,1,2,0.7,0.3,False,False,4.0,right,0.0,1.0,2,0.6901361159980297,False,nan,1.0,1,0.25,2.25,0.25,hm,63
1,15,3.0,5.0,early,1.0,True,False,1,True,1,2,0.7,0.3,False,False,4.0,right,0.0,1.0,2,0.6832759205717593,False,nan,0.0,0,-0.75,1.5,0.75,hm,63
1,16,3.0,6.0,late,2.0,True,False,1,True,1,2,0.7,0.3,False,False,1.0,left,1.0,0.0,1,0.7239089563954622,True,1.0,nan,1,0.5,2.0,0.5,hm,63
1,17,3.0,7.0,late,2.0,True,False,1,True,1,2,0.7,0.3,False,False,1.0,left,1.0,0.0,1,0.6490423907525837,True,1.0,nan,1,0.25,2.25,0.25,hm,63
1,18,3.0,8.0,late,2.0,True,False,1,True,1,2,0.7,0.3,False,False,1.0,left,1.0,0.0,1,0.6417511240579188,True,1.0,nan,1,0.25,2.5,0.25,hm,63
1,19,3.0,9.0,late,2.0,True,False,1,True,1,2,0.7,0.3,True,False,1.0,left,1.0,0.0,1,0.6324223843403161,True,0.0,nan,0,-0.5,2.0,0.5,hm,63
1,20,3.0,10.0,late,2.0,True,False,1,True,1,2,0.7,0.3,True,True,4.0,right,0.0,1.0,2,0.6459597893990576,False,nan,0.0,0,-0.75,1.25,0.75,hm,63
1,21,4.0,1.0,early,1.0,False,True,2,True,1,2,0.3,0.7,False,False,1.0,left,1.0,0.0,1,0.931016534101218,False,0.0,nan,0,-0.5,0.75,0.5,hm,63
1,22,4.0,2.0,early,1.0,False,True,2,False,2,1,0.3,0.7,False,False,1.0,left,0.0,1.0,2,0.7029257440008223,True,nan,0.0,0,-0.25,0.5,0.25,hm,63
1,23,4.0,3.0,early,1.0,False,True,2,False,2,1,0.3,0.7,False,False,4.0,right,1.0,0.0,1,0.5259477195795625,False,0.0,nan,0,-0.5,0.0,0.5,hm,63
1,24,4.0,4.0,early,1.0,False,True,2,True,1,2,0.3,0.7,False,False,4.0,right,0.0,1.0,2,0.9757201168686152,True,nan,1.0,1,0.25,0.25,0.25,hm,63
1,25,4.0,5.0,early,1.0,False,True,2,False,2,1,0.3,0.7,False,False,1.0,left,0.0,1.0,2,0.6544562971685082,True,nan,0.0,0,-0.75,-0.5,0.75,hm,63
1,26,4.0,6.0,late,2.0,False,True,2,False,2,1,0.3,0.7,False,False,4.0,right,1.0,0.0,1,0.569932556245476,False,0.0,nan,0,-0.75,-1.25,0.75,hm,63
1,27,4.0,7.0,late,2.0,False,True,2,True,1,2,0.3,0.7,False,False,1.0,left,1.0,0.0,1,1.1344778917264193,False,0.0,nan,0,-0.75,-2.0,0.75,hm,63
1,28,4.0,8.0,late,2.0,False,True,2,True,1,2,0.3,0.7,False,False,4.0,right,0.0,1.0,2,0.729689127067104,True,nan,0.0,0,-0.5,-2.5,0.5,hm,63
1,29,4.0,9.0,late,2.0,False,True,2,True,1,2,0.3,0.7,False,False,4.0,right,0.0,1.0,2,1.2934424050617963,True,nan,1.0,1,0.5,-2.0,0.5,hm,63
1,30,4.0,10.0,late,2.0,False,True,2,False,2,1,0.3,0.7,False,False,1.0,left,0.0,1.0,2,0.7921936172060668,True,nan,1.0,1,0.25,-1.75,0.25,hm,63
1,31,4.0,11.0,late,3.0,False,True,2,True,1,2,0.3,0.7,True,True,4.0,right,0.0,1.0,2,0.5490299863740802,True,nan,1.0,1,0.75,-1.0,0.75,hm,63
1,32,5.0,1.0,early,1.0,True,False,1,False,2,1,0.7,0.3,False,False,1.0,left,0.0,1.0,2,0.53203667816706,False,nan,0.0,0,-0.5,-1.5,0.5,hm,63
1,33,5.0,2.0,early,1.0,True,False,1,True,1,2,0.7,0.3,False,False,1.0,left,1.0,0.0,1,1.552649814169854,True,1.0,nan,1,0.75,-0.75,0.75,hm,63
1,34,5.0,3.0,early,1.0,True,False,1,False,2,1,0.7,0.3,False,False,4.0,right,1.0,0.0,1,0.6550334051717073,True,1.0,nan,1,0.5,-0.25,0.5,hm,63
1,35,5.0,4.0,early,1.0,True,False,1,True,1,2,0.7,0.3,False,False,1.0,left,1.0,0.0,1,0.6197069475892931,True,1.0,nan,1,0.25,0.0,0.25,hm,63
1,36,5.0,5.0,early,1.0,True,False,1,True,1,2,0.7,0.3,False,False,4.0,right,0.0,1.0,2,0.6248589851893485,False,nan,1.0,1,0.75,0.75,0.75,hm,63
1,37,5.0,6.0,early,2.0,True,False,1,True,1,2,0.7,0.3,False,False,1.0,left,1.0,0.0,1,0.4785624030046165,True,0.0,nan,0,-0.25,0.5,0.25,hm,63
1,38,5.0,7.0,early,2.0,True,False,1,False,2,1,0.7,0.3,False,False,1.0,left,0.0,1.0,2,0.7570683264639229,False,nan,0.0,0,-0.5,0.0,0.5,hm,63
1,39,5.0,8.0,early,2.0,True,False,1,True,1,2,0.7,0.3,False,False,4.0,right,0.0,1.0,2,0.5835113092325628,False,nan,0.0,0,-0.75,-0.75,0.75,hm,63
1,40,5.0,9.0,early,2.0,True,False,1,True,1,2,0.7,0.3,False,False,4.0,right,0.0,1.0,2,0.5831567749846727,False,nan,0.0,0,-0.5,-1.25,0.5,hm,63
1,41,5.0,10.0,early,2.0,True,False,1,False,2,1,0.7,0.3,False,False,1.0,left,0.0,1.0,2,0.43783083627931774,False,nan,0.0,0,-0.75,-2.0,0.75,hm,63
1,42,5.0,11.0,early,3.0,True,False,1,False,2,1,0.7,0.3,False,False,4.0,right,1.0,0.0,1,0.6139000917319208,True,1.0,nan,1,0.5,-1.5,0.5,hm,63
1,43,5.0,12.0,early,3.0,True,False,1,True,1,2,0.7,0.3,False,False,1.0,left,1.0,0.0,1,0.9479423959273845,True,0.0,nan,0,-0.75,-2.25,0.75,hm,63
1,44,5.0,13.0,early,3.0,True,False,1,True,1,2,0.7,0.3,False,False,4.0,right,0.0,1.0,2,1.5194869253318757,False,nan,1.0,1,0.75,-1.5,0.75,hm,63
1,45,5.0,14.0,early,3.0,True,False,1,True,1,2,0.7,0.3,False,False,4.0,right,0.0,1.0,2,1.6958725929725915,False,nan,0.0,0,-0.5,-2.0,0.5,hm,63
1,46,5.0,15.0,early,3.0,True,False,1,True,1,2,0.7,0.3,False,False,1.0,left,1.0,0.0,1,0.6074653961695731,True,1.0,nan,1,0.5,-1.5,0.5,hm,63
1,47,5.0,16.0,early,4.0,True,False,1,False,2,1,0.7,0.3,False,False,1.0,left,0.0,1.0,2,1.3220661403611302,False,nan,0.0,0,-0.25,-1.75,0.25,hm,63
1,48,5.0,17.0,early,4.0,True,False,1,True,1,2,0.7,0.3,False,False,4.0,right,0.0,1.0,2,0.7293372319545597,False,nan,1.0,1,0.25,-1.5,0.25,hm,63
1,49,5.0,18.0,early,4.0,True,False,1,False,2,1,0.7,0.3,False,False,1.0,left,0.0,1.0,2,0.842946863733232,False,nan,0.0,0,-0.25,-1.75,0.25,hm,63
1,50,5.0,19.0,early,4.0,True,False,1,False,2,1,0.7,0.3,False,False,4.0,right,1.0,0.0,1,0.8434650290291756,True,1.0,nan,1,0.5,-1.25,0.5,hm,63
1,51,5.0,20.0,late,4.0,True,False,1,True,1,2,0.7,0.3,False,False,4.0,right,0.0,1.0,2,0.6809586912859231,False,nan,1.0,1,0.25,-1.0,0.25,hm,63
1,52,5.0,21.0,late,5.0,True,False,1,True,1,2,0.7,0.3,False,False,1.0,left,1.0,0.0,1,0.6015479865018278,True,1.0,nan,1,0.25,-0.75,0.25,hm,63
1,53,5.0,22.0,late,5.0,True,False,1,False,2,1,0.7,0.3,False,False,1.0,left,0.0,1.0,2,0.5820201535243541,False,nan,0.0,0,-0.5,-1.25,0.5,hm,63
1,54,5.0,23.0,late,5.0,True,False,1,True,1,2,0.7,0.3,False,False,4.0,right,0.0,1.0,2,2.7184563416521996,False,nan,1.0,1,0.25,-1.0,0.25,hm,63
1,55,5.0,24.0,late,5.0,True,False,1,True,1,2,0.7,0.3,False,False,4.0,right,0.0,1.0,2,0.8487836306449026,False,nan,0.0,0,-0.5,-1.5,0.5,hm,63
1,56,5.0,25.0,late,5.0,True,False,1,True,1,2,0.7,0.3,False,False,4.0,right,0.0,1.0,2,2.5015954044647515,False,nan,0.0,0,-0.75,-2.25,0.75,hm,63
1,57,5.0,26.0,late,6.0,True,False,1,False,2,1,0.7,0.3,False,False,4.0,right,1.0,0.0,1,1.4000068032182753,True,0.0,nan,0,-0.5,-2.75,0.5,hm,63
1,58,5.0,27.0,late,6.0,True,False,1,False,2,1,0.7,0.3,False,False,1.0,left,0.0,1.0,2,0.8727500340901315,False,nan,0.0,0,-0.5,-3.25,0.5,hm,63
1,59,5.0,28.0,late,6.0,True,False,1,True,1,2,0.7,0.3,False,False,4.0,right,0.0,1.0,2,1.0962958054151386,False,nan,1.0,1,0.75,-2.5,0.75,hm,63
1,60,5.0,29.0,late,6.0,True,False,1,False,2,1,0.7,0.3,False,False,1.0,left,0.0,1.0,2,0.8037612896878272,False,nan,0.0,0,-0.75,-3.25,0.75,hm,63
1,61,5.0,30.0,late,6.0,True,False,1,False,2,1,0.7,0.3,False,False,1.0,left,0.0,1.0,2,1.2320082625374198,False,nan,1.0,1,0.25,-3.0,0.25,hm,63
1,62,5.0,31.0,late,7.0,True,False,1,True,1,2,0.7,0.3,False,False,4.0,right,0.0,1.0,2,0.8218554430641234,False,nan,1.0,1,0.5,-2.5,0.5,hm,63
1,63,5.0,32.0,late,7.0,True,False,1,True,1,2,0.7,0.3,False,False,4.0,right,0.0,1.0,2,0.9873220985755324,False,nan,0.0,0,-0.75,-3.25,0.75,hm,63
1,64,5.0,33.0,late,7.0,True,False,1,False,2,1,0.7,0.3,False,False,1.0,left,0.0,1.0,2,1.2939332989044487,False,nan,0.0,0,-0.5,-3.75,0.5,hm,63
1,65,5.0,34.0,late,7.0,True,False,1,False,2,1,0.7,0.3,False,False,4.0,right,1.0,0.0,1,0.6424522749148309,True,1.0,nan,1,0.75,-3.0,0.75,hm,63
1,66,5.0,35.0,late,7.0,True,False,1,True,1,2,0.7,0.3,False,False,1.0,left,1.0,0.0,1,0.7878661872819066,True,1.0,nan,1,0.75,-2.25,0.75,hm,63
1,67,5.0,36.0,late,8.0,True,False,1,False,2,1,0.7,0.3,False,False,1.0,left,0.0,1.0,2,1.5943092107772827,False,nan,0.0,0,-0.5,-2.75,0.5,hm,63
1,68,5.0,37.0,late,8.0,True,False,1,True,1,2,0.7,0.3,False,False,1.0,left,1.0,0.0,1,0.97493069851771,True,1.0,nan,1,0.5,-2.25,0.5,hm,63
1,69,5.0,38.0,late,8.0,True,False,1,True,1,2,0.7,0.3,False,False,1.0,left,1.0,0.0,1,0.7699344917200506,True,0.0,nan,0,-0.25,-2.5,0.25,hm,63
1,70,5.0,39.0,late,8.0,True,False,1,True,1,2,0.7,0.3,False,False,4.0,right,0.0,1.0,2,1.0567568701226264,False,nan,1.0,1,0.25,-2.25,0.25,hm,63
