sessNo,trialNo,block,blockTrialNo,trialClass,blockBin,stim1_High,stim2_High,stimHigh,stim1_left,leftStim,rightStim,stim1_pWin,stim2_pWin,reverseStatus,reverseTrial,responseKey,response_LR,selected_stim1,selected_stim2,response_stimID,RT,highChosen,stim1_isWin,stim2_isWin,isWin,payOut,accum_payOut,abs_outMag,instructCond,subID
1,1,1.0,1.0,early,1.0,True,False,1,True,1,2,0.7,0.3,False,False,1.0,left,1.0,0.0,1,1.2162210745736957,True,1.0,nan,1,0.75,0.75,0.75,rl,67
1,2,1.0,2.0,early,1.0,True,False,1,True,1,2,0.7,0.3,False,False,1.0,left,1.0,0.0,1,0.42364389169961214,True,0.0,nan,0,-0.5,0.25,0.5,rl,67
1,3,1.0,3.0,early,1.0,True,False,1,True,1,2,0.7,0.3,False,False,4.0,right,0.0,1.0,2,0.46734955813735723,False,nan,0.0,0,-0.75,-0.5,0.75,rl,67
1,4,1.0,4.0,early,1.0,True,False,1,False,2,1,0.7,0.3,False,False,4.0,right,1.0,0.0,1,0.4995048544369638,True,1.0,nan,1,0.5,0.0,0.5,rl,67
1,5,1.0,5.0,early,1.0,True,False,1,True,1,2,0.7,0.3,False,False,1.0,left,1.0,0.0,1,0.6022183471359313,True,1.0,nan,1,0.25,0.25,0.25,rl,67
1,6,1.0,6.0,late,2.0,True,False,1,True,1,2,0.7,0.3,False,False,1.0,left,1.0,0.0,1,0.5790677536278963,True,1.0,nan,1,0.5,0.75,0.5,rl,67
1,7,1.0,7.0,late,2.0,True,False,1,False,2,1,0.7,0.3,True,False,4.0,right,1.0,0.0,1,0.4938727729022503,True,0.0,nan,0,-0.5,0.25,0.5,rl,67
1,8,1.0,8.0,late,2.0,True,False,1,False,2,1,0.7,0.3,True,False,4.0,right,1.0,0.0,1,0.4000059235841036,True,1.0,nan,1,0.75,1.0,0.75,rl,67
1,9,1.0,9.0,late,2.0,True,False,1,True,1,2,0.7,0.3,True,False,1.0,left,1.0,0.0,1,0.43128881277516484,True,0.0,nan,0,-0.25,0.75,0.25,rl,67
1,10,1.0,10.0,late,2.0,True,False,1,False,2,1,0.7,0.3,True,True,4.0,right,1.0,0.0,1,0.3802464264445007,True,1.0,nan,1,0.25,1.0,0.25,rl,67
1,11,2.0,1.0,early,1.0,False,True,2,True,1,2,0.3,0.7,False,False,1.0,left,1.0,0.0,1,0.4833795535378158,False,0.0,nan,0,-0.25,0.75,0.25,rl,67
1,12,2.0,2.0,early,1.0,False,True,2,False,2,1,0.3,0.7,False,False,4.0,right,1.0,0.0,1,0.5757441045716405,False,1.0,nan,1,0.75,1.5,0.75,rl,67
1,13,2.0,3.0,early,1.0,False,True,2,True,1,2,0.3,0.7,False,False,1.0,left,1.0,0.0,1,0.4511664882302284,False,0.0,nan,0,-0.75,0.75,0.75,rl,67
1,14,2.0,4.0,early,1.0,False,True,2,True,1,2,0.3,0.7,False,False,1.0,left,1.0,0.0,1,0.354286830406636,False,1.0,nan,1,0.5,1.25,0.5,rl,67
1,15,2.0,5.0,early,1.0,False,True,2,True,1,2,0.3,0.7,False,False,1.0,left,1.0,0.0,1,0.5224577994085848,False,0.0,nan,0,-0.5,0.75,0.5,rl,67
1,16,2.0,6.0,early,2.0,False,True,2,True,1,2,0.3,0.7,False,False,1.0,left,1.0,0.0,1,0.5811527324840426,False,0.0,nan,0,-0.25,0.5,0.25,rl,67
1,17,2.0,7.0,early,2.0,False,True,2,True,1,2,0.3,0.7,False,False,4.0,right,0.0,1.0,2,0.3297667782753706,True,nan,1.0,1,0.5,1.0,0.5,rl,67
1,18,2.0,8.0,early,2.0,False,True,2,False,2,1,0.3,0.7,False,False,4.0,right,1.0,0.0,1,0.8747391211800277,False,1.0,nan,1,0.5,1.5,0.5,rl,67
1,19,2.0,9.0,early,2.0,False,True,2,False,2,1,0.3,0.7,False,False,4.0,right,1.0,0.0,1,0.521627327427268,False,0.0,nan,0,-0.75,0.75,0.75,rl,67
1,20,2.0,10.0,late,2.0,False,True,2,True,1,2,0.3,0.7,False,False,4.0,right,0.0,1.0,2,0.6803859816864133,True,nan,0.0,0,-0.25,0.5,0.25,rl,67
1,21,2.0,11.0,late,3.0,False,True,2,False,2,1,0.3,0.7,False,False,4.0,right,1.0,0.0,1,0.6755403866991401,False,0.0,nan,0,-0.5,0.0,0.5,rl,67
1,22,2.0,12.0,late,3.0,False,True,2,False,2,1,0.3,0.7,False,False,1.0,left,0.0,1.0,2,0.7003138023428619,True,nan,1.0,1,0.25,0.25,0.25,rl,67
1,23,2.0,13.0,late,3.0,False,True,2,False,2,1,0.3,0.7,False,False,1.0,left,0.0,1.0,2,0.4985048854723573,True,nan,0.0,0,-0.75,-0.5,0.75,rl,67
1,24,2.0,14.0,late,3.0,False,True,2,True,1,2,0.3,0.7,False,False,4.0,right,0.0,1.0,2,0.3271721387282014,True,nan,0.0,0,-0.5,-1.0,0.5,rl,67
1,25,2.0,15.0,late,3.0,False,True,2,False,2,1,0.3,0.7,True,False,1.0,left,0.0,1.0,2,0.5164547618478537,True,nan,1.0,1,0.25,-0.75,0.25,rl,67
1,26,2.0,16.0,late,4.0,False,True,2,False,2,1,0.3,0.7,True,False,1.0,left,0.0,1.0,2,0.8140797344967723,True,nan,1.0,1,0.75,0.0,0.75,rl,67
1,27,2.0,17.0,late,4.0,False,True,2,False,2,1,0.3,0.7,True,False,1.0,left,0.0,1.0,2,0.4908274137414992,True,nan,1.0,1,0.25,0.25,0.25,rl,67
1,28,2.0,18.0,late,4.0,False,True,2,True,1,2,0.3,0.7,True,True,4.0,right,0.0,1.0,2,0.488622204400599,True,nan,1.0,1,0.5,0.75,0.5,rl,67
1,29,3.0,1.0,early,1.0,True,False,1,False,2,1,0.7,0.3,False,False,1.0,left,0.0,1.0,2,0.39808574924245477,False,nan,1.0,1,0.75,1.5,0.75,rl,67
1,30,3.0,2.0,early,1.0,True,False,1,True,1,2,0.7,0.3,False,False,4.0,right,0.0,1.0,2,0.6226124283857644,False,nan,0.0,0,-0.25,1.25,0.25,rl,67
1,31,3.0,3.0,early,1.0,True,False,1,False,2,1,0.7,0.3,False,False,4.0,right,1.0,0.0,1,0.3810939071699977,True,1.0,nan,1,0.5,1.75,0.5,rl,67
1,32,3.0,4.0,late,1.0,True,False,1,True,1,2,0.7,0.3,False,False,1.0,left,1.0,0.0,1,0.34456015611067414,True,1.0,nan,1,0.75,2.5,0.75,rl,67
1,33,3.0,5.0,late,1.0,True,False,1,True,1,2,0.7,0.3,False,False,1.0,left,1.0,0.0,1,0.40764967212453485,True,1.0,nan,1,0.5,3.0,0.5,rl,67
1,34,3.0,6.0,late,2.0,True,False,1,False,2,1,0.7,0.3,True,False,4.0,right,1.0,0.0,1,0.39765438437461853,True,1.0,nan,1,0.25,3.25,0.25,rl,67
1,35,3.0,7.0,late,2.0,True,False,1,True,1,2,0.7,0.3,True,True,1.0,left,1.0,0.0,1,0.37106137722730637,True,0.0,nan,0,-0.75,2.5,0.75,rl,67
1,36,4.0,1.0,early,1.0,False,True,2,False,2,1,0.3,0.7,False,False,1.0,left,0.0,1.0,2,0.40568081848323345,True,nan,1.0,1,0.5,3.0,0.5,rl,67
1,37,4.0,2.0,early,1.0,False,True,2,True,1,2,0.3,0.7,False,False,4.0,right,0.0,1.0,2,0.4106736243702471,True,nan,0.0,0,-0.75,2.25,0.75,rl,67
1,38,4.0,3.0,early,1.0,False,True,2,False,2,1,0.3,0.7,False,False,4.0,right,1.0,0.0,1,0.39312021620571613,False,0.0,nan,0,-0.25,2.0,0.25,rl,67
1,39,4.0,4.0,early,1.0,False,True,2,True,1,2,0.3,0.7,False,False,4.0,right,0.0,1.0,2,0.3430921668186784,True,nan,1.0,1,0.5,2.5,0.5,rl,67
1,40,4.0,5.0,early,1.0,False,True,2,False,2,1,0.3,0.7,False,False,1.0,left,0.0,1.0,2,0.49366251518949866,True,nan,0.0,0,-0.75,1.75,0.75,rl,67
1,41,4.0,6.0,early,2.0,False,True,2,True,1,2,0.3,0.7,False,False,1.0,left,1.0,0.0,1,0.425545884296298,False,1.0,nan,1,0.75,2.5,0.75,rl,67
1,42,4.0,7.0,early,2.0,False,True,2,False,2,1,0.3,0.7,False,False,4.0,right,1.0,0.0,1,0.38457561610266566,False,0.0,nan,0,-0.5,2.0,0.5,rl,67
1,43,4.0,8.0,early,2.0,False,True,2,False,2,1,0.3,0.7,False,False,1.0,left,0.0,1.0,2,1.1170171494595706,True,nan,0.0,0,-0.75,1.25,0.75,rl,67
1,44,4.0,9.0,early,2.0,False,True,2,True,1,2,0.3,0.7,False,False,4.0,right,0.0,1.0,2,0.40891913371160626,True,nan,0.0,0,-0.5,0.75,0.5,rl,67
1,45,4.0,10.0,early,2.0,False,True,2,True,1,2,0.3,0.7,False,False,1.0,left,1.0,0.0,1,0.5714509836398065,False,1.0,nan,1,0.25,1.0,0.25,rl,67
1,46,4.0,11.0,early,3.0,False,True,2,False,2,1,0.3,0.7,False,False,4.0,right,1.0,0.0,1,0.961465431842953,False,1.0,nan,1,0.5,1.5,0.5,rl,67
1,47,4.0,12.0,early,3.0,False,True,2,False,2,1,0.3,0.7,False,False,4.0,right,1.0,0.0,1,0.4205648093484342,False,0.0,nan,0,-0.25,1.25,0.25,rl,67
1,48,4.0,13.0,early,3.0,False,True,2,True,1,2,0.3,0.7,False,False,1.0,left,1.0,0.0,1,0.6399854901246727,False,0.0,nan,0,-0.5,0.75,0.5,rl,67
1,49,4.0,14.0,early,3.0,False,True,2,False,2,1,0.3,0.7,False,False,1.0,left,0.0,1.0,2,0.5043586608953774,True,nan,1.0,1,0.75,1.5,0.75,rl,67
1,50,4.0,15.0,early,3.0,False,True,2,True,1,2,0.3,0.7,False,False,4.0,right,0.0,1.0,2,0.3906126697547734,True,nan,1.0,1,0.25,1.75,0.25,rl,67
1,51,4.0,16.0,late,4.0,False,True,2,False,2,1,0.3,0.7,False,False,1.0,left,0.0,1.0,2,0.38926491187885404,True,nan,1.0,1,0.5,2.25,0.5,rl,67
1,52,4.0,17.0,late,4.0,False,True,2,False,2,1,0.3,0.7,False,False,4.0,right,1.0,0.0,1,0.5446553435176611,False,1.0,nan,1,0.75,3.0,0.75,rl,67
1,53,4.0,18.0,late,4.0,False,True,2,False,2,1,0.3,0.7,False,False,4.0,right,1.0,0.0,1,0.8256257059983909,False,0.0,nan,0,-0.5,2.5,0.5,rl,67
1,54,4.0,19.0,late,4.0,False,True,2,True,1,2,0.3,0.7,False,False,1.0,left,1.0,0.0,1,0.6821434046141803,False,0.0,nan,0,-0.5,2.0,0.5,rl,67
1,55,4.0,20.0,late,4.0,False,True,2,True,1,2,0.3,0.7,False,False,4.0,right,0.0,1.0,2,0.3559210901148617,True,nan,1.0,1,0.25,2.25,0.25,rl,67
1,56,4.0,21.0,late,5.0,False,True,2,False,2,1,0.3,0.7,False,False,1.0,left,0.0,1.0,2,0.4946264149621129,True,nan,1.0,1,0.25,2.5,0.25,rl,67
1,57,4.0,22.0,late,5.0,False,True,2,True,1,2,0.3,0.7,False,False,4.0,right,0.0,1.0,2,0.5394868841394782,True,nan,0.0,0,-0.5,2.0,0.5,rl,67
1,58,4.0,23.0,late,5.0,False,True,2,False,2,1,0.3,0.7,False,False,4.0,right,1.0,0.0,1,0.4618679122067988,False,0.0,nan,0,-0.75,1.25,0.75,rl,67
1,59,4.0,24.0,late,5.0,False,True,2,False,2,1,0.3,0.7,False,False,1.0,left,0.0,1.0,2,1.46769617497921,True,nan,1.0,1,0.75,2.0,0.75,rl,67
1,60,4.0,25.0,late,5.0,False,True,2,False,2,1,0.3,0.7,False,False,1.0,left,0.0,1.0,2,0.6630020700395107,True,nan,1.0,1,0.25,2.25,0.25,rl,67
1,61,4.0,26.0,late,6.0,False,True,2,True,1,2,0.3,0.7,False,False,4.0,right,0.0,1.0,2,1.37988749332726,True,nan,1.0,1,0.25,2.5,0.25,rl,67
1,62,4.0,27.0,late,6.0,False,True,2,False,2,1,0.3,0.7,True,False,1.0,left,0.0,1.0,2,0.63290506741032,True,nan,0.0,0,-0.5,2.0,0.5,rl,67
1,63,4.0,28.0,late,6.0,False,True,2,False,2,1,0.3,0.7,True,False,4.0,right,1.0,0.0,1,0.29894751077517867,False,0.0,nan,0,-0.5,1.5,0.5,rl,67
1,64,4.0,29.0,late,6.0,False,True,2,False,2,1,0.3,0.7,True,False,4.0,right,1.0,0.0,1,0.24571575038135052,False,1.0,nan,1,0.25,1.75,0.25,rl,67
1,65,4.0,30.0,late,6.0,False,True,2,False,2,1,0.3,0.7,True,True,4.0,right,1.0,0.0,1,1.0624426156282425,False,0.0,nan,0,-0.75,1.0,0.75,rl,67
1,66,5.0,1.0,early,1.0,True,False,1,False,2,1,0.7,0.3,False,False,1.0,left,0.0,1.0,2,0.8790647918358445,False,nan,1.0,1,0.5,1.5,0.5,rl,67
1,67,5.0,2.0,early,1.0,True,False,1,False,2,1,0.7,0.3,False,False,1.0,left,0.0,1.0,2,0.6327170967124403,False,nan,0.0,0,-0.75,0.75,0.75,rl,67
1,68,5.0,3.0,late,1.0,True,False,1,False,2,1,0.7,0.3,False,False,4.0,right,1.0,0.0,1,0.34484196547418833,True,1.0,nan,1,0.75,1.5,0.75,rl,67
1,69,5.0,4.0,late,1.0,True,False,1,True,1,2,0.7,0.3,False,False,1.0,left,1.0,0.0,1,0.6696748812682927,True,1.0,nan,1,0.25,1.75,0.25,rl,67
1,70,5.0,5.0,late,1.0,True,False,1,True,1,2,0.7,0.3,False,False,4.0,right,0.0,1.0,2,0.6106840632855892,False,nan,0.0,0,-0.5,1.25,0.5,rl,67
