sessNo,trialNo,block,blockTrialNo,trialClass,blockBin,stim1_High,stim2_High,stimHigh,stim1_left,leftStim,rightStim,stim1_pWin,stim2_pWin,reverseStatus,reverseTrial,responseKey,response_LR,selected_stim1,selected_stim2,response_stimID,RT,highChosen,stim1_isWin,stim2_isWin,isWin,payOut,accum_payOut,abs_outMag,instructCond,subID
1,1,1.0,1.0,early,1.0,False,True,2,True,1,2,0.3,0.7,False,False,4.0,right,0.0,1.0,2.0,1.263790150251225,True,nan,1.0,1.0,0.25,0.25,0.25,hm,69
1,2,1.0,2.0,early,1.0,False,True,2,False,2,1,0.3,0.7,False,False,1.0,left,0.0,1.0,2.0,0.9020620234550734,True,nan,0.0,0.0,-0.25,0.0,0.25,hm,69
1,3,1.0,3.0,early,1.0,False,True,2,True,1,2,0.3,0.7,False,False,1.0,left,1.0,0.0,1.0,1.003927747509806,False,1.0,nan,1.0,0.5,0.5,0.5,hm,69
1,4,1.0,4.0,early,1.0,False,True,2,False,2,1,0.3,0.7,False,False,4.0,right,1.0,0.0,1.0,0.7693127204292978,False,0.0,nan,0.0,-0.75,-0.25,0.75,hm,69
1,5,1.0,5.0,early,1.0,False,True,2,True,1,2,0.3,0.7,False,False,4.0,right,0.0,1.0,2.0,1.0148913652592455,True,nan,0.0,0.0,-0.5,-0.75,0.5,hm,69
1,6,1.0,6.0,early,2.0,False,True,2,False,2,1,0.3,0.7,False,False,4.0,right,1.0,0.0,1.0,0.6812741690337134,False,0.0,nan,0.0,-0.5,-1.25,0.5,hm,69
1,7,1.0,7.0,late,2.0,False,True,2,False,2,1,0.3,0.7,False,False,1.0,left,0.0,1.0,2.0,0.9598413182975492,True,nan,1.0,1.0,0.75,-0.5,0.75,hm,69
1,8,1.0,8.0,late,2.0,False,True,2,True,1,2,0.3,0.7,False,False,4.0,right,0.0,1.0,2.0,0.7821821490706498,True,nan,1.0,1.0,0.5,0.0,0.5,hm,69
1,9,1.0,9.0,late,2.0,False,True,2,True,1,2,0.3,0.7,False,False,4.0,right,0.0,1.0,2.0,0.6779994821263244,True,nan,1.0,1.0,0.25,0.25,0.25,hm,69
1,10,1.0,10.0,late,2.0,False,True,2,True,1,2,0.3,0.7,True,False,4.0,right,0.0,1.0,2.0,1.1949325781642983,True,nan,1.0,1.0,0.75,1.0,0.75,hm,69
1,11,1.0,11.0,late,3.0,False,True,2,False,2,1,0.3,0.7,True,False,1.0,left,0.0,1.0,2.0,1.22307488613842,True,nan,1.0,1.0,0.5,1.5,0.5,hm,69
1,12,1.0,12.0,late,3.0,False,True,2,False,2,1,0.3,0.7,True,False,1.0,left,0.0,1.0,2.0,0.9667047594248288,True,nan,1.0,1.0,0.25,1.75,0.25,hm,69
1,13,1.0,13.0,late,3.0,False,True,2,False,2,1,0.3,0.7,True,True,1.0,left,0.0,1.0,2.0,2.0134829009257373,True,nan,1.0,1.0,0.25,2.0,0.25,hm,69
1,14,2.0,1.0,early,1.0,True,False,1,True,1,2,0.7,0.3,False,False,4.0,right,0.0,1.0,2.0,0.8947628175974387,False,nan,1.0,1.0,0.5,2.5,0.5,hm,69
1,15,2.0,2.0,early,1.0,True,False,1,True,1,2,0.7,0.3,False,False,4.0,right,0.0,1.0,2.0,0.5663029526731407,False,nan,1.0,1.0,0.75,3.25,0.75,hm,69
1,16,2.0,3.0,early,1.0,True,False,1,True,1,2,0.7,0.3,False,False,4.0,right,0.0,1.0,2.0,0.6680906730816787,False,nan,0.0,0.0,-0.5,2.75,0.5,hm,69
1,17,2.0,4.0,early,1.0,True,False,1,False,2,1,0.7,0.3,False,False,4.0,right,1.0,0.0,1.0,0.9952564399209223,True,0.0,nan,0.0,-0.25,2.5,0.25,hm,69
1,18,2.0,5.0,early,1.0,True,False,1,True,1,2,0.7,0.3,False,False,4.0,right,0.0,1.0,2.0,1.2837159764076205,False,nan,0.0,0.0,-0.25,2.25,0.25,hm,69
1,19,2.0,6.0,early,2.0,True,False,1,False,2,1,0.7,0.3,False,False,4.0,right,1.0,0.0,1.0,0.7699854285674519,True,0.0,nan,0.0,-0.25,2.0,0.25,hm,69
1,20,2.0,7.0,late,2.0,True,False,1,True,1,2,0.7,0.3,False,False,4.0,right,0.0,1.0,2.0,0.6747441495081148,False,nan,0.0,0.0,-0.5,1.5,0.5,hm,69
1,21,2.0,8.0,late,2.0,True,False,1,True,1,2,0.7,0.3,False,False,4.0,right,0.0,1.0,2.0,1.3903443215840525,False,nan,0.0,0.0,-0.75,0.75,0.75,hm,69
1,22,2.0,9.0,late,2.0,True,False,1,False,2,1,0.7,0.3,False,False,4.0,right,1.0,0.0,1.0,0.7809302785226464,True,1.0,nan,1.0,0.75,1.5,0.75,hm,69
1,23,2.0,10.0,late,2.0,True,False,1,True,1,2,0.7,0.3,False,False,1.0,left,1.0,0.0,1.0,1.154144882095352,True,1.0,nan,1.0,0.75,2.25,0.75,hm,69
1,24,2.0,11.0,late,3.0,True,False,1,False,2,1,0.7,0.3,False,False,4.0,right,1.0,0.0,1.0,0.9717292499299219,True,1.0,nan,1.0,0.5,2.75,0.5,hm,69
1,25,2.0,12.0,late,3.0,True,False,1,False,2,1,0.7,0.3,True,False,4.0,right,1.0,0.0,1.0,0.6065730681566492,True,0.0,nan,0.0,-0.25,2.5,0.25,hm,69
1,26,2.0,13.0,late,3.0,True,False,1,False,2,1,0.7,0.3,True,True,1.0,left,0.0,1.0,2.0,0.8180864063397166,False,nan,0.0,0.0,-0.5,2.0,0.5,hm,69
1,27,3.0,1.0,early,1.0,False,True,2,False,2,1,0.3,0.7,False,False,4.0,right,1.0,0.0,1.0,0.9809829456462467,False,1.0,nan,1.0,0.25,2.25,0.25,hm,69
1,28,3.0,2.0,early,1.0,False,True,2,False,2,1,0.3,0.7,False,False,4.0,right,1.0,0.0,1.0,0.8392978264255362,False,0.0,nan,0.0,-0.75,1.5,0.75,hm,69
1,29,3.0,3.0,early,1.0,False,True,2,True,1,2,0.3,0.7,False,False,4.0,right,0.0,1.0,2.0,0.951452700612208,True,nan,0.0,0.0,-0.5,1.0,0.5,hm,69
1,30,3.0,4.0,early,1.0,False,True,2,False,2,1,0.3,0.7,False,False,4.0,right,1.0,0.0,1.0,0.8600984077584144,False,1.0,nan,1.0,0.5,1.5,0.5,hm,69
1,31,3.0,5.0,early,1.0,False,True,2,False,2,1,0.3,0.7,False,False,4.0,right,1.0,0.0,1.0,1.4107243870184902,False,0.0,nan,0.0,-0.75,0.75,0.75,hm,69
1,32,3.0,6.0,early,2.0,False,True,2,False,2,1,0.3,0.7,False,False,1.0,left,0.0,1.0,2.0,0.8271459726802277,True,nan,0.0,0.0,-0.75,0.0,0.75,hm,69
1,33,3.0,7.0,late,2.0,False,True,2,True,1,2,0.3,0.7,False,False,1.0,left,1.0,0.0,1.0,1.4808581691358995,False,0.0,nan,0.0,-0.25,-0.25,0.25,hm,69
1,34,3.0,8.0,late,2.0,False,True,2,True,1,2,0.3,0.7,False,False,nan,nan,nan,nan,nan,nan,False,nan,nan,nan,nan,nan,nan,hm,69
1,35,3.0,9.0,late,2.0,False,True,2,True,1,2,0.3,0.7,False,False,4.0,right,0.0,1.0,2.0,0.5438851152903226,True,nan,1.0,1.0,0.5,0.25,0.5,hm,69
1,36,3.0,10.0,late,2.0,False,True,2,True,1,2,0.3,0.7,False,False,4.0,right,0.0,1.0,2.0,0.8381134026385553,True,nan,1.0,1.0,0.25,0.5,0.25,hm,69
1,37,3.0,11.0,late,3.0,False,True,2,False,2,1,0.3,0.7,False,False,1.0,left,0.0,1.0,2.0,0.6107248562129826,True,nan,1.0,1.0,0.25,0.75,0.25,hm,69
1,38,3.0,12.0,late,3.0,False,True,2,True,1,2,0.3,0.7,True,True,4.0,right,0.0,1.0,2.0,0.8719966030275828,True,nan,0.0,0.0,-0.5,0.25,0.5,hm,69
1,39,4.0,1.0,early,1.0,True,False,1,True,1,2,0.7,0.3,False,False,1.0,left,1.0,0.0,1.0,0.6818565571593354,True,0.0,nan,0.0,-0.5,-0.25,0.5,hm,69
1,40,4.0,2.0,early,1.0,True,False,1,False,2,1,0.7,0.3,False,False,1.0,left,0.0,1.0,2.0,0.5744027222681325,False,nan,1.0,1.0,0.25,0.0,0.25,hm,69
1,41,4.0,3.0,early,1.0,True,False,1,True,1,2,0.7,0.3,False,False,4.0,right,0.0,1.0,2.0,1.4748656709762145,False,nan,0.0,0.0,-0.5,-0.5,0.5,hm,69
1,42,4.0,4.0,early,1.0,True,False,1,False,2,1,0.7,0.3,False,False,4.0,right,1.0,0.0,1.0,0.5814412317304232,True,1.0,nan,1.0,0.25,-0.25,0.25,hm,69
1,43,4.0,5.0,early,1.0,True,False,1,False,2,1,0.7,0.3,False,False,4.0,right,1.0,0.0,1.0,1.1770184249890008,True,1.0,nan,1.0,0.25,0.0,0.25,hm,69
1,44,4.0,6.0,early,2.0,True,False,1,False,2,1,0.7,0.3,False,False,4.0,right,1.0,0.0,1.0,1.2112001506102388,True,0.0,nan,0.0,-0.5,-0.5,0.5,hm,69
1,45,4.0,7.0,early,2.0,True,False,1,True,1,2,0.7,0.3,False,False,4.0,right,0.0,1.0,2.0,1.2880231852632278,False,nan,1.0,1.0,0.5,0.0,0.5,hm,69
1,46,4.0,8.0,early,2.0,True,False,1,True,1,2,0.7,0.3,False,False,4.0,right,0.0,1.0,2.0,2.2604333542403765,False,nan,0.0,0.0,-0.5,-0.5,0.5,hm,69
1,47,4.0,9.0,early,2.0,True,False,1,False,2,1,0.7,0.3,False,False,1.0,left,0.0,1.0,2.0,0.9929603175514785,False,nan,0.0,0.0,-0.75,-1.25,0.75,hm,69
1,48,4.0,10.0,early,2.0,True,False,1,True,1,2,0.7,0.3,False,False,1.0,left,1.0,0.0,1.0,0.8415593456738861,True,1.0,nan,1.0,0.5,-0.75,0.5,hm,69
1,49,4.0,11.0,early,3.0,True,False,1,True,1,2,0.7,0.3,False,False,1.0,left,1.0,0.0,1.0,0.7357532644964522,True,1.0,nan,1.0,0.75,0.0,0.75,hm,69
1,50,4.0,12.0,late,3.0,True,False,1,True,1,2,0.7,0.3,False,False,1.0,left,1.0,0.0,1.0,1.1835827543909545,True,0.0,nan,0.0,-0.75,-0.75,0.75,hm,69
1,51,4.0,13.0,late,3.0,True,False,1,True,1,2,0.7,0.3,False,False,4.0,right,0.0,1.0,2.0,0.64608748666069,False,nan,0.0,0.0,-0.25,-1.0,0.25,hm,69
1,52,4.0,14.0,late,3.0,True,False,1,True,1,2,0.7,0.3,False,False,1.0,left,1.0,0.0,1.0,1.181735006364761,True,0.0,nan,0.0,-0.25,-1.25,0.25,hm,69
1,53,4.0,15.0,late,3.0,True,False,1,True,1,2,0.7,0.3,False,False,4.0,right,0.0,1.0,2.0,0.6059994774350344,False,nan,0.0,0.0,-0.75,-2.0,0.75,hm,69
1,54,4.0,16.0,late,4.0,True,False,1,True,1,2,0.7,0.3,False,False,1.0,left,1.0,0.0,1.0,0.6056244147894176,True,0.0,nan,0.0,-0.75,-2.75,0.75,hm,69
1,55,4.0,17.0,late,4.0,True,False,1,False,2,1,0.7,0.3,False,False,1.0,left,0.0,1.0,2.0,1.1208537469756266,False,nan,0.0,0.0,-0.75,-3.5,0.75,hm,69
1,56,4.0,18.0,late,4.0,True,False,1,False,2,1,0.7,0.3,False,False,4.0,right,1.0,0.0,1.0,0.724694928032477,True,1.0,nan,1.0,0.5,-3.0,0.5,hm,69
1,57,4.0,19.0,late,4.0,True,False,1,False,2,1,0.7,0.3,False,False,4.0,right,1.0,0.0,1.0,0.9513022650098719,True,1.0,nan,1.0,0.5,-2.5,0.5,hm,69
1,58,4.0,20.0,late,4.0,True,False,1,True,1,2,0.7,0.3,False,False,1.0,left,1.0,0.0,1.0,0.6836066540054162,True,1.0,nan,1.0,0.25,-2.25,0.25,hm,69
1,59,4.0,21.0,late,5.0,True,False,1,False,2,1,0.7,0.3,True,False,4.0,right,1.0,0.0,1.0,0.8613511580460909,True,1.0,nan,1.0,0.5,-1.75,0.5,hm,69
1,60,4.0,22.0,late,5.0,True,False,1,False,2,1,0.7,0.3,True,False,4.0,right,1.0,0.0,1.0,0.8408693359742756,True,0.0,nan,0.0,-0.25,-2.0,0.25,hm,69
1,61,4.0,23.0,late,5.0,True,False,1,False,2,1,0.7,0.3,True,True,1.0,left,0.0,1.0,2.0,0.8294992781738983,False,nan,0.0,0.0,-0.5,-2.5,0.5,hm,69
1,62,5.0,1.0,early,1.0,False,True,2,False,2,1,0.3,0.7,False,False,1.0,left,0.0,1.0,2.0,1.180806293779824,True,nan,1.0,1.0,0.75,-1.75,0.75,hm,69
1,63,5.0,2.0,early,1.0,False,True,2,False,2,1,0.3,0.7,False,False,1.0,left,0.0,1.0,2.0,0.7263066123923636,True,nan,1.0,1.0,0.5,-1.25,0.5,hm,69
1,64,5.0,3.0,late,1.0,False,True,2,False,2,1,0.3,0.7,False,False,1.0,left,0.0,1.0,2.0,1.7408809778717114,True,nan,1.0,1.0,0.25,-1.0,0.25,hm,69
1,65,5.0,4.0,late,1.0,False,True,2,False,2,1,0.3,0.7,True,True,1.0,left,0.0,1.0,2.0,0.7332984956155997,True,nan,1.0,1.0,0.75,-0.25,0.75,hm,69
1,66,6.0,1.0,early,1.0,True,False,1,True,1,2,0.7,0.3,False,False,4.0,right,0.0,1.0,2.0,1.127895482151871,False,nan,1.0,1.0,0.75,0.5,0.75,hm,69
1,67,6.0,2.0,early,1.0,True,False,1,True,1,2,0.7,0.3,False,False,4.0,right,0.0,1.0,2.0,0.7435064163873903,False,nan,0.0,0.0,-0.5,0.0,0.5,hm,69
1,68,6.0,3.0,late,1.0,True,False,1,True,1,2,0.7,0.3,False,False,1.0,left,1.0,0.0,1.0,0.6347643483441061,True,0.0,nan,0.0,-0.25,-0.25,0.25,hm,69
1,69,6.0,4.0,late,1.0,True,False,1,False,2,1,0.7,0.3,False,False,1.0,left,0.0,1.0,2.0,1.5693453881231108,False,nan,0.0,0.0,-0.75,-1.0,0.75,hm,69
1,70,6.0,5.0,late,1.0,True,False,1,False,2,1,0.7,0.3,False,False,4.0,right,1.0,0.0,1.0,1.1286151097738184,True,1.0,nan,1.0,0.5,-0.5,0.5,hm,69
