sessNo,trialNo,block,blockTrialNo,trialClass,blockBin,stim1_High,stim2_High,stimHigh,stim1_left,leftStim,rightStim,stim1_pWin,stim2_pWin,reverseStatus,reverseTrial,responseKey,response_LR,selected_stim1,selected_stim2,response_stimID,RT,highChosen,stim1_isWin,stim2_isWin,isWin,payOut,accum_payOut,abs_outMag,instructCond,subID
1,1,1.0,1.0,early,1.0,False,True,2,True,1,2,0.3,0.7,False,False,1.0,left,1.0,0.0,1,1.8191652050008997,False,1.0,nan,1,0.75,0.75,0.75,rl,62
1,2,1.0,2.0,early,1.0,False,True,2,False,2,1,0.3,0.7,False,False,4.0,right,1.0,0.0,1,0.9187899382086471,False,0.0,nan,0,-0.75,0.0,0.75,rl,62
1,3,1.0,3.0,early,1.0,False,True,2,True,1,2,0.3,0.7,False,False,1.0,left,1.0,0.0,1,0.4531373942736536,False,0.0,nan,0,-0.25,-0.25,0.25,rl,62
1,4,1.0,4.0,early,1.0,False,True,2,True,1,2,0.3,0.7,False,False,1.0,left,1.0,0.0,1,0.6410353106912225,False,1.0,nan,1,0.5,0.25,0.5,rl,62
1,5,1.0,5.0,early,1.0,False,True,2,True,1,2,0.3,0.7,False,False,1.0,left,1.0,0.0,1,0.7076244235504419,False,0.0,nan,0,-0.5,-0.25,0.5,rl,62
1,6,1.0,6.0,late,2.0,False,True,2,True,1,2,0.3,0.7,False,False,4.0,right,0.0,1.0,2,0.37299797334708273,True,nan,0.0,0,-0.5,-0.75,0.5,rl,62
1,7,1.0,7.0,late,2.0,False,True,2,False,2,1,0.3,0.7,False,False,1.0,left,0.0,1.0,2,0.6267410377040505,True,nan,1.0,1,0.25,-0.5,0.25,rl,62
1,8,1.0,8.0,late,2.0,False,True,2,False,2,1,0.3,0.7,False,False,1.0,left,0.0,1.0,2,0.5031604580581188,True,nan,1.0,1,0.75,0.25,0.75,rl,62
1,9,1.0,9.0,late,2.0,False,True,2,True,1,2,0.3,0.7,True,False,4.0,right,0.0,1.0,2,1.1809342053020373,True,nan,1.0,1,0.5,0.75,0.5,rl,62
1,10,1.0,10.0,late,2.0,False,True,2,True,1,2,0.3,0.7,True,True,4.0,right,0.0,1.0,2,0.5217109023360536,True,nan,1.0,1,0.25,1.0,0.25,rl,62
1,11,2.0,1.0,early,1.0,True,False,1,False,2,1,0.7,0.3,False,False,1.0,left,0.0,1.0,2,0.5017068380257115,False,nan,1.0,1,0.5,1.5,0.5,rl,62
1,12,2.0,2.0,early,1.0,True,False,1,True,1,2,0.7,0.3,False,False,4.0,right,0.0,1.0,2,0.5152070007752627,False,nan,0.0,0,-0.5,1.0,0.5,rl,62
1,13,2.0,3.0,early,1.0,True,False,1,True,1,2,0.7,0.3,False,False,1.0,left,1.0,0.0,1,0.5438594742445275,True,0.0,nan,0,-0.75,0.25,0.75,rl,62
1,14,2.0,4.0,late,1.0,True,False,1,False,2,1,0.7,0.3,False,False,4.0,right,1.0,0.0,1,0.6392696768743917,True,1.0,nan,1,0.25,0.5,0.25,rl,62
1,15,2.0,5.0,late,1.0,True,False,1,False,2,1,0.7,0.3,False,False,4.0,right,1.0,0.0,1,0.4709470992675051,True,1.0,nan,1,0.5,1.0,0.5,rl,62
1,16,2.0,6.0,late,2.0,True,False,1,False,2,1,0.7,0.3,True,False,4.0,right,1.0,0.0,1,0.3943597663892433,True,1.0,nan,1,0.5,1.5,0.5,rl,62
1,17,2.0,7.0,late,2.0,True,False,1,False,2,1,0.7,0.3,True,True,4.0,right,1.0,0.0,1,0.43467638990841806,True,1.0,nan,1,0.25,1.75,0.25,rl,62
1,18,3.0,1.0,early,1.0,False,True,2,True,1,2,0.3,0.7,False,False,1.0,left,1.0,0.0,1,0.7900321015622467,False,1.0,nan,1,0.75,2.5,0.75,rl,62
1,19,3.0,2.0,early,1.0,False,True,2,True,1,2,0.3,0.7,False,False,1.0,left,1.0,0.0,1,0.5407607444794849,False,0.0,nan,0,-0.25,2.25,0.25,rl,62
1,20,3.0,3.0,early,1.0,False,True,2,False,2,1,0.3,0.7,False,False,4.0,right,1.0,0.0,1,0.4133600499480963,False,0.0,nan,0,-0.5,1.75,0.5,rl,62
1,21,3.0,4.0,early,1.0,False,True,2,False,2,1,0.3,0.7,False,False,1.0,left,0.0,1.0,2,0.5408921185880899,True,nan,1.0,1,0.75,2.5,0.75,rl,62
1,22,3.0,5.0,early,1.0,False,True,2,False,2,1,0.3,0.7,False,False,1.0,left,0.0,1.0,2,0.6615314416121691,True,nan,1.0,1,0.5,3.0,0.5,rl,62
1,23,3.0,6.0,late,2.0,False,True,2,False,2,1,0.3,0.7,False,False,1.0,left,0.0,1.0,2,0.618003188748844,True,nan,1.0,1,0.5,3.5,0.5,rl,62
1,24,3.0,7.0,late,2.0,False,True,2,False,2,1,0.3,0.7,True,False,1.0,left,0.0,1.0,2,0.5215355412801728,True,nan,0.0,0,-0.5,3.0,0.5,rl,62
1,25,3.0,8.0,late,2.0,False,True,2,True,1,2,0.3,0.7,True,False,4.0,right,0.0,1.0,2,1.1280792654724792,True,nan,0.0,0,-0.75,2.25,0.75,rl,62
1,26,3.0,9.0,late,2.0,False,True,2,False,2,1,0.3,0.7,True,False,4.0,right,1.0,0.0,1,0.4645604962715879,False,1.0,nan,1,0.25,2.5,0.25,rl,62
1,27,3.0,10.0,late,2.0,False,True,2,True,1,2,0.3,0.7,True,True,1.0,left,1.0,0.0,1,0.5672587399603799,False,1.0,nan,1,0.75,3.25,0.75,rl,62
1,28,4.0,1.0,early,1.0,True,False,1,True,1,2,0.7,0.3,False,False,1.0,left,1.0,0.0,1,0.5674871784867719,True,1.0,nan,1,0.5,3.75,0.5,rl,62
1,29,4.0,2.0,early,1.0,True,False,1,True,1,2,0.7,0.3,False,False,1.0,left,1.0,0.0,1,0.4892136815469712,True,1.0,nan,1,0.25,4.0,0.25,rl,62
1,30,4.0,3.0,late,1.0,True,False,1,True,1,2,0.7,0.3,False,False,1.0,left,1.0,0.0,1,0.4786386467749253,True,1.0,nan,1,0.25,4.25,0.25,rl,62
1,31,4.0,4.0,late,1.0,True,False,1,True,1,2,0.7,0.3,True,False,1.0,left,1.0,0.0,1,0.522275400813669,True,1.0,nan,1,0.25,4.5,0.25,rl,62
1,32,4.0,5.0,late,1.0,True,False,1,True,1,2,0.7,0.3,True,True,1.0,left,1.0,0.0,1,0.5315281896619126,True,0.0,nan,0,-0.5,4.0,0.5,rl,62
1,33,5.0,1.0,early,1.0,False,True,2,True,1,2,0.3,0.7,False,False,4.0,right,0.0,1.0,2,0.48217695229686797,True,nan,1.0,1,0.25,4.25,0.25,rl,62
1,34,5.0,2.0,early,1.0,False,True,2,True,1,2,0.3,0.7,False,False,4.0,right,0.0,1.0,2,0.5006356105441228,True,nan,0.0,0,-0.5,3.75,0.5,rl,62
1,35,5.0,3.0,early,1.0,False,True,2,True,1,2,0.3,0.7,False,False,1.0,left,1.0,0.0,1,0.5182986926520243,False,1.0,nan,1,0.75,4.5,0.75,rl,62
1,36,5.0,4.0,early,1.0,False,True,2,False,2,1,0.3,0.7,False,False,4.0,right,1.0,0.0,1,0.5357136887032539,False,1.0,nan,1,0.75,5.25,0.75,rl,62
1,37,5.0,5.0,early,1.0,False,True,2,False,2,1,0.3,0.7,False,False,4.0,right,1.0,0.0,1,0.49846031225752085,False,0.0,nan,0,-0.5,4.75,0.5,rl,62
1,38,5.0,6.0,early,2.0,False,True,2,False,2,1,0.3,0.7,False,False,1.0,left,0.0,1.0,2,0.4567906520096585,True,nan,1.0,1,0.25,5.0,0.25,rl,62
1,39,5.0,7.0,early,2.0,False,True,2,True,1,2,0.3,0.7,False,False,4.0,right,0.0,1.0,2,0.6832932222168893,True,nan,0.0,0,-0.75,4.25,0.75,rl,62
1,40,5.0,8.0,early,2.0,False,True,2,True,1,2,0.3,0.7,False,False,1.0,left,1.0,0.0,1,0.5999395326944068,False,0.0,nan,0,-0.5,3.75,0.5,rl,62
1,41,5.0,9.0,early,2.0,False,True,2,True,1,2,0.3,0.7,False,False,4.0,right,0.0,1.0,2,0.7785380340646952,True,nan,1.0,1,0.75,4.5,0.75,rl,62
1,42,5.0,10.0,early,2.0,False,True,2,False,2,1,0.3,0.7,False,False,4.0,right,1.0,0.0,1,0.6627982640638947,False,0.0,nan,0,-0.5,4.0,0.5,rl,62
1,43,5.0,11.0,early,3.0,False,True,2,False,2,1,0.3,0.7,False,False,1.0,left,0.0,1.0,2,0.4606488887220621,True,nan,1.0,1,0.75,4.75,0.75,rl,62
1,44,5.0,12.0,early,3.0,False,True,2,False,2,1,0.3,0.7,False,False,1.0,left,0.0,1.0,2,0.45988644927274436,True,nan,1.0,1,0.25,5.0,0.25,rl,62
1,45,5.0,13.0,early,3.0,False,True,2,False,2,1,0.3,0.7,False,False,4.0,right,1.0,0.0,1,0.4648015443235636,False,1.0,nan,1,0.5,5.5,0.5,rl,62
1,46,5.0,14.0,early,3.0,False,True,2,True,1,2,0.3,0.7,False,False,1.0,left,1.0,0.0,1,0.4720057171070948,False,1.0,nan,1,0.5,6.0,0.5,rl,62
1,47,5.0,15.0,early,3.0,False,True,2,False,2,1,0.3,0.7,False,False,1.0,left,0.0,1.0,2,0.6286576930433512,True,nan,1.0,1,0.25,6.25,0.25,rl,62
1,48,5.0,16.0,late,4.0,False,True,2,False,2,1,0.3,0.7,False,False,1.0,left,0.0,1.0,2,0.5847845829557627,True,nan,1.0,1,0.25,6.5,0.25,rl,62
1,49,5.0,17.0,late,4.0,False,True,2,False,2,1,0.3,0.7,False,False,4.0,right,1.0,0.0,1,0.4696615091525018,False,0.0,nan,0,-0.5,6.0,0.5,rl,62
1,50,5.0,18.0,late,4.0,False,True,2,True,1,2,0.3,0.7,False,False,1.0,left,1.0,0.0,1,1.2330375557066873,False,0.0,nan,0,-0.75,5.25,0.75,rl,62
1,51,5.0,19.0,late,4.0,False,True,2,True,1,2,0.3,0.7,False,False,1.0,left,1.0,0.0,1,0.7527447085594758,False,0.0,nan,0,-0.25,5.0,0.25,rl,62
1,52,5.0,20.0,late,4.0,False,True,2,True,1,2,0.3,0.7,False,False,4.0,right,0.0,1.0,2,0.46813487086910754,True,nan,1.0,1,0.75,5.75,0.75,rl,62
1,53,5.0,21.0,late,5.0,False,True,2,True,1,2,0.3,0.7,False,False,4.0,right,0.0,1.0,2,0.47083566582296044,True,nan,1.0,1,0.5,6.25,0.5,rl,62
1,54,5.0,22.0,late,5.0,False,True,2,False,2,1,0.3,0.7,False,False,1.0,left,0.0,1.0,2,0.6401866569649428,True,nan,0.0,0,-0.5,5.75,0.5,rl,62
1,55,5.0,23.0,late,5.0,False,True,2,True,1,2,0.3,0.7,False,False,1.0,left,1.0,0.0,1,1.2158222601283342,False,0.0,nan,0,-0.25,5.5,0.25,rl,62
1,56,5.0,24.0,late,5.0,False,True,2,True,1,2,0.3,0.7,False,False,4.0,right,0.0,1.0,2,0.9541902936762199,True,nan,1.0,1,0.75,6.25,0.75,rl,62
1,57,5.0,25.0,late,5.0,False,True,2,True,1,2,0.3,0.7,False,False,4.0,right,0.0,1.0,2,0.9920043564634398,True,nan,1.0,1,0.25,6.5,0.25,rl,62
1,58,5.0,26.0,late,6.0,False,True,2,True,1,2,0.3,0.7,False,False,4.0,right,0.0,1.0,2,0.5242973314598203,True,nan,1.0,1,0.5,7.0,0.5,rl,62
1,59,5.0,27.0,late,6.0,False,True,2,True,1,2,0.3,0.7,True,False,4.0,right,0.0,1.0,2,0.4279944881564006,True,nan,1.0,1,0.5,7.5,0.5,rl,62
1,60,5.0,28.0,late,6.0,False,True,2,False,2,1,0.3,0.7,True,False,1.0,left,0.0,1.0,2,0.6203655778663233,True,nan,0.0,0,-0.75,6.75,0.75,rl,62
1,61,5.0,29.0,late,6.0,False,True,2,False,2,1,0.3,0.7,True,False,4.0,right,1.0,0.0,1,0.4839968364685774,False,0.0,nan,0,-0.75,6.0,0.75,rl,62
1,62,5.0,30.0,late,6.0,False,True,2,False,2,1,0.3,0.7,True,True,1.0,left,0.0,1.0,2,0.8219736213795841,True,nan,0.0,0,-0.25,5.75,0.25,rl,62
1,63,6.0,1.0,early,1.0,True,False,1,True,1,2,0.7,0.3,False,False,1.0,left,1.0,0.0,1,0.8037865087389946,True,1.0,nan,1,0.75,6.5,0.75,rl,62
1,64,6.0,2.0,early,1.0,True,False,1,False,2,1,0.7,0.3,False,False,4.0,right,1.0,0.0,1,0.7182751157088205,True,0.0,nan,0,-0.25,6.25,0.25,rl,62
1,65,6.0,3.0,early,1.0,True,False,1,True,1,2,0.7,0.3,False,False,1.0,left,1.0,0.0,1,1.0640493099344894,True,1.0,nan,1,0.75,7.0,0.75,rl,62
1,66,6.0,4.0,late,1.0,True,False,1,False,2,1,0.7,0.3,True,False,4.0,right,1.0,0.0,1,0.43546698091086,True,1.0,nan,1,0.25,7.25,0.25,rl,62
1,67,6.0,5.0,late,1.0,True,False,1,False,2,1,0.7,0.3,True,False,4.0,right,1.0,0.0,1,0.705245319288224,True,1.0,nan,1,0.25,7.5,0.25,rl,62
1,68,6.0,6.0,late,2.0,True,False,1,False,2,1,0.7,0.3,True,False,4.0,right,1.0,0.0,1,0.45729415537789464,True,1.0,nan,1,0.5,8.0,0.5,rl,62
1,69,6.0,7.0,late,2.0,True,False,1,True,1,2,0.7,0.3,True,True,1.0,left,1.0,0.0,1,1.012090236414224,True,0.0,nan,0,-0.75,7.25,0.75,rl,62
1,70,7.0,1.0,late,1.0,False,True,2,False,2,1,0.3,0.7,False,False,4.0,right,1.0,0.0,1,0.7695503395516425,False,1.0,nan,1,0.5,7.75,0.5,rl,62
