sessNo,trialNo,block,blockTrialNo,trialClass,blockBin,stim1_High,stim2_High,stimHigh,stim1_left,leftStim,rightStim,stim1_pWin,stim2_pWin,reverseStatus,reverseTrial,responseKey,response_LR,selected_stim1,selected_stim2,response_stimID,RT,highChosen,stim1_isWin,stim2_isWin,isWin,payOut,accum_payOut,abs_outMag,instructCond,subID
1,1,1.0,1.0,early,1.0,True,False,1,True,1,2,0.65,0.35,False,False,4.0,right,0.0,1.0,2.0,1.5548693309829105,False,nan,0.0,0.0,-0.75,-0.75,0.75,rl,6
1,2,1.0,2.0,early,1.0,True,False,1,True,1,2,0.65,0.35,False,False,4.0,right,0.0,1.0,2.0,1.5324336580233648,False,nan,0.0,0.0,-0.5,-1.25,0.5,rl,6
1,3,1.0,3.0,early,1.0,True,False,1,True,1,2,0.65,0.35,False,False,nan,nan,nan,nan,nan,nan,False,nan,nan,nan,nan,nan,nan,rl,6
1,4,1.0,4.0,early,1.0,True,False,1,True,1,2,0.65,0.35,False,False,nan,nan,nan,nan,nan,nan,False,nan,nan,nan,nan,nan,nan,rl,6
1,5,1.0,5.0,early,1.0,True,False,1,True,1,2,0.65,0.35,False,False,4.0,right,0.0,1.0,2.0,2.3090846490231343,False,nan,1.0,1.0,0.25,-1.0,0.25,rl,6
1,6,1.0,6.0,early,2.0,True,False,1,True,1,2,0.65,0.35,False,False,4.0,right,0.0,1.0,2.0,1.0456972419924568,False,nan,0.0,0.0,-0.25,-1.25,0.25,rl,6
1,7,1.0,7.0,early,2.0,True,False,1,True,1,2,0.65,0.35,False,False,nan,nan,nan,nan,nan,nan,False,nan,nan,nan,nan,nan,nan,rl,6
1,8,1.0,8.0,early,2.0,True,False,1,True,1,2,0.65,0.35,False,False,nan,nan,nan,nan,nan,nan,False,nan,nan,nan,nan,nan,nan,rl,6
1,9,1.0,9.0,early,2.0,True,False,1,False,2,1,0.65,0.35,False,False,1.0,left,0.0,1.0,2.0,0.4442538860021159,False,nan,0.0,0.0,-0.75,-2.0,0.75,rl,6
1,10,1.0,10.0,early,2.0,True,False,1,True,1,2,0.65,0.35,False,False,1.0,left,1.0,0.0,1.0,1.4411410249886103,True,1.0,nan,1.0,0.25,-1.75,0.25,rl,6
1,11,1.0,11.0,late,3.0,True,False,1,False,2,1,0.65,0.35,False,False,4.0,right,1.0,0.0,1.0,0.4690334430197254,True,1.0,nan,1.0,0.5,-1.25,0.5,rl,6
1,12,1.0,12.0,late,3.0,True,False,1,True,1,2,0.65,0.35,False,False,1.0,left,1.0,0.0,1.0,0.4158009229868185,True,1.0,nan,1.0,0.5,-0.75,0.5,rl,6
1,13,1.0,13.0,late,3.0,True,False,1,True,1,2,0.65,0.35,True,False,1.0,left,1.0,0.0,1.0,0.5277157289965544,True,0.0,nan,0.0,-0.5,-1.25,0.5,rl,6
1,14,1.0,14.0,late,3.0,True,False,1,True,1,2,0.65,0.35,True,False,1.0,left,1.0,0.0,1.0,0.4520241809950676,True,1.0,nan,1.0,0.75,-0.5,0.75,rl,6
1,15,1.0,15.0,late,3.0,True,False,1,False,2,1,0.65,0.35,True,False,4.0,right,1.0,0.0,1.0,0.4445011480129324,True,1.0,nan,1.0,0.75,0.25,0.75,rl,6
1,16,1.0,16.0,late,4.0,True,False,1,False,2,1,0.65,0.35,True,False,4.0,right,1.0,0.0,1.0,0.4312580509867985,True,1.0,nan,1.0,0.75,1.0,0.75,rl,6
1,17,1.0,17.0,late,4.0,True,False,1,False,2,1,0.65,0.35,True,False,4.0,right,1.0,0.0,1.0,0.44386400998337194,True,1.0,nan,1.0,0.5,1.5,0.5,rl,6
1,18,1.0,18.0,late,4.0,True,False,1,False,2,1,0.65,0.35,True,False,4.0,right,1.0,0.0,1.0,0.41747144801774994,True,1.0,nan,1.0,0.5,2.0,0.5,rl,6
1,19,1.0,19.0,late,4.0,True,False,1,True,1,2,0.65,0.35,True,False,1.0,left,1.0,0.0,1.0,0.43234294999274425,True,1.0,nan,1.0,0.5,2.5,0.5,rl,6
1,20,1.0,20.0,late,4.0,True,False,1,True,1,2,0.65,0.35,True,False,1.0,left,1.0,0.0,1.0,0.43469541901140474,True,1.0,nan,1.0,0.75,3.25,0.75,rl,6
1,21,1.0,21.0,late,5.0,True,False,1,True,1,2,0.65,0.35,True,True,1.0,left,1.0,0.0,1.0,0.48806825501378626,True,0.0,nan,0.0,-0.75,2.5,0.75,rl,6
1,22,2.0,1.0,early,1.0,False,True,2,False,2,1,0.35,0.65,False,False,4.0,right,1.0,0.0,1.0,0.47884740197332576,False,0.0,nan,0.0,-0.75,1.75,0.75,rl,6
1,23,2.0,2.0,early,1.0,False,True,2,False,2,1,0.35,0.65,False,False,4.0,right,1.0,0.0,1.0,0.4745241359923966,False,0.0,nan,0.0,-0.25,1.5,0.25,rl,6
1,24,2.0,3.0,early,1.0,False,True,2,False,2,1,0.35,0.65,False,False,1.0,left,0.0,1.0,2.0,0.5615475400118157,True,nan,0.0,0.0,-0.25,1.25,0.25,rl,6
1,25,2.0,4.0,early,1.0,False,True,2,False,2,1,0.35,0.65,False,False,4.0,right,1.0,0.0,1.0,0.4726113729993813,False,0.0,nan,0.0,-0.25,1.0,0.25,rl,6
1,26,2.0,5.0,early,1.0,False,True,2,True,1,2,0.35,0.65,False,False,1.0,left,1.0,0.0,1.0,0.4631994999945164,False,1.0,nan,1.0,0.5,1.5,0.5,rl,6
1,27,2.0,6.0,early,2.0,False,True,2,True,1,2,0.35,0.65,False,False,1.0,left,1.0,0.0,1.0,0.5312826989975292,False,0.0,nan,0.0,-0.25,1.25,0.25,rl,6
1,28,2.0,7.0,early,2.0,False,True,2,True,1,2,0.35,0.65,False,False,1.0,left,1.0,0.0,1.0,0.5064187140087597,False,0.0,nan,0.0,-0.75,0.5,0.75,rl,6
1,29,2.0,8.0,early,2.0,False,True,2,False,2,1,0.35,0.65,False,False,4.0,right,1.0,0.0,1.0,0.4485631800198462,False,0.0,nan,0.0,-0.75,-0.25,0.75,rl,6
1,30,2.0,9.0,early,2.0,False,True,2,False,2,1,0.35,0.65,False,False,1.0,left,0.0,1.0,2.0,0.8075109609926585,True,nan,1.0,1.0,0.25,0.0,0.25,rl,6
1,31,2.0,10.0,early,2.0,False,True,2,True,1,2,0.35,0.65,False,False,1.0,left,1.0,0.0,1.0,0.6736711059929803,False,0.0,nan,0.0,-0.25,-0.25,0.25,rl,6
1,32,2.0,11.0,early,3.0,False,True,2,True,1,2,0.35,0.65,False,False,4.0,right,0.0,1.0,2.0,0.7222748970089015,True,nan,0.0,0.0,-0.75,-1.0,0.75,rl,6
1,33,2.0,12.0,early,3.0,False,True,2,False,2,1,0.35,0.65,False,False,4.0,right,1.0,0.0,1.0,0.5530734159983695,False,0.0,nan,0.0,-0.25,-1.25,0.25,rl,6
1,34,2.0,13.0,early,3.0,False,True,2,False,2,1,0.35,0.65,False,False,4.0,right,1.0,0.0,1.0,0.4868880680005532,False,0.0,nan,0.0,-0.25,-1.5,0.25,rl,6
1,35,2.0,14.0,late,3.0,False,True,2,False,2,1,0.35,0.65,False,False,4.0,right,1.0,0.0,1.0,0.5017520959954709,False,0.0,nan,0.0,-0.75,-2.25,0.75,rl,6
1,36,2.0,15.0,late,3.0,False,True,2,True,1,2,0.35,0.65,False,False,1.0,left,1.0,0.0,1.0,0.5072613210068084,False,0.0,nan,0.0,-0.25,-2.5,0.25,rl,6
1,37,2.0,16.0,late,4.0,False,True,2,True,1,2,0.35,0.65,False,False,1.0,left,1.0,0.0,1.0,0.666844482999295,False,1.0,nan,1.0,0.5,-2.0,0.5,rl,6
1,38,2.0,17.0,late,4.0,False,True,2,True,1,2,0.35,0.65,False,False,1.0,left,1.0,0.0,1.0,0.5353629780001938,False,0.0,nan,0.0,-0.25,-2.25,0.25,rl,6
1,39,2.0,18.0,late,4.0,False,True,2,False,2,1,0.35,0.65,False,False,4.0,right,1.0,0.0,1.0,0.5420434259867761,False,0.0,nan,0.0,-0.75,-3.0,0.75,rl,6
1,40,2.0,19.0,late,4.0,False,True,2,False,2,1,0.35,0.65,False,False,1.0,left,0.0,1.0,2.0,0.7216188359889202,True,nan,1.0,1.0,0.25,-2.75,0.25,rl,6
1,41,2.0,20.0,late,4.0,False,True,2,True,1,2,0.35,0.65,False,False,4.0,right,0.0,1.0,2.0,0.49827178701525554,True,nan,1.0,1.0,0.5,-2.25,0.5,rl,6
1,42,2.0,21.0,late,5.0,False,True,2,False,2,1,0.35,0.65,False,False,1.0,left,0.0,1.0,2.0,0.4931535309879109,True,nan,0.0,0.0,-0.25,-2.5,0.25,rl,6
1,43,2.0,22.0,late,5.0,False,True,2,True,1,2,0.35,0.65,True,False,4.0,right,0.0,1.0,2.0,0.5069501679972745,True,nan,1.0,1.0,0.5,-2.0,0.5,rl,6
1,44,2.0,23.0,late,5.0,False,True,2,False,2,1,0.35,0.65,True,False,1.0,left,0.0,1.0,2.0,0.5164302089833654,True,nan,1.0,1.0,0.5,-1.5,0.5,rl,6
1,45,2.0,24.0,late,5.0,False,True,2,False,2,1,0.35,0.65,True,False,1.0,left,0.0,1.0,2.0,0.4677999790001195,True,nan,0.0,0.0,-0.75,-2.25,0.75,rl,6
1,46,2.0,25.0,late,5.0,False,True,2,False,2,1,0.35,0.65,True,False,1.0,left,0.0,1.0,2.0,0.7243630999873858,True,nan,0.0,0.0,-0.25,-2.5,0.25,rl,6
1,47,2.0,26.0,late,6.0,False,True,2,False,2,1,0.35,0.65,True,False,1.0,left,0.0,1.0,2.0,0.6173560039896984,True,nan,0.0,0.0,-0.25,-2.75,0.25,rl,6
1,48,2.0,27.0,late,6.0,False,True,2,True,1,2,0.35,0.65,True,True,1.0,left,1.0,0.0,1.0,0.8659943680104334,False,0.0,nan,0.0,-0.5,-3.25,0.5,rl,6
1,49,3.0,1.0,early,1.0,True,False,1,False,2,1,0.65,0.35,False,False,4.0,right,1.0,0.0,1.0,0.48291930300183594,True,1.0,nan,1.0,0.75,-2.5,0.75,rl,6
1,50,3.0,2.0,early,1.0,True,False,1,False,2,1,0.65,0.35,False,False,4.0,right,1.0,0.0,1.0,0.6218783030053601,True,1.0,nan,1.0,0.25,-2.25,0.25,rl,6
1,51,3.0,3.0,early,1.0,True,False,1,True,1,2,0.65,0.35,False,False,1.0,left,1.0,0.0,1.0,0.4802036129985936,True,1.0,nan,1.0,0.75,-1.5,0.75,rl,6
1,52,3.0,4.0,early,1.0,True,False,1,False,2,1,0.65,0.35,True,False,4.0,right,1.0,0.0,1.0,0.4896089780086186,True,1.0,nan,1.0,0.75,-0.75,0.75,rl,6
1,53,3.0,5.0,early,1.0,True,False,1,True,1,2,0.65,0.35,True,False,1.0,left,1.0,0.0,1.0,0.4715524089988321,True,1.0,nan,1.0,0.75,0.0,0.75,rl,6
1,54,3.0,6.0,early,2.0,True,False,1,True,1,2,0.65,0.35,True,False,1.0,left,1.0,0.0,1.0,0.8259388679871336,True,1.0,nan,1.0,0.25,0.25,0.25,rl,6
1,55,3.0,7.0,late,2.0,True,False,1,True,1,2,0.65,0.35,True,False,4.0,right,0.0,1.0,2.0,0.5305059019883629,False,nan,0.0,0.0,-0.75,-0.5,0.75,rl,6
1,56,3.0,8.0,late,2.0,True,False,1,True,1,2,0.65,0.35,True,False,1.0,left,1.0,0.0,1.0,0.608181717019761,True,1.0,nan,1.0,0.25,-0.25,0.25,rl,6
1,57,3.0,9.0,late,2.0,True,False,1,False,2,1,0.65,0.35,True,False,4.0,right,1.0,0.0,1.0,0.6172165940224659,True,0.0,nan,0.0,-0.5,-0.75,0.5,rl,6
1,58,3.0,10.0,late,2.0,True,False,1,True,1,2,0.65,0.35,True,False,1.0,left,1.0,0.0,1.0,0.7042244269978255,True,1.0,nan,1.0,0.75,0.0,0.75,rl,6
1,59,3.0,11.0,late,3.0,True,False,1,True,1,2,0.65,0.35,True,False,1.0,left,1.0,0.0,1.0,0.5966521700029261,True,1.0,nan,1.0,0.5,0.5,0.5,rl,6
1,60,3.0,12.0,late,3.0,True,False,1,True,1,2,0.65,0.35,True,False,1.0,left,1.0,0.0,1.0,0.8030756560037844,True,0.0,nan,0.0,-0.5,0.0,0.5,rl,6
1,61,3.0,13.0,late,3.0,True,False,1,True,1,2,0.65,0.35,True,True,1.0,left,1.0,0.0,1.0,0.7672675810172223,True,1.0,nan,1.0,0.75,0.75,0.75,rl,6
1,62,4.0,1.0,early,1.0,False,True,2,False,2,1,0.35,0.65,False,False,4.0,right,1.0,0.0,1.0,0.5906073330261279,False,1.0,nan,1.0,0.5,1.25,0.5,rl,6
1,63,4.0,2.0,early,1.0,False,True,2,False,2,1,0.35,0.65,False,False,4.0,right,1.0,0.0,1.0,0.6511177270149346,False,0.0,nan,0.0,-0.5,0.75,0.5,rl,6
1,64,4.0,3.0,early,1.0,False,True,2,False,2,1,0.35,0.65,False,False,4.0,right,1.0,0.0,1.0,0.49117139299050905,False,1.0,nan,1.0,0.25,1.0,0.25,rl,6
1,65,4.0,4.0,early,1.0,False,True,2,True,1,2,0.35,0.65,False,False,1.0,left,1.0,0.0,1.0,0.42789712600642815,False,1.0,nan,1.0,0.5,1.5,0.5,rl,6
1,66,4.0,5.0,late,1.0,False,True,2,False,2,1,0.35,0.65,False,False,4.0,right,1.0,0.0,1.0,0.5176889050053433,False,1.0,nan,1.0,0.5,2.0,0.5,rl,6
1,67,4.0,6.0,late,2.0,False,True,2,True,1,2,0.35,0.65,False,False,1.0,left,1.0,0.0,1.0,0.4128449730051216,False,1.0,nan,1.0,0.5,2.5,0.5,rl,6
1,68,4.0,7.0,late,2.0,False,True,2,False,2,1,0.35,0.65,False,False,4.0,right,1.0,0.0,1.0,0.6767198769957758,False,1.0,nan,1.0,0.5,3.0,0.5,rl,6
1,69,4.0,8.0,late,2.0,False,True,2,True,1,2,0.35,0.65,False,False,1.0,left,1.0,0.0,1.0,0.7499836639908608,False,0.0,nan,0.0,-0.5,2.5,0.5,rl,6
1,70,4.0,9.0,late,2.0,False,True,2,True,1,2,0.35,0.65,False,False,1.0,left,1.0,0.0,1.0,0.5590976969979238,False,1.0,nan,1.0,0.25,2.75,0.25,rl,6
