sessNo,trialNo,block,blockTrialNo,trialClass,blockBin,stim1_High,stim2_High,stimHigh,stim1_left,leftStim,rightStim,stim1_pWin,stim2_pWin,reverseStatus,reverseTrial,responseKey,response_LR,selected_stim1,selected_stim2,response_stimID,RT,highChosen,stim1_isWin,stim2_isWin,isWin,payOut,accum_payOut,abs_outMag,instructCond,subID
1,1,1.0,1.0,early,1.0,True,False,1,True,1,2,0.7,0.3,False,False,4.0,right,0.0,1.0,2,0.69673414924182,False,nan,1.0,1,0.5,0.5,0.5,hm,65
1,2,1.0,2.0,early,1.0,True,False,1,False,2,1,0.7,0.3,False,False,1.0,left,0.0,1.0,2,0.5514824020210654,False,nan,0.0,0,-0.25,0.25,0.25,hm,65
1,3,1.0,3.0,early,1.0,True,False,1,False,2,1,0.7,0.3,False,False,1.0,left,0.0,1.0,2,0.5606205319054425,False,nan,0.0,0,-0.75,-0.5,0.75,hm,65
1,4,1.0,4.0,early,1.0,True,False,1,False,2,1,0.7,0.3,False,False,4.0,right,1.0,0.0,1,0.4739669458940625,True,0.0,nan,0,-0.75,-1.25,0.75,hm,65
1,5,1.0,5.0,early,1.0,True,False,1,True,1,2,0.7,0.3,False,False,1.0,left,1.0,0.0,1,0.4275505137629807,True,1.0,nan,1,0.5,-0.75,0.5,hm,65
1,6,1.0,6.0,late,2.0,True,False,1,False,2,1,0.7,0.3,False,False,4.0,right,1.0,0.0,1,0.4230670768301934,True,0.0,nan,0,-0.25,-1.0,0.25,hm,65
1,7,1.0,7.0,late,2.0,True,False,1,True,1,2,0.7,0.3,True,False,1.0,left,1.0,0.0,1,0.30646164482459426,True,1.0,nan,1,0.75,-0.25,0.75,hm,65
1,8,1.0,8.0,late,2.0,True,False,1,False,2,1,0.7,0.3,True,False,4.0,right,1.0,0.0,1,0.3663486219011247,True,0.0,nan,0,-0.5,-0.75,0.5,hm,65
1,9,1.0,9.0,late,2.0,True,False,1,False,2,1,0.7,0.3,True,False,1.0,left,0.0,1.0,2,0.4368804262485355,False,nan,0.0,0,-0.25,-1.0,0.25,hm,65
1,10,1.0,10.0,late,2.0,True,False,1,False,2,1,0.7,0.3,True,True,4.0,right,1.0,0.0,1,0.31919408962130547,True,1.0,nan,1,0.5,-0.5,0.5,hm,65
1,11,2.0,1.0,early,1.0,False,True,2,True,1,2,0.3,0.7,False,False,1.0,left,1.0,0.0,1,0.4543655081652105,False,1.0,nan,1,0.25,-0.25,0.25,hm,65
1,12,2.0,2.0,early,1.0,False,True,2,False,2,1,0.3,0.7,False,False,1.0,left,0.0,1.0,2,0.5063014151528478,True,nan,0.0,0,-0.75,-1.0,0.75,hm,65
1,13,2.0,3.0,early,1.0,False,True,2,False,2,1,0.3,0.7,False,False,4.0,right,1.0,0.0,1,0.3708775120321661,False,1.0,nan,1,0.25,-0.75,0.25,hm,65
1,14,2.0,4.0,early,1.0,False,True,2,False,2,1,0.3,0.7,False,False,4.0,right,1.0,0.0,1,0.4444898650981486,False,1.0,nan,1,0.75,0.0,0.75,hm,65
1,15,2.0,5.0,early,1.0,False,True,2,False,2,1,0.3,0.7,False,False,4.0,right,1.0,0.0,1,0.42835987266153097,False,0.0,nan,0,-0.75,-0.75,0.75,hm,65
1,16,2.0,6.0,early,2.0,False,True,2,True,1,2,0.3,0.7,False,False,4.0,right,0.0,1.0,2,0.6673614638857543,True,nan,1.0,1,0.5,-0.25,0.5,hm,65
1,17,2.0,7.0,early,2.0,False,True,2,False,2,1,0.3,0.7,False,False,1.0,left,0.0,1.0,2,0.39195749582722783,True,nan,1.0,1,0.25,0.0,0.25,hm,65
1,18,2.0,8.0,early,2.0,False,True,2,False,2,1,0.3,0.7,False,False,1.0,left,0.0,1.0,2,0.4618113157339394,True,nan,0.0,0,-0.5,-0.5,0.5,hm,65
1,19,2.0,9.0,early,2.0,False,True,2,False,2,1,0.3,0.7,False,False,4.0,right,1.0,0.0,1,0.4705972569063306,False,0.0,nan,0,-0.5,-1.0,0.5,hm,65
1,20,2.0,10.0,early,2.0,False,True,2,True,1,2,0.3,0.7,False,False,1.0,left,1.0,0.0,1,0.5084816985763609,False,0.0,nan,0,-0.5,-1.5,0.5,hm,65
1,21,2.0,11.0,early,3.0,False,True,2,True,1,2,0.3,0.7,False,False,4.0,right,0.0,1.0,2,0.3668415683787316,True,nan,1.0,1,0.25,-1.25,0.25,hm,65
1,22,2.0,12.0,early,3.0,False,True,2,False,2,1,0.3,0.7,False,False,1.0,left,0.0,1.0,2,0.4982433102559298,True,nan,0.0,0,-0.75,-2.0,0.75,hm,65
1,23,2.0,13.0,early,3.0,False,True,2,False,2,1,0.3,0.7,False,False,4.0,right,1.0,0.0,1,0.33708561048842967,False,0.0,nan,0,-0.25,-2.25,0.25,hm,65
1,24,2.0,14.0,early,3.0,False,True,2,False,2,1,0.3,0.7,False,False,4.0,right,1.0,0.0,1,0.5885959004517645,False,0.0,nan,0,-0.75,-3.0,0.75,hm,65
1,25,2.0,15.0,early,3.0,False,True,2,True,1,2,0.3,0.7,False,False,1.0,left,1.0,0.0,1,0.41998066334053874,False,0.0,nan,0,-0.5,-3.5,0.5,hm,65
1,26,2.0,16.0,late,4.0,False,True,2,False,2,1,0.3,0.7,False,False,4.0,right,1.0,0.0,1,0.7228391955140978,False,1.0,nan,1,0.5,-3.0,0.5,hm,65
1,27,2.0,17.0,late,4.0,False,True,2,False,2,1,0.3,0.7,False,False,4.0,right,1.0,0.0,1,0.4452361757867038,False,0.0,nan,0,-0.75,-3.75,0.75,hm,65
1,28,2.0,18.0,late,4.0,False,True,2,False,2,1,0.3,0.7,False,False,4.0,right,1.0,0.0,1,0.4008751045912504,False,1.0,nan,1,0.5,-3.25,0.5,hm,65
1,29,2.0,19.0,late,4.0,False,True,2,True,1,2,0.3,0.7,False,False,1.0,left,1.0,0.0,1,0.8553259470500052,False,0.0,nan,0,-0.5,-3.75,0.5,hm,65
1,30,2.0,20.0,late,4.0,False,True,2,True,1,2,0.3,0.7,False,False,1.0,left,1.0,0.0,1,0.6005087231751531,False,1.0,nan,1,0.25,-3.5,0.25,hm,65
1,31,2.0,21.0,late,5.0,False,True,2,False,2,1,0.3,0.7,False,False,4.0,right,1.0,0.0,1,0.6221385428216308,False,1.0,nan,1,0.5,-3.0,0.5,hm,65
1,32,2.0,22.0,late,5.0,False,True,2,True,1,2,0.3,0.7,False,False,1.0,left,1.0,0.0,1,0.6407318010460585,False,0.0,nan,0,-0.5,-3.5,0.5,hm,65
1,33,2.0,23.0,late,5.0,False,True,2,True,1,2,0.3,0.7,False,False,4.0,right,0.0,1.0,2,0.38589962129481137,True,nan,0.0,0,-0.25,-3.75,0.25,hm,65
1,34,2.0,24.0,late,5.0,False,True,2,False,2,1,0.3,0.7,False,False,4.0,right,1.0,0.0,1,0.47572759445756674,False,0.0,nan,0,-0.5,-4.25,0.5,hm,65
1,35,2.0,25.0,late,5.0,False,True,2,True,1,2,0.3,0.7,False,False,1.0,left,1.0,0.0,1,0.40002967650070786,False,0.0,nan,0,-0.75,-5.0,0.75,hm,65
1,36,2.0,26.0,late,6.0,False,True,2,False,2,1,0.3,0.7,False,False,4.0,right,1.0,0.0,1,0.2897595295216888,False,0.0,nan,0,-0.75,-5.75,0.75,hm,65
1,37,2.0,27.0,late,6.0,False,True,2,False,2,1,0.3,0.7,False,False,1.0,left,0.0,1.0,2,0.4571296442300081,True,nan,1.0,1,0.25,-5.5,0.25,hm,65
1,38,2.0,28.0,late,6.0,False,True,2,True,1,2,0.3,0.7,False,False,4.0,right,0.0,1.0,2,0.7607517887372524,True,nan,1.0,1,0.5,-5.0,0.5,hm,65
1,39,2.0,29.0,late,6.0,False,True,2,False,2,1,0.3,0.7,False,False,1.0,left,0.0,1.0,2,0.48959930008277297,True,nan,1.0,1,0.25,-4.75,0.25,hm,65
1,40,2.0,30.0,late,6.0,False,True,2,False,2,1,0.3,0.7,True,False,1.0,left,0.0,1.0,2,0.8898829272948205,True,nan,1.0,1,0.75,-4.0,0.75,hm,65
1,41,2.0,31.0,late,7.0,False,True,2,False,2,1,0.3,0.7,True,True,4.0,right,1.0,0.0,1,0.45699680387042463,False,1.0,nan,1,0.25,-3.75,0.25,hm,65
1,42,3.0,1.0,early,1.0,True,False,1,True,1,2,0.7,0.3,False,False,4.0,right,0.0,1.0,2,0.6210121852345765,False,nan,1.0,1,0.25,-3.5,0.25,hm,65
1,43,3.0,2.0,early,1.0,True,False,1,True,1,2,0.7,0.3,False,False,1.0,left,1.0,0.0,1,0.6225628696847707,True,1.0,nan,1,0.75,-2.75,0.75,hm,65
1,44,3.0,3.0,early,1.0,True,False,1,True,1,2,0.7,0.3,False,False,1.0,left,1.0,0.0,1,0.45459394669160247,True,1.0,nan,1,0.75,-2.0,0.75,hm,65
1,45,3.0,4.0,early,1.0,True,False,1,False,2,1,0.7,0.3,False,False,1.0,left,0.0,1.0,2,0.602750294841826,False,nan,0.0,0,-0.5,-2.5,0.5,hm,65
1,46,3.0,5.0,early,1.0,True,False,1,True,1,2,0.7,0.3,False,False,1.0,left,1.0,0.0,1,0.5511956075206399,True,1.0,nan,1,0.25,-2.25,0.25,hm,65
1,47,3.0,6.0,early,2.0,True,False,1,True,1,2,0.7,0.3,False,False,4.0,right,0.0,1.0,2,0.4965533339418471,False,nan,1.0,1,0.5,-1.75,0.5,hm,65
1,48,3.0,7.0,early,2.0,True,False,1,True,1,2,0.7,0.3,False,False,1.0,left,1.0,0.0,1,0.5143161197192967,True,0.0,nan,0,-0.25,-2.0,0.25,hm,65
1,49,3.0,8.0,late,2.0,True,False,1,True,1,2,0.7,0.3,False,False,4.0,right,0.0,1.0,2,0.46977704809978604,False,nan,0.0,0,-0.5,-2.5,0.5,hm,65
1,50,3.0,9.0,late,2.0,True,False,1,False,2,1,0.7,0.3,False,False,1.0,left,0.0,1.0,2,0.555200467351824,False,nan,0.0,0,-0.5,-3.0,0.5,hm,65
1,51,3.0,10.0,late,2.0,True,False,1,False,2,1,0.7,0.3,False,False,4.0,right,1.0,0.0,1,0.5186057211831212,True,1.0,nan,1,0.5,-2.5,0.5,hm,65
1,52,3.0,11.0,late,3.0,True,False,1,False,2,1,0.7,0.3,False,False,4.0,right,1.0,0.0,1,0.41501483670435846,True,0.0,nan,0,-0.25,-2.75,0.25,hm,65
1,53,3.0,12.0,late,3.0,True,False,1,True,1,2,0.7,0.3,False,False,1.0,left,1.0,0.0,1,0.417796274414286,True,0.0,nan,0,-0.25,-3.0,0.25,hm,65
1,54,3.0,13.0,late,3.0,True,False,1,False,2,1,0.7,0.3,True,False,4.0,right,1.0,0.0,1,0.48136378126218915,True,1.0,nan,1,0.5,-2.5,0.5,hm,65
1,55,3.0,14.0,late,3.0,True,False,1,True,1,2,0.7,0.3,True,True,1.0,left,1.0,0.0,1,0.5418003012891859,True,1.0,nan,1,0.75,-1.75,0.75,hm,65
1,56,4.0,1.0,early,1.0,False,True,2,True,1,2,0.3,0.7,False,False,1.0,left,1.0,0.0,1,0.7083789454773068,False,0.0,nan,0,-0.25,-2.0,0.25,hm,65
1,57,4.0,2.0,early,1.0,False,True,2,True,1,2,0.3,0.7,False,False,4.0,right,0.0,1.0,2,0.512626143405214,True,nan,0.0,0,-0.5,-2.5,0.5,hm,65
1,58,4.0,3.0,early,1.0,False,True,2,True,1,2,0.3,0.7,False,False,4.0,right,0.0,1.0,2,0.5095271202735603,True,nan,1.0,1,0.75,-1.75,0.75,hm,65
1,59,4.0,4.0,early,1.0,False,True,2,False,2,1,0.3,0.7,False,False,1.0,left,0.0,1.0,2,0.4509271995630115,True,nan,1.0,1,0.5,-1.25,0.5,hm,65
1,60,4.0,5.0,early,1.0,False,True,2,False,2,1,0.3,0.7,False,False,4.0,right,1.0,0.0,1,0.474321773275733,False,0.0,nan,0,-0.5,-1.75,0.5,hm,65
1,61,4.0,6.0,early,2.0,False,True,2,True,1,2,0.3,0.7,False,False,1.0,left,1.0,0.0,1,0.5529410075396299,False,0.0,nan,0,-0.5,-2.25,0.5,hm,65
1,62,4.0,7.0,early,2.0,False,True,2,False,2,1,0.3,0.7,False,False,1.0,left,0.0,1.0,2,0.5235759464558214,True,nan,1.0,1,0.5,-1.75,0.5,hm,65
1,63,4.0,8.0,late,2.0,False,True,2,False,2,1,0.3,0.7,False,False,4.0,right,1.0,0.0,1,0.5740690834354609,False,0.0,nan,0,-0.25,-2.0,0.25,hm,65
1,64,4.0,9.0,late,2.0,False,True,2,False,2,1,0.3,0.7,False,False,1.0,left,0.0,1.0,2,0.7224711717572063,True,nan,1.0,1,0.5,-1.5,0.5,hm,65
1,65,4.0,10.0,late,2.0,False,True,2,False,2,1,0.3,0.7,False,False,4.0,right,1.0,0.0,1,0.4170133078005165,False,0.0,nan,0,-0.75,-2.25,0.75,hm,65
1,66,4.0,11.0,late,3.0,False,True,2,False,2,1,0.3,0.7,False,False,1.0,left,0.0,1.0,2,0.5312179354950786,True,nan,1.0,1,0.75,-1.5,0.75,hm,65
1,67,4.0,12.0,late,3.0,False,True,2,False,2,1,0.3,0.7,False,False,4.0,right,1.0,0.0,1,0.4258954336401075,False,0.0,nan,0,-0.25,-1.75,0.25,hm,65
1,68,4.0,13.0,late,3.0,False,True,2,True,1,2,0.3,0.7,False,False,1.0,left,1.0,0.0,1,0.49638530402444303,False,1.0,nan,1,0.75,-1.0,0.75,hm,65
1,69,4.0,14.0,late,3.0,False,True,2,False,2,1,0.3,0.7,False,False,1.0,left,0.0,1.0,2,0.3869664501398802,True,nan,1.0,1,0.5,-0.5,0.5,hm,65
1,70,4.0,15.0,late,3.0,False,True,2,False,2,1,0.3,0.7,False,False,4.0,right,1.0,0.0,1,0.3786816659849137,False,1.0,nan,1,0.25,-0.25,0.25,hm,65
