sessNo,trialNo,block,blockTrialNo,trialClass,blockBin,stim1_High,stim2_High,stimHigh,stim1_left,leftStim,rightStim,stim1_pWin,stim2_pWin,reverseStatus,reverseTrial,responseKey,response_LR,selected_stim1,selected_stim2,response_stimID,RT,highChosen,stim1_isWin,stim2_isWin,isWin,payOut,accum_payOut,abs_outMag,instructCond,subID
1,1,1.0,1.0,early,1.0,False,True,2,False,2,1,0.3,0.7,False,False,1.0,left,0.0,1.0,2,1.316676280228421,True,nan,0.0,0,-0.25,-0.25,0.25,hm,61
1,2,1.0,2.0,early,1.0,False,True,2,False,2,1,0.3,0.7,False,False,4.0,right,1.0,0.0,1,0.8428254597820342,False,0.0,nan,0,-0.75,-1.0,0.75,hm,61
1,3,1.0,3.0,early,1.0,False,True,2,False,2,1,0.3,0.7,False,False,4.0,right,1.0,0.0,1,0.6238839427242056,False,0.0,nan,0,-0.25,-1.25,0.25,hm,61
1,4,1.0,4.0,early,1.0,False,True,2,True,1,2,0.3,0.7,False,False,1.0,left,1.0,0.0,1,0.6310256540309638,False,0.0,nan,0,-0.5,-1.75,0.5,hm,61
1,5,1.0,5.0,early,1.0,False,True,2,True,1,2,0.3,0.7,False,False,4.0,right,0.0,1.0,2,0.6547102481126785,True,nan,1.0,1,0.75,-1.0,0.75,hm,61
1,6,1.0,6.0,early,2.0,False,True,2,False,2,1,0.3,0.7,False,False,1.0,left,0.0,1.0,2,0.5232788883149624,True,nan,0.0,0,-0.5,-1.5,0.5,hm,61
1,7,1.0,7.0,early,2.0,False,True,2,False,2,1,0.3,0.7,False,False,4.0,right,1.0,0.0,1,0.598187388270162,False,1.0,nan,1,0.75,-0.75,0.75,hm,61
1,8,1.0,8.0,early,2.0,False,True,2,False,2,1,0.3,0.7,False,False,1.0,left,0.0,1.0,2,0.8537726235808805,True,nan,1.0,1,0.5,-0.25,0.5,hm,61
1,9,1.0,9.0,early,2.0,False,True,2,True,1,2,0.3,0.7,False,False,4.0,right,0.0,1.0,2,0.6014186651445925,True,nan,1.0,1,0.25,0.0,0.25,hm,61
1,10,1.0,10.0,early,2.0,False,True,2,False,2,1,0.3,0.7,False,False,1.0,left,0.0,1.0,2,0.7124345365446061,True,nan,1.0,1,0.5,0.5,0.5,hm,61
1,11,1.0,11.0,early,3.0,False,True,2,False,2,1,0.3,0.7,False,False,4.0,right,1.0,0.0,1,0.6027737546246499,False,0.0,nan,0,-0.75,-0.25,0.75,hm,61
1,12,1.0,12.0,early,3.0,False,True,2,False,2,1,0.3,0.7,False,False,1.0,left,0.0,1.0,2,0.6467797051882371,True,nan,1.0,1,0.25,0.0,0.25,hm,61
1,13,1.0,13.0,late,3.0,False,True,2,False,2,1,0.3,0.7,False,False,1.0,left,0.0,1.0,2,0.6536014851881191,True,nan,0.0,0,-0.25,-0.25,0.25,hm,61
1,14,1.0,14.0,late,3.0,False,True,2,True,1,2,0.3,0.7,False,False,4.0,right,0.0,1.0,2,1.196687083458528,True,nan,1.0,1,0.5,0.25,0.5,hm,61
1,15,1.0,15.0,late,3.0,False,True,2,True,1,2,0.3,0.7,False,False,1.0,left,1.0,0.0,1,0.6498244776157662,False,0.0,nan,0,-0.5,-0.25,0.5,hm,61
1,16,1.0,16.0,late,4.0,False,True,2,True,1,2,0.3,0.7,False,False,4.0,right,0.0,1.0,2,0.7751835939707235,True,nan,1.0,1,0.5,0.25,0.5,hm,61
1,17,1.0,17.0,late,4.0,False,True,2,True,1,2,0.3,0.7,False,False,4.0,right,0.0,1.0,2,0.9851412286516279,True,nan,0.0,0,-0.25,0.0,0.25,hm,61
1,18,1.0,18.0,late,4.0,False,True,2,False,2,1,0.3,0.7,False,False,1.0,left,0.0,1.0,2,0.4619972335640341,True,nan,0.0,0,-0.75,-0.75,0.75,hm,61
1,19,1.0,19.0,late,4.0,False,True,2,False,2,1,0.3,0.7,False,False,4.0,right,1.0,0.0,1,0.7810573099413887,False,0.0,nan,0,-0.75,-1.5,0.75,hm,61
1,20,1.0,20.0,late,4.0,False,True,2,True,1,2,0.3,0.7,False,False,4.0,right,0.0,1.0,2,0.8092136112973094,True,nan,1.0,1,0.5,-1.0,0.5,hm,61
1,21,1.0,21.0,late,5.0,False,True,2,True,1,2,0.3,0.7,False,False,4.0,right,0.0,1.0,2,1.0425863469718024,True,nan,1.0,1,0.25,-0.75,0.25,hm,61
1,22,1.0,22.0,late,5.0,False,True,2,False,2,1,0.3,0.7,False,False,1.0,left,0.0,1.0,2,0.7117917414288968,True,nan,1.0,1,0.75,0.0,0.75,hm,61
1,23,1.0,23.0,late,5.0,False,True,2,False,2,1,0.3,0.7,True,False,1.0,left,0.0,1.0,2,1.0818384877638891,True,nan,1.0,1,0.5,0.5,0.5,hm,61
1,24,1.0,24.0,late,5.0,False,True,2,True,1,2,0.3,0.7,True,True,4.0,right,0.0,1.0,2,0.7852976460708305,True,nan,0.0,0,-0.5,0.0,0.5,hm,61
1,25,2.0,1.0,early,1.0,True,False,1,False,2,1,0.7,0.3,False,False,1.0,left,0.0,1.0,2,0.8362115910276771,False,nan,1.0,1,0.25,0.25,0.25,hm,61
1,26,2.0,2.0,early,1.0,True,False,1,False,2,1,0.7,0.3,False,False,4.0,right,1.0,0.0,1,1.0488436286104843,True,0.0,nan,0,-0.5,-0.25,0.5,hm,61
1,27,2.0,3.0,early,1.0,True,False,1,True,1,2,0.7,0.3,False,False,1.0,left,1.0,0.0,1,1.0026315889554098,True,1.0,nan,1,0.75,0.5,0.75,hm,61
1,28,2.0,4.0,late,1.0,True,False,1,False,2,1,0.7,0.3,False,False,4.0,right,1.0,0.0,1,1.112911999458447,True,1.0,nan,1,0.75,1.25,0.75,hm,61
1,29,2.0,5.0,late,1.0,True,False,1,False,2,1,0.7,0.3,True,False,4.0,right,1.0,0.0,1,1.1584964928915724,True,0.0,nan,0,-0.5,0.75,0.5,hm,61
1,30,2.0,6.0,late,2.0,True,False,1,False,2,1,0.7,0.3,True,False,1.0,left,0.0,1.0,2,0.6299400576390326,False,nan,1.0,1,0.5,1.25,0.5,hm,61
1,31,2.0,7.0,late,2.0,True,False,1,True,1,2,0.7,0.3,True,True,4.0,right,0.0,1.0,2,1.3150871805846691,False,nan,1.0,1,0.25,1.5,0.25,hm,61
1,32,3.0,1.0,early,1.0,False,True,2,False,2,1,0.3,0.7,False,False,1.0,left,0.0,1.0,2,1.3759738331427798,True,nan,1.0,1,0.5,2.0,0.5,hm,61
1,33,3.0,2.0,early,1.0,False,True,2,True,1,2,0.3,0.7,False,False,4.0,right,0.0,1.0,2,1.3727821443462744,True,nan,1.0,1,0.5,2.5,0.5,hm,61
1,34,3.0,3.0,early,1.0,False,True,2,True,1,2,0.3,0.7,False,False,1.0,left,1.0,0.0,1,1.4943422597134486,False,1.0,nan,1,0.5,3.0,0.5,hm,61
1,35,3.0,4.0,early,1.0,False,True,2,True,1,2,0.3,0.7,False,False,4.0,right,0.0,1.0,2,1.4748645717045292,True,nan,1.0,1,0.75,3.75,0.75,hm,61
1,36,3.0,5.0,late,1.0,False,True,2,False,2,1,0.3,0.7,False,False,1.0,left,0.0,1.0,2,0.9278439064510167,True,nan,0.0,0,-0.75,3.0,0.75,hm,61
1,37,3.0,6.0,late,2.0,False,True,2,True,1,2,0.3,0.7,False,False,4.0,right,0.0,1.0,2,0.8306733483914286,True,nan,1.0,1,0.5,3.5,0.5,hm,61
1,38,3.0,7.0,late,2.0,False,True,2,False,2,1,0.3,0.7,True,False,1.0,left,0.0,1.0,2,0.7929812759393826,True,nan,1.0,1,0.25,3.75,0.25,hm,61
1,39,3.0,8.0,late,2.0,False,True,2,True,1,2,0.3,0.7,True,False,4.0,right,0.0,1.0,2,1.2826251493534073,True,nan,0.0,0,-0.25,3.5,0.25,hm,61
1,40,3.0,9.0,late,2.0,False,True,2,False,2,1,0.3,0.7,True,True,1.0,left,0.0,1.0,2,1.2262110837036744,True,nan,1.0,1,0.75,4.25,0.75,hm,61
1,41,4.0,1.0,early,1.0,True,False,1,False,2,1,0.7,0.3,False,False,4.0,right,1.0,0.0,1,1.2795871214475483,True,1.0,nan,1,0.25,4.5,0.25,hm,61
1,42,4.0,2.0,early,1.0,True,False,1,False,2,1,0.7,0.3,False,False,1.0,left,0.0,1.0,2,1.3298914080951363,False,nan,1.0,1,0.75,5.25,0.75,hm,61
1,43,4.0,3.0,early,1.0,True,False,1,True,1,2,0.7,0.3,False,False,1.0,left,1.0,0.0,1,1.3082349027972668,True,0.0,nan,0,-0.5,4.75,0.5,hm,61
1,44,4.0,4.0,early,1.0,True,False,1,True,1,2,0.7,0.3,False,False,4.0,right,0.0,1.0,2,0.9233314379816875,False,nan,0.0,0,-0.75,4.0,0.75,hm,61
1,45,4.0,5.0,early,1.0,True,False,1,True,1,2,0.7,0.3,False,False,1.0,left,1.0,0.0,1,1.257923578377813,True,1.0,nan,1,0.5,4.5,0.5,hm,61
1,46,4.0,6.0,early,2.0,True,False,1,True,1,2,0.7,0.3,False,False,4.0,right,0.0,1.0,2,1.1808943237410858,False,nan,0.0,0,-0.5,4.0,0.5,hm,61
1,47,4.0,7.0,early,2.0,True,False,1,True,1,2,0.7,0.3,False,False,1.0,left,1.0,0.0,1,1.0035872774897143,True,1.0,nan,1,0.25,4.25,0.25,hm,61
1,48,4.0,8.0,early,2.0,True,False,1,True,1,2,0.7,0.3,False,False,4.0,right,0.0,1.0,2,1.3836630346486345,False,nan,0.0,0,-0.75,3.5,0.75,hm,61
1,49,4.0,9.0,early,2.0,True,False,1,False,2,1,0.7,0.3,False,False,1.0,left,0.0,1.0,2,1.1158057503635064,False,nan,0.0,0,-0.5,3.0,0.5,hm,61
1,50,4.0,10.0,early,2.0,True,False,1,True,1,2,0.7,0.3,False,False,4.0,right,0.0,1.0,2,0.9513091524131596,False,nan,0.0,0,-0.25,2.75,0.25,hm,61
1,51,4.0,11.0,early,3.0,True,False,1,False,2,1,0.7,0.3,False,False,1.0,left,0.0,1.0,2,0.8749508445616812,False,nan,0.0,0,-0.5,2.25,0.5,hm,61
1,52,4.0,12.0,early,3.0,True,False,1,True,1,2,0.7,0.3,False,False,1.0,left,1.0,0.0,1,1.4289736363571137,True,0.0,nan,0,-0.25,2.0,0.25,hm,61
1,53,4.0,13.0,early,3.0,True,False,1,True,1,2,0.7,0.3,False,False,4.0,right,0.0,1.0,2,1.3749580291332677,False,nan,0.0,0,-0.5,1.5,0.5,hm,61
1,54,4.0,14.0,early,3.0,True,False,1,True,1,2,0.7,0.3,False,False,4.0,right,0.0,1.0,2,1.3709965698653832,False,nan,1.0,1,0.75,2.25,0.75,hm,61
1,55,4.0,15.0,early,3.0,True,False,1,False,2,1,0.7,0.3,False,False,1.0,left,0.0,1.0,2,1.017118524410762,False,nan,0.0,0,-0.75,1.5,0.75,hm,61
1,56,4.0,16.0,late,4.0,True,False,1,True,1,2,0.7,0.3,False,False,4.0,right,0.0,1.0,2,1.836061449139379,False,nan,0.0,0,-0.5,1.0,0.5,hm,61
1,57,4.0,17.0,late,4.0,True,False,1,False,2,1,0.7,0.3,False,False,4.0,right,1.0,0.0,1,1.5482476063771173,True,0.0,nan,0,-0.5,0.5,0.5,hm,61
1,58,4.0,18.0,late,4.0,True,False,1,True,1,2,0.7,0.3,False,False,4.0,right,0.0,1.0,2,1.7061722696525976,False,nan,1.0,1,0.25,0.75,0.25,hm,61
1,59,4.0,19.0,late,4.0,True,False,1,False,2,1,0.7,0.3,False,False,1.0,left,0.0,1.0,2,1.5599932787008584,False,nan,0.0,0,-0.75,0.0,0.75,hm,61
1,60,4.0,20.0,late,4.0,True,False,1,False,2,1,0.7,0.3,False,False,4.0,right,1.0,0.0,1,0.8067101705819368,True,1.0,nan,1,0.25,0.25,0.25,hm,61
1,61,4.0,21.0,late,5.0,True,False,1,False,2,1,0.7,0.3,False,False,4.0,right,1.0,0.0,1,1.484324392164126,True,1.0,nan,1,0.5,0.75,0.5,hm,61
1,62,4.0,22.0,late,5.0,True,False,1,True,1,2,0.7,0.3,False,False,4.0,right,0.0,1.0,2,1.727019122801721,False,nan,0.0,0,-0.75,0.0,0.75,hm,61
1,63,4.0,23.0,late,5.0,True,False,1,True,1,2,0.7,0.3,False,False,1.0,left,1.0,0.0,1,1.134174968698062,True,1.0,nan,1,0.5,0.5,0.5,hm,61
1,64,4.0,24.0,late,5.0,True,False,1,True,1,2,0.7,0.3,False,False,4.0,right,0.0,1.0,2,1.67934290622361,False,nan,0.0,0,-0.25,0.25,0.25,hm,61
1,65,4.0,25.0,late,5.0,True,False,1,True,1,2,0.7,0.3,False,False,1.0,left,1.0,0.0,1,1.6818489860743284,True,1.0,nan,1,0.5,0.75,0.5,hm,61
1,66,4.0,26.0,late,6.0,True,False,1,True,1,2,0.7,0.3,False,False,4.0,right,0.0,1.0,2,1.5772291016764939,False,nan,1.0,1,0.5,1.25,0.5,hm,61
1,67,4.0,27.0,late,6.0,True,False,1,False,2,1,0.7,0.3,False,False,1.0,left,0.0,1.0,2,1.310525740031153,False,nan,0.0,0,-0.75,0.5,0.75,hm,61
1,68,4.0,28.0,late,6.0,True,False,1,True,1,2,0.7,0.3,False,False,4.0,right,0.0,1.0,2,1.5249322088202462,False,nan,0.0,0,-0.25,0.25,0.25,hm,61
1,69,4.0,29.0,late,6.0,True,False,1,False,2,1,0.7,0.3,False,False,1.0,left,0.0,1.0,2,2.6258454646449536,False,nan,0.0,0,-0.25,0.0,0.25,hm,61
1,70,4.0,30.0,late,6.0,True,False,1,True,1,2,0.7,0.3,False,False,4.0,right,0.0,1.0,2,2.1584413626696914,False,nan,0.0,0,-0.75,-0.75,0.75,hm,61
