sessNo,trialNo,block,blockTrialNo,trialClass,blockBin,stim1_High,stim2_High,stimHigh,stim1_left,leftStim,rightStim,stim1_pWin,stim2_pWin,reverseStatus,reverseTrial,responseKey,response_LR,selected_stim1,selected_stim2,response_stimID,RT,highChosen,stim1_isWin,stim2_isWin,isWin,payOut,accum_payOut,abs_outMag,instructCond,subID
1,1,1.0,1.0,early,1.0,True,False,1,True,1,2,0.7,0.3,False,False,4.0,right,0.0,1.0,2.0,1.3474987734807655,False,nan,0.0,0.0,-0.25,-0.25,0.25,rl,60
1,2,1.0,2.0,early,1.0,True,False,1,False,2,1,0.7,0.3,False,False,4.0,right,1.0,0.0,1.0,0.9299772704252973,True,0.0,nan,0.0,-0.5,-0.75,0.5,rl,60
1,3,1.0,3.0,early,1.0,True,False,1,True,1,2,0.7,0.3,False,False,4.0,right,0.0,1.0,2.0,0.7627232811646536,False,nan,0.0,0.0,-0.25,-1.0,0.25,rl,60
1,4,1.0,4.0,early,1.0,True,False,1,True,1,2,0.7,0.3,False,False,1.0,left,1.0,0.0,1.0,0.6940377530409023,True,0.0,nan,0.0,-0.75,-1.75,0.75,rl,60
1,5,1.0,5.0,early,1.0,True,False,1,False,2,1,0.7,0.3,False,False,1.0,left,0.0,1.0,2.0,1.7509779018582776,False,nan,0.0,0.0,-0.25,-2.0,0.25,rl,60
1,6,1.0,6.0,early,2.0,True,False,1,False,2,1,0.7,0.3,False,False,4.0,right,1.0,0.0,1.0,0.7710643684258685,True,0.0,nan,0.0,-0.5,-2.5,0.5,rl,60
1,7,1.0,7.0,early,2.0,True,False,1,True,1,2,0.7,0.3,False,False,4.0,right,0.0,1.0,2.0,1.176142566720955,False,nan,1.0,1.0,0.75,-1.75,0.75,rl,60
1,8,1.0,8.0,early,2.0,True,False,1,False,2,1,0.7,0.3,False,False,1.0,left,0.0,1.0,2.0,0.8159166265977547,False,nan,0.0,0.0,-0.5,-2.25,0.5,rl,60
1,9,1.0,9.0,early,2.0,True,False,1,True,1,2,0.7,0.3,False,False,1.0,left,1.0,0.0,1.0,0.6167651044670492,True,1.0,nan,1.0,0.75,-1.5,0.75,rl,60
1,10,1.0,10.0,early,2.0,True,False,1,True,1,2,0.7,0.3,False,False,4.0,right,0.0,1.0,2.0,0.7491876353742555,False,nan,0.0,0.0,-0.5,-2.0,0.5,rl,60
1,11,1.0,11.0,late,3.0,True,False,1,True,1,2,0.7,0.3,False,False,4.0,right,0.0,1.0,2.0,1.7308870366541669,False,nan,0.0,0.0,-0.5,-2.5,0.5,rl,60
1,12,1.0,12.0,late,3.0,True,False,1,True,1,2,0.7,0.3,False,False,1.0,left,1.0,0.0,1.0,0.9020030749961734,True,1.0,nan,1.0,0.25,-2.25,0.25,rl,60
1,13,1.0,13.0,late,3.0,True,False,1,True,1,2,0.7,0.3,False,False,1.0,left,1.0,0.0,1.0,2.315848447033204,True,1.0,nan,1.0,0.25,-2.0,0.25,rl,60
1,14,1.0,14.0,late,3.0,True,False,1,False,2,1,0.7,0.3,False,False,4.0,right,1.0,0.0,1.0,1.203462530625984,True,0.0,nan,0.0,-0.25,-2.25,0.25,rl,60
1,15,1.0,15.0,late,3.0,True,False,1,False,2,1,0.7,0.3,False,False,1.0,left,0.0,1.0,2.0,1.0411904964130372,False,nan,0.0,0.0,-0.5,-2.75,0.5,rl,60
1,16,1.0,16.0,late,4.0,True,False,1,False,2,1,0.7,0.3,False,False,1.0,left,0.0,1.0,2.0,1.1805418422445655,False,nan,0.0,0.0,-0.75,-3.5,0.75,rl,60
1,17,1.0,17.0,late,4.0,True,False,1,False,2,1,0.7,0.3,False,False,4.0,right,1.0,0.0,1.0,0.6262299100635573,True,0.0,nan,0.0,-0.75,-4.25,0.75,rl,60
1,18,1.0,18.0,late,4.0,True,False,1,False,2,1,0.7,0.3,False,False,4.0,right,1.0,0.0,1.0,1.1627553035505116,True,1.0,nan,1.0,0.5,-3.75,0.5,rl,60
1,19,1.0,19.0,late,4.0,True,False,1,True,1,2,0.7,0.3,False,False,1.0,left,1.0,0.0,1.0,0.9409845498157665,True,1.0,nan,1.0,0.5,-3.25,0.5,rl,60
1,20,1.0,20.0,late,4.0,True,False,1,True,1,2,0.7,0.3,True,False,1.0,left,1.0,0.0,1.0,0.9216672673355788,True,0.0,nan,0.0,-0.75,-4.0,0.75,rl,60
1,21,1.0,21.0,late,5.0,True,False,1,False,2,1,0.7,0.3,True,True,4.0,right,1.0,0.0,1.0,0.7178938960423693,True,1.0,nan,1.0,0.25,-3.75,0.25,rl,60
1,22,2.0,1.0,early,1.0,False,True,2,True,1,2,0.3,0.7,False,False,1.0,left,1.0,0.0,1.0,0.7493973062373698,False,0.0,nan,0.0,-0.75,-4.5,0.75,rl,60
1,23,2.0,2.0,early,1.0,False,True,2,True,1,2,0.3,0.7,False,False,4.0,right,0.0,1.0,2.0,0.5721679701237008,True,nan,0.0,0.0,-0.5,-5.0,0.5,rl,60
1,24,2.0,3.0,early,1.0,False,True,2,False,2,1,0.3,0.7,False,False,4.0,right,1.0,0.0,1.0,0.8915151342516765,False,1.0,nan,1.0,0.25,-4.75,0.25,rl,60
1,25,2.0,4.0,early,1.0,False,True,2,True,1,2,0.3,0.7,False,False,1.0,left,1.0,0.0,1.0,0.9944347786949947,False,0.0,nan,0.0,-0.25,-5.0,0.25,rl,60
1,26,2.0,5.0,early,1.0,False,True,2,True,1,2,0.3,0.7,False,False,1.0,left,1.0,0.0,1.0,0.7584134456701577,False,0.0,nan,0.0,-0.75,-5.75,0.75,rl,60
1,27,2.0,6.0,early,2.0,False,True,2,False,2,1,0.3,0.7,False,False,1.0,left,0.0,1.0,2.0,0.934461587225087,True,nan,1.0,1.0,0.25,-5.5,0.25,rl,60
1,28,2.0,7.0,early,2.0,False,True,2,True,1,2,0.3,0.7,False,False,1.0,left,1.0,0.0,1.0,1.1739572981605306,False,1.0,nan,1.0,0.75,-4.75,0.75,rl,60
1,29,2.0,8.0,early,2.0,False,True,2,True,1,2,0.3,0.7,False,False,4.0,right,0.0,1.0,2.0,0.9770699277287349,True,nan,1.0,1.0,0.5,-4.25,0.5,rl,60
1,30,2.0,9.0,early,2.0,False,True,2,True,1,2,0.3,0.7,False,False,4.0,right,0.0,1.0,2.0,1.0247616863343865,True,nan,1.0,1.0,0.5,-3.75,0.5,rl,60
1,31,2.0,10.0,early,2.0,False,True,2,True,1,2,0.3,0.7,False,False,1.0,left,1.0,0.0,1.0,1.2225540137151256,False,0.0,nan,0.0,-0.25,-4.0,0.25,rl,60
1,32,2.0,11.0,early,3.0,False,True,2,False,2,1,0.3,0.7,False,False,1.0,left,0.0,1.0,2.0,1.2368268795544282,True,nan,0.0,0.0,-0.5,-4.5,0.5,rl,60
1,33,2.0,12.0,early,3.0,False,True,2,True,1,2,0.3,0.7,False,False,1.0,left,1.0,0.0,1.0,0.4818605398759246,False,0.0,nan,0.0,-0.25,-4.75,0.25,rl,60
1,34,2.0,13.0,late,3.0,False,True,2,False,2,1,0.3,0.7,False,False,4.0,right,1.0,0.0,1.0,0.7172513941768557,False,1.0,nan,1.0,0.25,-4.5,0.25,rl,60
1,35,2.0,14.0,late,3.0,False,True,2,False,2,1,0.3,0.7,False,False,1.0,left,0.0,1.0,2.0,1.205612023244612,True,nan,1.0,1.0,0.75,-3.75,0.75,rl,60
1,36,2.0,15.0,late,3.0,False,True,2,False,2,1,0.3,0.7,False,False,nan,nan,nan,nan,nan,nan,False,nan,nan,nan,nan,nan,nan,rl,60
1,37,2.0,16.0,late,4.0,False,True,2,False,2,1,0.3,0.7,False,False,4.0,right,1.0,0.0,1.0,0.4482129152165726,False,1.0,nan,1.0,0.5,-3.25,0.5,rl,60
1,38,2.0,17.0,late,4.0,False,True,2,False,2,1,0.3,0.7,False,False,1.0,left,0.0,1.0,2.0,0.3989408543566242,True,nan,0.0,0.0,-0.5,-3.75,0.5,rl,60
1,39,2.0,18.0,late,4.0,False,True,2,True,1,2,0.3,0.7,False,False,1.0,left,1.0,0.0,1.0,0.6705047670984641,False,0.0,nan,0.0,-0.75,-4.5,0.75,rl,60
1,40,2.0,19.0,late,4.0,False,True,2,False,2,1,0.3,0.7,False,False,4.0,right,1.0,0.0,1.0,0.6221581903519109,False,0.0,nan,0.0,-0.5,-5.0,0.5,rl,60
1,41,2.0,20.0,late,4.0,False,True,2,False,2,1,0.3,0.7,False,False,1.0,left,0.0,1.0,2.0,0.3964731899322942,True,nan,1.0,1.0,0.75,-4.25,0.75,rl,60
1,42,2.0,21.0,late,5.0,False,True,2,True,1,2,0.3,0.7,False,False,4.0,right,0.0,1.0,2.0,0.6305286021670327,True,nan,1.0,1.0,0.75,-3.5,0.75,rl,60
1,43,2.0,22.0,late,5.0,False,True,2,False,2,1,0.3,0.7,False,False,1.0,left,0.0,1.0,2.0,0.5334873655810952,True,nan,0.0,0.0,-0.25,-3.75,0.25,rl,60
1,44,2.0,23.0,late,5.0,False,True,2,False,2,1,0.3,0.7,True,False,1.0,left,0.0,1.0,2.0,0.7584594853688031,True,nan,1.0,1.0,0.5,-3.25,0.5,rl,60
1,45,2.0,24.0,late,5.0,False,True,2,True,1,2,0.3,0.7,True,False,4.0,right,0.0,1.0,2.0,0.7586559599731117,True,nan,0.0,0.0,-0.5,-3.75,0.5,rl,60
1,46,2.0,25.0,late,5.0,False,True,2,False,2,1,0.3,0.7,True,True,1.0,left,0.0,1.0,2.0,0.6855019504437223,True,nan,1.0,1.0,0.75,-3.0,0.75,rl,60
1,47,3.0,1.0,early,1.0,True,False,1,True,1,2,0.7,0.3,False,False,4.0,right,0.0,1.0,2.0,0.9436152590205893,False,nan,0.0,0.0,-0.5,-3.5,0.5,rl,60
1,48,3.0,2.0,early,1.0,True,False,1,True,1,2,0.7,0.3,False,False,1.0,left,1.0,0.0,1.0,0.6309165664715692,True,1.0,nan,1.0,0.5,-3.0,0.5,rl,60
1,49,3.0,3.0,early,1.0,True,False,1,True,1,2,0.7,0.3,False,False,1.0,left,1.0,0.0,1.0,0.6729548368602991,True,0.0,nan,0.0,-0.25,-3.25,0.25,rl,60
1,50,3.0,4.0,late,1.0,True,False,1,False,2,1,0.7,0.3,False,False,4.0,right,1.0,0.0,1.0,0.45087529509328306,True,1.0,nan,1.0,0.25,-3.0,0.25,rl,60
1,51,3.0,5.0,late,1.0,True,False,1,True,1,2,0.7,0.3,True,False,1.0,left,1.0,0.0,1.0,0.5288546663941815,True,1.0,nan,1.0,0.5,-2.5,0.5,rl,60
1,52,3.0,6.0,late,2.0,True,False,1,True,1,2,0.7,0.3,True,False,4.0,right,0.0,1.0,2.0,0.5543981464579701,False,nan,0.0,0.0,-0.75,-3.25,0.75,rl,60
1,53,3.0,7.0,late,2.0,True,False,1,False,2,1,0.7,0.3,True,True,4.0,right,1.0,0.0,1.0,0.666928046499379,True,0.0,nan,0.0,-0.5,-3.75,0.5,rl,60
1,54,4.0,1.0,early,1.0,False,True,2,True,1,2,0.3,0.7,False,False,1.0,left,1.0,0.0,1.0,0.8062532935291529,False,1.0,nan,1.0,0.75,-3.0,0.75,rl,60
1,55,4.0,2.0,early,1.0,False,True,2,True,1,2,0.3,0.7,False,False,4.0,right,0.0,1.0,2.0,1.0914683908922598,True,nan,1.0,1.0,0.75,-2.25,0.75,rl,60
1,56,4.0,3.0,early,1.0,False,True,2,True,1,2,0.3,0.7,False,False,1.0,left,1.0,0.0,1.0,0.6831987969344482,False,1.0,nan,1.0,0.25,-2.0,0.25,rl,60
1,57,4.0,4.0,early,1.0,False,True,2,True,1,2,0.3,0.7,False,False,1.0,left,1.0,0.0,1.0,0.3908006405690685,False,0.0,nan,0.0,-0.25,-2.25,0.25,rl,60
1,58,4.0,5.0,early,1.0,False,True,2,True,1,2,0.3,0.7,False,False,4.0,right,0.0,1.0,2.0,0.6391497392905876,True,nan,1.0,1.0,0.75,-1.5,0.75,rl,60
1,59,4.0,6.0,early,2.0,False,True,2,False,2,1,0.3,0.7,False,False,4.0,right,1.0,0.0,1.0,0.5150858903070912,False,0.0,nan,0.0,-0.5,-2.0,0.5,rl,60
1,60,4.0,7.0,early,2.0,False,True,2,False,2,1,0.3,0.7,False,False,1.0,left,0.0,1.0,2.0,0.4824150678468868,True,nan,1.0,1.0,0.5,-1.5,0.5,rl,60
1,61,4.0,8.0,early,2.0,False,True,2,False,2,1,0.3,0.7,False,False,4.0,right,1.0,0.0,1.0,0.6132854481693357,False,0.0,nan,0.0,-0.5,-2.0,0.5,rl,60
1,62,4.0,9.0,late,2.0,False,True,2,True,1,2,0.3,0.7,False,False,1.0,left,1.0,0.0,1.0,0.569308529025875,False,0.0,nan,0.0,-0.5,-2.5,0.5,rl,60
1,63,4.0,10.0,late,2.0,False,True,2,False,2,1,0.3,0.7,False,False,4.0,right,1.0,0.0,1.0,0.6143390808720142,False,0.0,nan,0.0,-0.75,-3.25,0.75,rl,60
1,64,4.0,11.0,late,3.0,False,True,2,True,1,2,0.3,0.7,False,False,1.0,left,1.0,0.0,1.0,1.0877130834851414,False,0.0,nan,0.0,-0.25,-3.5,0.25,rl,60
1,65,4.0,12.0,late,3.0,False,True,2,False,2,1,0.3,0.7,False,False,4.0,right,1.0,0.0,1.0,0.7300275329034775,False,0.0,nan,0.0,-0.5,-4.0,0.5,rl,60
1,66,4.0,13.0,late,3.0,False,True,2,True,1,2,0.3,0.7,False,False,1.0,left,1.0,0.0,1.0,0.44559452240355313,False,0.0,nan,0.0,-0.5,-4.5,0.5,rl,60
1,67,4.0,14.0,late,3.0,False,True,2,True,1,2,0.3,0.7,False,False,1.0,left,1.0,0.0,1.0,0.40803558367770165,False,0.0,nan,0.0,-0.75,-5.25,0.75,rl,60
1,68,4.0,15.0,late,3.0,False,True,2,False,2,1,0.3,0.7,False,False,1.0,left,0.0,1.0,2.0,0.5166260178666562,True,nan,1.0,1.0,0.25,-5.0,0.25,rl,60
1,69,4.0,16.0,late,4.0,False,True,2,True,1,2,0.3,0.7,False,False,4.0,right,0.0,1.0,2.0,0.457313216291368,True,nan,1.0,1.0,0.75,-4.25,0.75,rl,60
1,70,4.0,17.0,late,4.0,False,True,2,False,2,1,0.3,0.7,False,False,1.0,left,0.0,1.0,2.0,0.4738015552284196,True,nan,1.0,1.0,0.25,-4.0,0.25,rl,60
