sessNo,trialNo,block,blockTrialNo,trialClass,blockBin,stim1_High,stim2_High,stimHigh,stim1_left,leftStim,rightStim,stim1_pWin,stim2_pWin,reverseStatus,reverseTrial,responseKey,response_LR,selected_stim1,selected_stim2,response_stimID,RT,highChosen,stim1_isWin,stim2_isWin,isWin,payOut,accum_payOut,abs_outMag,instructCond,subID
1,1,1.0,1.0,early,1.0,True,False,1,True,1,2,0.7,0.3,False,False,1.0,left,1.0,0.0,1.0,0.8577757235616446,True,1.0,nan,1.0,0.5,0.5,0.5,rl,68
1,2,1.0,2.0,early,1.0,True,False,1,False,2,1,0.7,0.3,False,False,1.0,left,0.0,1.0,2.0,1.3530763112939894,False,nan,1.0,1.0,0.75,1.25,0.75,rl,68
1,3,1.0,3.0,early,1.0,True,False,1,False,2,1,0.7,0.3,False,False,1.0,left,0.0,1.0,2.0,2.380382492672652,False,nan,0.0,0.0,-0.25,1.0,0.25,rl,68
1,4,1.0,4.0,early,1.0,True,False,1,False,2,1,0.7,0.3,False,False,1.0,left,0.0,1.0,2.0,2.2043103044852614,False,nan,0.0,0.0,-0.75,0.25,0.75,rl,68
1,5,1.0,5.0,early,1.0,True,False,1,False,2,1,0.7,0.3,False,False,1.0,left,0.0,1.0,2.0,0.5445175180211663,False,nan,0.0,0.0,-0.5,-0.25,0.5,rl,68
1,6,1.0,6.0,early,2.0,True,False,1,True,1,2,0.7,0.3,False,False,1.0,left,1.0,0.0,1.0,0.6863916590809822,True,1.0,nan,1.0,0.25,0.0,0.25,rl,68
1,7,1.0,7.0,early,2.0,True,False,1,True,1,2,0.7,0.3,False,False,1.0,left,1.0,0.0,1.0,0.5604281625710428,True,1.0,nan,1.0,0.75,0.75,0.75,rl,68
1,8,1.0,8.0,early,2.0,True,False,1,False,2,1,0.7,0.3,False,False,4.0,right,1.0,0.0,1.0,0.6167818196117878,True,0.0,nan,0.0,-0.5,0.25,0.5,rl,68
1,9,1.0,9.0,early,2.0,True,False,1,True,1,2,0.7,0.3,False,False,4.0,right,0.0,1.0,2.0,0.6329056536778808,False,nan,1.0,1.0,0.5,0.75,0.5,rl,68
1,10,1.0,10.0,late,2.0,True,False,1,False,2,1,0.7,0.3,False,False,1.0,left,0.0,1.0,2.0,0.6553876460529864,False,nan,0.0,0.0,-0.25,0.5,0.25,rl,68
1,11,1.0,11.0,late,3.0,True,False,1,False,2,1,0.7,0.3,False,False,4.0,right,1.0,0.0,1.0,0.41240230901166797,True,0.0,nan,0.0,-0.75,-0.25,0.75,rl,68
1,12,1.0,12.0,late,3.0,True,False,1,True,1,2,0.7,0.3,False,False,4.0,right,0.0,1.0,2.0,1.3245253008790314,False,nan,0.0,0.0,-0.75,-1.0,0.75,rl,68
1,13,1.0,13.0,late,3.0,True,False,1,False,2,1,0.7,0.3,False,False,4.0,right,1.0,0.0,1.0,0.4720931048505008,True,1.0,nan,1.0,0.5,-0.5,0.5,rl,68
1,14,1.0,14.0,late,3.0,True,False,1,False,2,1,0.7,0.3,False,False,4.0,right,1.0,0.0,1.0,0.584524180740118,True,1.0,nan,1.0,0.25,-0.25,0.25,rl,68
1,15,1.0,15.0,late,3.0,True,False,1,False,2,1,0.7,0.3,False,False,4.0,right,1.0,0.0,1.0,1.4439983847551048,True,1.0,nan,1.0,0.25,0.0,0.25,rl,68
1,16,1.0,16.0,late,4.0,True,False,1,False,2,1,0.7,0.3,True,False,4.0,right,1.0,0.0,1.0,0.7824030155315995,True,1.0,nan,1.0,0.5,0.5,0.5,rl,68
1,17,1.0,17.0,late,4.0,True,False,1,True,1,2,0.7,0.3,True,False,1.0,left,1.0,0.0,1.0,1.0370959034189582,True,0.0,nan,0.0,-0.5,0.0,0.5,rl,68
1,18,1.0,18.0,late,4.0,True,False,1,True,1,2,0.7,0.3,True,False,4.0,right,0.0,1.0,2.0,0.41945663280785084,False,nan,0.0,0.0,-0.5,-0.5,0.5,rl,68
1,19,1.0,19.0,late,4.0,True,False,1,True,1,2,0.7,0.3,True,True,4.0,right,0.0,1.0,2.0,0.3800543500110507,False,nan,0.0,0.0,-0.75,-1.25,0.75,rl,68
1,20,2.0,1.0,early,1.0,False,True,2,False,2,1,0.3,0.7,False,False,4.0,right,1.0,0.0,1.0,0.6116655580699444,False,0.0,nan,0.0,-0.5,-1.75,0.5,rl,68
1,21,2.0,2.0,early,1.0,False,True,2,False,2,1,0.3,0.7,False,False,1.0,left,0.0,1.0,2.0,0.871206680778414,True,nan,0.0,0.0,-0.5,-2.25,0.5,rl,68
1,22,2.0,3.0,early,1.0,False,True,2,False,2,1,0.3,0.7,False,False,4.0,right,1.0,0.0,1.0,0.6274688742123544,False,0.0,nan,0.0,-0.5,-2.75,0.5,rl,68
1,23,2.0,4.0,early,1.0,False,True,2,True,1,2,0.3,0.7,False,False,4.0,right,0.0,1.0,2.0,0.5198508435860276,True,nan,1.0,1.0,0.5,-2.25,0.5,rl,68
1,24,2.0,5.0,early,1.0,False,True,2,False,2,1,0.3,0.7,False,False,1.0,left,0.0,1.0,2.0,1.7102483878843486,True,nan,1.0,1.0,0.5,-1.75,0.5,rl,68
1,25,2.0,6.0,early,2.0,False,True,2,True,1,2,0.3,0.7,False,False,4.0,right,0.0,1.0,2.0,0.9452817756682634,True,nan,1.0,1.0,0.75,-1.0,0.75,rl,68
1,26,2.0,7.0,early,2.0,False,True,2,True,1,2,0.3,0.7,False,False,1.0,left,1.0,0.0,1.0,1.03978350199759,False,0.0,nan,0.0,-0.25,-1.25,0.25,rl,68
1,27,2.0,8.0,early,2.0,False,True,2,True,1,2,0.3,0.7,False,False,4.0,right,0.0,1.0,2.0,0.5132173271849751,True,nan,0.0,0.0,-0.25,-1.5,0.25,rl,68
1,28,2.0,9.0,early,2.0,False,True,2,False,2,1,0.3,0.7,False,False,4.0,right,1.0,0.0,1.0,0.4348183209076524,False,0.0,nan,0.0,-0.75,-2.25,0.75,rl,68
1,29,2.0,10.0,late,2.0,False,True,2,True,1,2,0.3,0.7,False,False,4.0,right,0.0,1.0,2.0,0.49042977252975106,True,nan,0.0,0.0,-0.75,-3.0,0.75,rl,68
1,30,2.0,11.0,late,3.0,False,True,2,True,1,2,0.3,0.7,False,False,4.0,right,0.0,1.0,2.0,0.4578454573638737,True,nan,1.0,1.0,0.25,-2.75,0.25,rl,68
1,31,2.0,12.0,late,3.0,False,True,2,False,2,1,0.3,0.7,False,False,4.0,right,1.0,0.0,1.0,0.6502441125921905,False,0.0,nan,0.0,-0.25,-3.0,0.25,rl,68
1,32,2.0,13.0,late,3.0,False,True,2,False,2,1,0.3,0.7,False,False,1.0,left,0.0,1.0,2.0,0.8099182811565697,True,nan,1.0,1.0,0.5,-2.5,0.5,rl,68
1,33,2.0,14.0,late,3.0,False,True,2,True,1,2,0.3,0.7,False,False,4.0,right,0.0,1.0,2.0,0.5895073087885976,True,nan,1.0,1.0,0.75,-1.75,0.75,rl,68
1,34,2.0,15.0,late,3.0,False,True,2,True,1,2,0.3,0.7,False,False,4.0,right,0.0,1.0,2.0,1.158915248233825,True,nan,1.0,1.0,0.5,-1.25,0.5,rl,68
1,35,2.0,16.0,late,4.0,False,True,2,True,1,2,0.3,0.7,True,False,4.0,right,0.0,1.0,2.0,0.617416403722018,True,nan,1.0,1.0,0.75,-0.5,0.75,rl,68
1,36,2.0,17.0,late,4.0,False,True,2,False,2,1,0.3,0.7,True,False,4.0,right,1.0,0.0,1.0,0.8128868094645441,False,0.0,nan,0.0,-0.5,-1.0,0.5,rl,68
1,37,2.0,18.0,late,4.0,False,True,2,False,2,1,0.3,0.7,True,True,1.0,left,0.0,1.0,2.0,0.8163773156702518,True,nan,0.0,0.0,-0.5,-1.5,0.5,rl,68
1,38,3.0,1.0,early,1.0,True,False,1,True,1,2,0.7,0.3,False,False,1.0,left,1.0,0.0,1.0,0.7247945591807365,True,0.0,nan,0.0,-0.75,-2.25,0.75,rl,68
1,39,3.0,2.0,early,1.0,True,False,1,False,2,1,0.7,0.3,False,False,4.0,right,1.0,0.0,1.0,0.4957527727819979,True,1.0,nan,1.0,0.25,-2.0,0.25,rl,68
1,40,3.0,3.0,early,1.0,True,False,1,True,1,2,0.7,0.3,False,False,1.0,left,1.0,0.0,1.0,1.1778175877407193,True,1.0,nan,1.0,0.75,-1.25,0.75,rl,68
1,41,3.0,4.0,late,1.0,True,False,1,False,2,1,0.7,0.3,True,False,4.0,right,1.0,0.0,1.0,0.6165970745496452,True,0.0,nan,0.0,-0.25,-1.5,0.25,rl,68
1,42,3.0,5.0,late,1.0,True,False,1,True,1,2,0.7,0.3,True,False,4.0,right,0.0,1.0,2.0,0.7032093130983412,False,nan,0.0,0.0,-0.5,-2.0,0.5,rl,68
1,43,3.0,6.0,late,2.0,True,False,1,True,1,2,0.7,0.3,True,False,1.0,left,1.0,0.0,1.0,1.1246735071763396,True,1.0,nan,1.0,0.25,-1.75,0.25,rl,68
1,44,3.0,7.0,late,2.0,True,False,1,True,1,2,0.7,0.3,True,True,4.0,right,0.0,1.0,2.0,2.898963287472725,False,nan,0.0,0.0,-0.75,-2.5,0.75,rl,68
1,45,4.0,1.0,early,1.0,False,True,2,True,1,2,0.3,0.7,False,False,4.0,right,0.0,1.0,2.0,0.8057931908406317,True,nan,0.0,0.0,-0.75,-3.25,0.75,rl,68
1,46,4.0,2.0,early,1.0,False,True,2,True,1,2,0.3,0.7,False,False,4.0,right,0.0,1.0,2.0,0.5630700150504708,True,nan,1.0,1.0,0.5,-2.75,0.5,rl,68
1,47,4.0,3.0,early,1.0,False,True,2,False,2,1,0.3,0.7,False,False,1.0,left,0.0,1.0,2.0,0.7485251929610968,True,nan,1.0,1.0,0.25,-2.5,0.25,rl,68
1,48,4.0,4.0,late,1.0,False,True,2,True,1,2,0.3,0.7,True,False,4.0,right,0.0,1.0,2.0,0.44631854677572846,True,nan,1.0,1.0,0.5,-2.0,0.5,rl,68
1,49,4.0,5.0,late,1.0,False,True,2,False,2,1,0.3,0.7,True,False,1.0,left,0.0,1.0,2.0,0.5839722915552557,True,nan,0.0,0.0,-0.75,-2.75,0.75,rl,68
1,50,4.0,6.0,late,2.0,False,True,2,True,1,2,0.3,0.7,True,False,4.0,right,0.0,1.0,2.0,0.618387927301228,True,nan,1.0,1.0,0.25,-2.5,0.25,rl,68
1,51,4.0,7.0,late,2.0,False,True,2,True,1,2,0.3,0.7,True,True,1.0,left,1.0,0.0,1.0,0.9069395773112774,False,1.0,nan,1.0,0.75,-1.75,0.75,rl,68
1,52,5.0,1.0,early,1.0,True,False,1,True,1,2,0.7,0.3,False,False,nan,nan,nan,nan,nan,nan,False,nan,nan,nan,nan,nan,nan,rl,68
1,53,5.0,2.0,early,1.0,True,False,1,True,1,2,0.7,0.3,False,False,4.0,right,0.0,1.0,2.0,0.4485466293990612,False,nan,0.0,0.0,-0.25,-2.0,0.25,rl,68
1,54,5.0,3.0,early,1.0,True,False,1,False,2,1,0.7,0.3,False,False,1.0,left,0.0,1.0,2.0,0.5394379124045372,False,nan,0.0,0.0,-0.75,-2.75,0.75,rl,68
1,55,5.0,4.0,early,1.0,True,False,1,False,2,1,0.7,0.3,False,False,1.0,left,0.0,1.0,2.0,0.39505563862621784,False,nan,0.0,0.0,-0.5,-3.25,0.5,rl,68
1,56,5.0,5.0,early,1.0,True,False,1,False,2,1,0.7,0.3,False,False,1.0,left,0.0,1.0,2.0,0.41038800217211246,False,nan,1.0,1.0,0.25,-3.0,0.25,rl,68
1,57,5.0,6.0,early,2.0,True,False,1,False,2,1,0.7,0.3,False,False,1.0,left,0.0,1.0,2.0,0.43807950895279646,False,nan,1.0,1.0,0.25,-2.75,0.25,rl,68
1,58,5.0,7.0,early,2.0,True,False,1,True,1,2,0.7,0.3,False,False,1.0,left,1.0,0.0,1.0,0.6851207311265171,True,1.0,nan,1.0,0.75,-2.0,0.75,rl,68
1,59,5.0,8.0,early,2.0,True,False,1,False,2,1,0.7,0.3,False,False,1.0,left,0.0,1.0,2.0,0.9940268737263978,False,nan,0.0,0.0,-0.5,-2.5,0.5,rl,68
1,60,5.0,9.0,early,2.0,True,False,1,True,1,2,0.7,0.3,False,False,4.0,right,0.0,1.0,2.0,0.43561595026403666,False,nan,0.0,0.0,-0.5,-3.0,0.5,rl,68
1,61,5.0,10.0,late,2.0,True,False,1,False,2,1,0.7,0.3,False,False,1.0,left,0.0,1.0,2.0,0.5470438320189714,False,nan,0.0,0.0,-0.75,-3.75,0.75,rl,68
1,62,5.0,11.0,late,3.0,True,False,1,True,1,2,0.7,0.3,False,False,4.0,right,0.0,1.0,2.0,0.5336427860893309,False,nan,0.0,0.0,-0.75,-4.5,0.75,rl,68
1,63,5.0,12.0,late,3.0,True,False,1,False,2,1,0.7,0.3,False,False,1.0,left,0.0,1.0,2.0,0.5900647691451013,False,nan,0.0,0.0,-0.5,-5.0,0.5,rl,68
1,64,5.0,13.0,late,3.0,True,False,1,False,2,1,0.7,0.3,False,False,4.0,right,1.0,0.0,1.0,0.38181646494194865,True,1.0,nan,1.0,0.75,-4.25,0.75,rl,68
1,65,5.0,14.0,late,3.0,True,False,1,True,1,2,0.7,0.3,False,False,1.0,left,1.0,0.0,1.0,0.6091668093577027,True,1.0,nan,1.0,0.25,-4.0,0.25,rl,68
1,66,5.0,15.0,late,3.0,True,False,1,False,2,1,0.7,0.3,False,False,4.0,right,1.0,0.0,1.0,0.5737602952867746,True,0.0,nan,0.0,-0.5,-4.5,0.5,rl,68
1,67,5.0,16.0,late,4.0,True,False,1,False,2,1,0.7,0.3,False,False,1.0,left,0.0,1.0,2.0,0.7120756036601961,False,nan,0.0,0.0,-0.5,-5.0,0.5,rl,68
1,68,5.0,17.0,late,4.0,True,False,1,True,1,2,0.7,0.3,False,False,1.0,left,1.0,0.0,1.0,0.7025354336947203,True,1.0,nan,1.0,0.25,-4.75,0.25,rl,68
1,69,5.0,18.0,late,4.0,True,False,1,False,2,1,0.7,0.3,False,False,4.0,right,1.0,0.0,1.0,0.5523058366961777,True,1.0,nan,1.0,0.75,-4.0,0.75,rl,68
1,70,5.0,19.0,late,4.0,True,False,1,False,2,1,0.7,0.3,False,False,1.0,left,0.0,1.0,2.0,0.4849481265991926,False,nan,0.0,0.0,-0.5,-4.5,0.5,rl,68
