sessNo,trialNo,block,blockTrialNo,trialClass,blockBin,stim1_High,stim2_High,stimHigh,stim1_left,leftStim,rightStim,stim1_pWin,stim2_pWin,reverseStatus,reverseTrial,responseKey,response_LR,selected_stim1,selected_stim2,response_stimID,RT,highChosen,stim1_isWin,stim2_isWin,isWin,payOut,accum_payOut,abs_outMag,instructCond,subID
1,1,1.0,1.0,early,1.0,True,False,1,False,2,1,0.7,0.3,False,False,1.0,left,0.0,1.0,2,0.771569631062448,False,nan,0.0,0,-0.25,-0.25,0.25,rl,66
1,2,1.0,2.0,early,1.0,True,False,1,True,1,2,0.7,0.3,False,False,1.0,left,1.0,0.0,1,1.2145727390889078,True,0.0,nan,0,-0.25,-0.5,0.25,rl,66
1,3,1.0,3.0,early,1.0,True,False,1,True,1,2,0.7,0.3,False,False,4.0,right,0.0,1.0,2,0.5750013124197721,False,nan,0.0,0,-0.5,-1.0,0.5,rl,66
1,4,1.0,4.0,early,1.0,True,False,1,True,1,2,0.7,0.3,False,False,1.0,left,1.0,0.0,1,0.6020767090376467,True,1.0,nan,1,0.5,-0.5,0.5,rl,66
1,5,1.0,5.0,early,1.0,True,False,1,False,2,1,0.7,0.3,False,False,4.0,right,1.0,0.0,1,0.6508942388463765,True,1.0,nan,1,0.75,0.25,0.75,rl,66
1,6,1.0,6.0,early,2.0,True,False,1,True,1,2,0.7,0.3,False,False,1.0,left,1.0,0.0,1,0.5830617630854249,True,0.0,nan,0,-0.5,-0.25,0.5,rl,66
1,7,1.0,7.0,early,2.0,True,False,1,True,1,2,0.7,0.3,False,False,4.0,right,0.0,1.0,2,0.5143363536335528,False,nan,0.0,0,-0.75,-1.0,0.75,rl,66
1,8,1.0,8.0,late,2.0,True,False,1,False,2,1,0.7,0.3,False,False,4.0,right,1.0,0.0,1,0.9465829078108072,True,1.0,nan,1,0.25,-0.75,0.25,rl,66
1,9,1.0,9.0,late,2.0,True,False,1,True,1,2,0.7,0.3,False,False,1.0,left,1.0,0.0,1,0.6475034360773861,True,1.0,nan,1,0.5,-0.25,0.5,rl,66
1,10,1.0,10.0,late,2.0,True,False,1,True,1,2,0.7,0.3,False,False,1.0,left,1.0,0.0,1,1.04114357708022,True,1.0,nan,1,0.75,0.5,0.75,rl,66
1,11,1.0,11.0,late,3.0,True,False,1,True,1,2,0.7,0.3,True,False,1.0,left,1.0,0.0,1,0.6522510875947773,True,1.0,nan,1,0.5,1.0,0.5,rl,66
1,12,1.0,12.0,late,3.0,True,False,1,True,1,2,0.7,0.3,True,False,1.0,left,1.0,0.0,1,0.764307395555079,True,1.0,nan,1,0.25,1.25,0.25,rl,66
1,13,1.0,13.0,late,3.0,True,False,1,True,1,2,0.7,0.3,True,False,1.0,left,1.0,0.0,1,0.7240022087935358,True,0.0,nan,0,-0.5,0.75,0.5,rl,66
1,14,1.0,14.0,late,3.0,True,False,1,False,2,1,0.7,0.3,True,True,1.0,left,0.0,1.0,2,0.7779667910654098,False,nan,0.0,0,-0.25,0.5,0.25,rl,66
1,15,2.0,1.0,early,1.0,False,True,2,False,2,1,0.3,0.7,False,False,4.0,right,1.0,0.0,1,0.7397503948304802,False,0.0,nan,0,-0.75,-0.25,0.75,rl,66
1,16,2.0,2.0,early,1.0,False,True,2,True,1,2,0.3,0.7,False,False,4.0,right,0.0,1.0,2,0.7260780967772007,True,nan,1.0,1,0.25,0.0,0.25,rl,66
1,17,2.0,3.0,early,1.0,False,True,2,True,1,2,0.3,0.7,False,False,4.0,right,0.0,1.0,2,0.5907984704244882,True,nan,0.0,0,-0.5,-0.5,0.5,rl,66
1,18,2.0,4.0,early,1.0,False,True,2,False,2,1,0.3,0.7,False,False,1.0,left,0.0,1.0,2,0.9363037580624223,True,nan,1.0,1,0.25,-0.25,0.25,rl,66
1,19,2.0,5.0,early,1.0,False,True,2,False,2,1,0.3,0.7,False,False,4.0,right,1.0,0.0,1,0.6924395626410842,False,0.0,nan,0,-0.75,-1.0,0.75,rl,66
1,20,2.0,6.0,early,2.0,False,True,2,True,1,2,0.3,0.7,False,False,4.0,right,0.0,1.0,2,0.6513238442130387,True,nan,1.0,1,0.25,-0.75,0.25,rl,66
1,21,2.0,7.0,early,2.0,False,True,2,False,2,1,0.3,0.7,False,False,4.0,right,1.0,0.0,1,1.1298692387063056,False,0.0,nan,0,-0.75,-1.5,0.75,rl,66
1,22,2.0,8.0,late,2.0,False,True,2,True,1,2,0.3,0.7,False,False,4.0,right,0.0,1.0,2,0.7403251570649445,True,nan,1.0,1,0.5,-1.0,0.5,rl,66
1,23,2.0,9.0,late,2.0,False,True,2,True,1,2,0.3,0.7,False,False,4.0,right,0.0,1.0,2,0.7217931870836765,True,nan,1.0,1,0.75,-0.25,0.75,rl,66
1,24,2.0,10.0,late,2.0,False,True,2,True,1,2,0.3,0.7,False,False,4.0,right,0.0,1.0,2,0.7924783593043685,True,nan,1.0,1,0.5,0.25,0.5,rl,66
1,25,2.0,11.0,late,3.0,False,True,2,True,1,2,0.3,0.7,True,False,4.0,right,0.0,1.0,2,0.7708725854754448,True,nan,1.0,1,0.75,1.0,0.75,rl,66
1,26,2.0,12.0,late,3.0,False,True,2,False,2,1,0.3,0.7,True,False,1.0,left,0.0,1.0,2,0.7654498817864805,True,nan,1.0,1,0.25,1.25,0.25,rl,66
1,27,2.0,13.0,late,3.0,False,True,2,False,2,1,0.3,0.7,True,False,1.0,left,0.0,1.0,2,0.6570424330420792,True,nan,0.0,0,-0.5,0.75,0.5,rl,66
1,28,2.0,14.0,late,3.0,False,True,2,False,2,1,0.3,0.7,True,True,1.0,left,0.0,1.0,2,0.618282358860597,True,nan,1.0,1,0.25,1.0,0.25,rl,66
1,29,3.0,1.0,early,1.0,True,False,1,False,2,1,0.7,0.3,False,False,4.0,right,1.0,0.0,1,1.0888224327936769,True,1.0,nan,1,0.25,1.25,0.25,rl,66
1,30,3.0,2.0,early,1.0,True,False,1,False,2,1,0.7,0.3,False,False,1.0,left,0.0,1.0,2,0.4797174986451864,False,nan,0.0,0,-0.5,0.75,0.5,rl,66
1,31,3.0,3.0,early,1.0,True,False,1,True,1,2,0.7,0.3,False,False,1.0,left,1.0,0.0,1,0.9040411342866719,True,1.0,nan,1,0.5,1.25,0.5,rl,66
1,32,3.0,4.0,late,1.0,True,False,1,True,1,2,0.7,0.3,False,False,1.0,left,1.0,0.0,1,0.5575901283882558,True,1.0,nan,1,0.5,1.75,0.5,rl,66
1,33,3.0,5.0,late,1.0,True,False,1,True,1,2,0.7,0.3,False,False,1.0,left,1.0,0.0,1,0.633824979653582,True,1.0,nan,1,0.25,2.0,0.25,rl,66
1,34,3.0,6.0,late,2.0,True,False,1,True,1,2,0.7,0.3,True,True,1.0,left,1.0,0.0,1,0.9907131944783032,True,1.0,nan,1,0.25,2.25,0.25,rl,66
1,35,4.0,1.0,early,1.0,False,True,2,False,2,1,0.3,0.7,False,False,4.0,right,1.0,0.0,1,0.7652070741169155,False,1.0,nan,1,0.5,2.75,0.5,rl,66
1,36,4.0,2.0,early,1.0,False,True,2,False,2,1,0.3,0.7,False,False,4.0,right,1.0,0.0,1,0.9954130472615361,False,1.0,nan,1,0.5,3.25,0.5,rl,66
1,37,4.0,3.0,early,1.0,False,True,2,False,2,1,0.3,0.7,False,False,4.0,right,1.0,0.0,1,0.9673183276318014,False,0.0,nan,0,-0.75,2.5,0.75,rl,66
1,38,4.0,4.0,early,1.0,False,True,2,False,2,1,0.3,0.7,False,False,1.0,left,0.0,1.0,2,0.5637849487829953,True,nan,0.0,0,-0.5,2.0,0.5,rl,66
1,39,4.0,5.0,early,1.0,False,True,2,False,2,1,0.3,0.7,False,False,4.0,right,1.0,0.0,1,1.10511664301157,False,0.0,nan,0,-0.5,1.5,0.5,rl,66
1,40,4.0,6.0,early,2.0,False,True,2,True,1,2,0.3,0.7,False,False,4.0,right,0.0,1.0,2,0.7694650052580982,True,nan,1.0,1,0.75,2.25,0.75,rl,66
1,41,4.0,7.0,early,2.0,False,True,2,False,2,1,0.3,0.7,False,False,1.0,left,0.0,1.0,2,1.0036409413442016,True,nan,1.0,1,0.25,2.5,0.25,rl,66
1,42,4.0,8.0,early,2.0,False,True,2,True,1,2,0.3,0.7,False,False,4.0,right,0.0,1.0,2,0.6077539504040033,True,nan,1.0,1,0.75,3.25,0.75,rl,66
1,43,4.0,9.0,early,2.0,False,True,2,True,1,2,0.3,0.7,False,False,1.0,left,1.0,0.0,1,0.8943666575942189,False,0.0,nan,0,-0.5,2.75,0.5,rl,66
1,44,4.0,10.0,early,2.0,False,True,2,False,2,1,0.3,0.7,False,False,1.0,left,0.0,1.0,2,0.9506115205585957,True,nan,0.0,0,-0.75,2.0,0.75,rl,66
1,45,4.0,11.0,early,3.0,False,True,2,True,1,2,0.3,0.7,False,False,4.0,right,0.0,1.0,2,1.3034749350044876,True,nan,0.0,0,-0.25,1.75,0.25,rl,66
1,46,4.0,12.0,early,3.0,False,True,2,True,1,2,0.3,0.7,False,False,1.0,left,1.0,0.0,1,0.62073800037615,False,0.0,nan,0,-0.5,1.25,0.5,rl,66
1,47,4.0,13.0,early,3.0,False,True,2,False,2,1,0.3,0.7,False,False,1.0,left,0.0,1.0,2,0.8964311089366674,True,nan,0.0,0,-0.5,0.75,0.5,rl,66
1,48,4.0,14.0,early,3.0,False,True,2,False,2,1,0.3,0.7,False,False,4.0,right,1.0,0.0,1,0.9012028069701046,False,1.0,nan,1,0.75,1.5,0.75,rl,66
1,49,4.0,15.0,early,3.0,False,True,2,False,2,1,0.3,0.7,False,False,4.0,right,1.0,0.0,1,1.0293723922222853,False,0.0,nan,0,-0.25,1.25,0.25,rl,66
1,50,4.0,16.0,early,4.0,False,True,2,False,2,1,0.3,0.7,False,False,1.0,left,0.0,1.0,2,0.7823417270556092,True,nan,1.0,1,0.5,1.75,0.5,rl,66
1,51,4.0,17.0,early,4.0,False,True,2,True,1,2,0.3,0.7,False,False,4.0,right,0.0,1.0,2,0.8447189487051219,True,nan,1.0,1,0.25,2.0,0.25,rl,66
1,52,4.0,18.0,early,4.0,False,True,2,True,1,2,0.3,0.7,False,False,1.0,left,1.0,0.0,1,0.5459693786688149,False,0.0,nan,0,-0.75,1.25,0.75,rl,66
1,53,4.0,19.0,late,4.0,False,True,2,True,1,2,0.3,0.7,False,False,4.0,right,0.0,1.0,2,0.5096244781743735,True,nan,0.0,0,-0.75,0.5,0.75,rl,66
1,54,4.0,20.0,late,4.0,False,True,2,True,1,2,0.3,0.7,False,False,4.0,right,0.0,1.0,2,1.0851987928617746,True,nan,1.0,1,0.25,0.75,0.25,rl,66
1,55,4.0,21.0,late,5.0,False,True,2,False,2,1,0.3,0.7,False,False,4.0,right,1.0,0.0,1,1.9826454126741737,False,0.0,nan,0,-0.5,0.25,0.5,rl,66
1,56,4.0,22.0,late,5.0,False,True,2,False,2,1,0.3,0.7,False,False,1.0,left,0.0,1.0,2,0.5223619083408266,True,nan,1.0,1,0.75,1.0,0.75,rl,66
1,57,4.0,23.0,late,5.0,False,True,2,True,1,2,0.3,0.7,False,False,1.0,left,1.0,0.0,1,0.6886613820679486,False,1.0,nan,1,0.5,1.5,0.5,rl,66
1,58,4.0,24.0,late,5.0,False,True,2,True,1,2,0.3,0.7,False,False,4.0,right,0.0,1.0,2,0.6733947056345642,True,nan,1.0,1,0.5,2.0,0.5,rl,66
1,59,4.0,25.0,late,5.0,False,True,2,False,2,1,0.3,0.7,False,False,1.0,left,0.0,1.0,2,0.7366375892888755,True,nan,0.0,0,-0.5,1.5,0.5,rl,66
1,60,4.0,26.0,late,6.0,False,True,2,True,1,2,0.3,0.7,False,False,4.0,right,0.0,1.0,2,1.1890791109763086,True,nan,0.0,0,-0.25,1.25,0.25,rl,66
1,61,4.0,27.0,late,6.0,False,True,2,True,1,2,0.3,0.7,False,False,1.0,left,1.0,0.0,1,0.6038693212904036,False,1.0,nan,1,0.75,2.0,0.75,rl,66
1,62,4.0,28.0,late,6.0,False,True,2,True,1,2,0.3,0.7,False,False,1.0,left,1.0,0.0,1,0.9103209958411753,False,0.0,nan,0,-0.5,1.5,0.5,rl,66
1,63,4.0,29.0,late,6.0,False,True,2,False,2,1,0.3,0.7,False,False,1.0,left,0.0,1.0,2,0.7125949419569224,True,nan,0.0,0,-0.5,1.0,0.5,rl,66
1,64,4.0,30.0,late,6.0,False,True,2,True,1,2,0.3,0.7,False,False,4.0,right,0.0,1.0,2,1.3764224995393306,True,nan,0.0,0,-0.75,0.25,0.75,rl,66
1,65,4.0,31.0,late,7.0,False,True,2,True,1,2,0.3,0.7,False,False,1.0,left,1.0,0.0,1,0.6228314829058945,False,0.0,nan,0,-0.5,-0.25,0.5,rl,66
1,66,4.0,32.0,late,7.0,False,True,2,True,1,2,0.3,0.7,False,False,1.0,left,1.0,0.0,1,0.561482968274504,False,1.0,nan,1,0.25,0.0,0.25,rl,66
1,67,4.0,33.0,late,7.0,False,True,2,False,2,1,0.3,0.7,False,False,4.0,right,1.0,0.0,1,0.9569473918527365,False,0.0,nan,0,-0.25,-0.25,0.25,rl,66
1,68,4.0,34.0,late,7.0,False,True,2,True,1,2,0.3,0.7,False,False,4.0,right,0.0,1.0,2,0.8037630491890013,True,nan,0.0,0,-0.75,-1.0,0.75,rl,66
1,69,4.0,35.0,late,7.0,False,True,2,True,1,2,0.3,0.7,False,False,1.0,left,1.0,0.0,1,0.6409150797408074,False,0.0,nan,0,-0.25,-1.25,0.25,rl,66
1,70,4.0,36.0,late,8.0,False,True,2,True,1,2,0.3,0.7,False,False,1.0,left,1.0,0.0,1,0.6226311959326267,False,0.0,nan,0,-0.5,-1.75,0.5,rl,66
