sessNo,trialNo,block,blockTrialNo,trialClass,blockBin,stim1_High,stim2_High,stimHigh,stim1_left,leftStim,rightStim,stim1_pWin,stim2_pWin,reverseStatus,reverseTrial,responseKey,response_LR,selected_stim1,selected_stim2,response_stimID,RT,highChosen,stim1_isWin,stim2_isWin,isWin,payOut,accum_payOut,abs_outMag,instructCond,subID
1,1,1.0,1.0,early,1.0,False,True,2,False,2,1,0.3,0.7,False,False,4.0,right,1.0,0.0,1,0.6773763990495354,False,0.0,nan,0,-0.25,-0.25,0.25,rl,64
1,2,1.0,2.0,early,1.0,False,True,2,True,1,2,0.3,0.7,False,False,1.0,left,1.0,0.0,1,1.8324278388172388,False,1.0,nan,1,0.75,0.5,0.75,rl,64
1,3,1.0,3.0,early,1.0,False,True,2,True,1,2,0.3,0.7,False,False,1.0,left,1.0,0.0,1,0.6715868446044624,False,0.0,nan,0,-0.5,0.0,0.5,rl,64
1,4,1.0,4.0,early,1.0,False,True,2,False,2,1,0.3,0.7,False,False,4.0,right,1.0,0.0,1,0.6736398595385253,False,0.0,nan,0,-0.5,-0.5,0.5,rl,64
1,5,1.0,5.0,early,1.0,False,True,2,False,2,1,0.3,0.7,False,False,1.0,left,0.0,1.0,2,0.6704446517396718,True,nan,0.0,0,-0.25,-0.75,0.25,rl,64
1,6,1.0,6.0,early,2.0,False,True,2,True,1,2,0.3,0.7,False,False,1.0,left,1.0,0.0,1,0.9117168465163559,False,1.0,nan,1,0.25,-0.5,0.25,rl,64
1,7,1.0,7.0,early,2.0,False,True,2,False,2,1,0.3,0.7,False,False,1.0,left,0.0,1.0,2,0.5287461653351784,True,nan,1.0,1,0.75,0.25,0.75,rl,64
1,8,1.0,8.0,early,2.0,False,True,2,True,1,2,0.3,0.7,False,False,4.0,right,0.0,1.0,2,0.4485410575289279,True,nan,1.0,1,0.5,0.75,0.5,rl,64
1,9,1.0,9.0,early,2.0,False,True,2,False,2,1,0.3,0.7,False,False,4.0,right,1.0,0.0,1,0.38071913877502084,False,0.0,nan,0,-0.5,0.25,0.5,rl,64
1,10,1.0,10.0,early,2.0,False,True,2,False,2,1,0.3,0.7,False,False,1.0,left,0.0,1.0,2,0.5951839634217322,True,nan,1.0,1,0.75,1.0,0.75,rl,64
1,11,1.0,11.0,early,3.0,False,True,2,False,2,1,0.3,0.7,False,False,1.0,left,0.0,1.0,2,0.6995704239234328,True,nan,0.0,0,-0.5,0.5,0.5,rl,64
1,12,1.0,12.0,early,3.0,False,True,2,True,1,2,0.3,0.7,False,False,4.0,right,0.0,1.0,2,0.32713782880455256,True,nan,0.0,0,-0.25,0.25,0.25,rl,64
1,13,1.0,13.0,early,3.0,False,True,2,False,2,1,0.3,0.7,False,False,4.0,right,1.0,0.0,1,0.4346631937660277,False,0.0,nan,0,-0.25,0.0,0.25,rl,64
1,14,1.0,14.0,early,3.0,False,True,2,False,2,1,0.3,0.7,False,False,4.0,right,1.0,0.0,1,0.39217303157784045,False,0.0,nan,0,-0.75,-0.75,0.75,rl,64
1,15,1.0,15.0,late,3.0,False,True,2,False,2,1,0.3,0.7,False,False,1.0,left,0.0,1.0,2,0.3040461780037731,True,nan,1.0,1,0.25,-0.5,0.25,rl,64
1,16,1.0,16.0,late,4.0,False,True,2,False,2,1,0.3,0.7,False,False,1.0,left,0.0,1.0,2,0.42061554081737995,True,nan,1.0,1,0.5,0.0,0.5,rl,64
1,17,1.0,17.0,late,4.0,False,True,2,False,2,1,0.3,0.7,False,False,1.0,left,0.0,1.0,2,0.3887737246695906,True,nan,1.0,1,0.75,0.75,0.75,rl,64
1,18,1.0,18.0,late,4.0,False,True,2,False,2,1,0.3,0.7,False,False,4.0,right,1.0,0.0,1,0.6129666897468269,False,1.0,nan,1,0.75,1.5,0.75,rl,64
1,19,1.0,19.0,late,4.0,False,True,2,False,2,1,0.3,0.7,False,False,4.0,right,1.0,0.0,1,0.42484326753765345,False,0.0,nan,0,-0.5,1.0,0.5,rl,64
1,20,1.0,20.0,late,4.0,False,True,2,True,1,2,0.3,0.7,False,False,1.0,left,1.0,0.0,1,0.46039787004701793,False,1.0,nan,1,0.5,1.5,0.5,rl,64
1,21,1.0,21.0,late,5.0,False,True,2,False,2,1,0.3,0.7,False,False,1.0,left,0.0,1.0,2,0.6159956271294504,True,nan,1.0,1,0.25,1.75,0.25,rl,64
1,22,1.0,22.0,late,5.0,False,True,2,False,2,1,0.3,0.7,False,False,4.0,right,1.0,0.0,1,0.3691541056614369,False,0.0,nan,0,-0.25,1.5,0.25,rl,64
1,23,1.0,23.0,late,5.0,False,True,2,True,1,2,0.3,0.7,False,False,4.0,right,0.0,1.0,2,0.47784365713596344,True,nan,1.0,1,0.25,1.75,0.25,rl,64
1,24,1.0,24.0,late,5.0,False,True,2,True,1,2,0.3,0.7,False,False,4.0,right,0.0,1.0,2,0.4382926987018436,True,nan,0.0,0,-0.5,1.25,0.5,rl,64
1,25,1.0,25.0,late,5.0,False,True,2,True,1,2,0.3,0.7,False,False,1.0,left,1.0,0.0,1,0.3040863526985049,False,0.0,nan,0,-0.5,0.75,0.5,rl,64
1,26,1.0,26.0,late,6.0,False,True,2,False,2,1,0.3,0.7,False,False,1.0,left,0.0,1.0,2,0.4414846806321293,True,nan,1.0,1,0.5,1.25,0.5,rl,64
1,27,1.0,27.0,late,6.0,False,True,2,True,1,2,0.3,0.7,False,False,4.0,right,0.0,1.0,2,0.7000041347928345,True,nan,1.0,1,0.75,2.0,0.75,rl,64
1,28,1.0,28.0,late,6.0,False,True,2,False,2,1,0.3,0.7,False,False,1.0,left,0.0,1.0,2,1.2810806229244918,True,nan,1.0,1,0.75,2.75,0.75,rl,64
1,29,1.0,29.0,late,6.0,False,True,2,True,1,2,0.3,0.7,True,True,4.0,right,0.0,1.0,2,0.5445635577198118,True,nan,1.0,1,0.75,3.5,0.75,rl,64
1,30,2.0,1.0,early,1.0,True,False,1,False,2,1,0.7,0.3,False,False,1.0,left,0.0,1.0,2,0.4755126452073455,False,nan,1.0,1,0.25,3.75,0.25,rl,64
1,31,2.0,2.0,early,1.0,True,False,1,True,1,2,0.7,0.3,False,False,1.0,left,1.0,0.0,1,0.43854254437610507,True,1.0,nan,1,0.75,4.5,0.75,rl,64
1,32,2.0,3.0,late,1.0,True,False,1,False,2,1,0.7,0.3,False,False,4.0,right,1.0,0.0,1,0.48063506511971354,True,1.0,nan,1,0.25,4.75,0.25,rl,64
1,33,2.0,4.0,late,1.0,True,False,1,False,2,1,0.7,0.3,False,False,4.0,right,1.0,0.0,1,0.42800651118159294,True,0.0,nan,0,-0.5,4.25,0.5,rl,64
1,34,2.0,5.0,late,1.0,True,False,1,True,1,2,0.7,0.3,True,True,1.0,left,1.0,0.0,1,0.5784472450613976,True,1.0,nan,1,0.75,5.0,0.75,rl,64
1,35,3.0,1.0,early,1.0,False,True,2,True,1,2,0.3,0.7,False,False,1.0,left,1.0,0.0,1,0.5801152281928807,False,0.0,nan,0,-0.75,4.25,0.75,rl,64
1,36,3.0,2.0,early,1.0,False,True,2,True,1,2,0.3,0.7,False,False,1.0,left,1.0,0.0,1,0.4535854740533978,False,0.0,nan,0,-0.5,3.75,0.5,rl,64
1,37,3.0,3.0,early,1.0,False,True,2,False,2,1,0.3,0.7,False,False,1.0,left,0.0,1.0,2,0.40353689761832356,True,nan,1.0,1,0.5,4.25,0.5,rl,64
1,38,3.0,4.0,early,1.0,False,True,2,True,1,2,0.3,0.7,False,False,4.0,right,0.0,1.0,2,0.5120062215719372,True,nan,1.0,1,0.25,4.5,0.25,rl,64
1,39,3.0,5.0,early,1.0,False,True,2,False,2,1,0.3,0.7,False,False,1.0,left,0.0,1.0,2,0.357923666248098,True,nan,1.0,1,0.75,5.25,0.75,rl,64
1,40,3.0,6.0,early,2.0,False,True,2,True,1,2,0.3,0.7,False,False,1.0,left,1.0,0.0,1,0.38763622380793095,False,0.0,nan,0,-0.5,4.75,0.5,rl,64
1,41,3.0,7.0,early,2.0,False,True,2,False,2,1,0.3,0.7,False,False,4.0,right,1.0,0.0,1,0.3954095868393779,False,0.0,nan,0,-0.5,4.25,0.5,rl,64
1,42,3.0,8.0,early,2.0,False,True,2,True,1,2,0.3,0.7,False,False,4.0,right,0.0,1.0,2,0.3462046792265028,True,nan,1.0,1,0.5,4.75,0.5,rl,64
1,43,3.0,9.0,early,2.0,False,True,2,False,2,1,0.3,0.7,False,False,4.0,right,1.0,0.0,1,0.6869139296468347,False,1.0,nan,1,0.75,5.5,0.75,rl,64
1,44,3.0,10.0,early,2.0,False,True,2,False,2,1,0.3,0.7,False,False,1.0,left,0.0,1.0,2,0.31525521050207317,True,nan,0.0,0,-0.25,5.25,0.25,rl,64
1,45,3.0,11.0,early,3.0,False,True,2,True,1,2,0.3,0.7,False,False,1.0,left,1.0,0.0,1,0.30237526283599436,False,1.0,nan,1,0.25,5.5,0.25,rl,64
1,46,3.0,12.0,early,3.0,False,True,2,True,1,2,0.3,0.7,False,False,4.0,right,0.0,1.0,2,0.3691239014733583,True,nan,0.0,0,-0.25,5.25,0.25,rl,64
1,47,3.0,13.0,late,3.0,False,True,2,False,2,1,0.3,0.7,False,False,4.0,right,1.0,0.0,1,0.386753260390833,False,0.0,nan,0,-0.5,4.75,0.5,rl,64
1,48,3.0,14.0,late,3.0,False,True,2,True,1,2,0.3,0.7,False,False,4.0,right,0.0,1.0,2,0.5164172269869596,True,nan,1.0,1,0.75,5.5,0.75,rl,64
1,49,3.0,15.0,late,3.0,False,True,2,True,1,2,0.3,0.7,False,False,1.0,left,1.0,0.0,1,0.5966364105697721,False,0.0,nan,0,-0.5,5.0,0.5,rl,64
1,50,3.0,16.0,late,4.0,False,True,2,True,1,2,0.3,0.7,False,False,1.0,left,1.0,0.0,1,0.44108674582093954,False,0.0,nan,0,-0.75,4.25,0.75,rl,64
1,51,3.0,17.0,late,4.0,False,True,2,True,1,2,0.3,0.7,False,False,4.0,right,0.0,1.0,2,0.3881233052816242,True,nan,1.0,1,0.5,4.75,0.5,rl,64
1,52,3.0,18.0,late,4.0,False,True,2,False,2,1,0.3,0.7,False,False,4.0,right,1.0,0.0,1,0.4721042476594448,False,0.0,nan,0,-0.5,4.25,0.5,rl,64
1,53,3.0,19.0,late,4.0,False,True,2,False,2,1,0.3,0.7,False,False,1.0,left,0.0,1.0,2,0.8701404384337366,True,nan,1.0,1,0.75,5.0,0.75,rl,64
1,54,3.0,20.0,late,4.0,False,True,2,False,2,1,0.3,0.7,False,False,1.0,left,0.0,1.0,2,0.8799679894000292,True,nan,1.0,1,0.25,5.25,0.25,rl,64
1,55,3.0,21.0,late,5.0,False,True,2,True,1,2,0.3,0.7,False,False,4.0,right,0.0,1.0,2,0.45860144565813243,True,nan,1.0,1,0.75,6.0,0.75,rl,64
1,56,3.0,22.0,late,5.0,False,True,2,True,1,2,0.3,0.7,True,False,4.0,right,0.0,1.0,2,0.5036273053847253,True,nan,0.0,0,-0.5,5.5,0.5,rl,64
1,57,3.0,23.0,late,5.0,False,True,2,False,2,1,0.3,0.7,True,False,1.0,left,0.0,1.0,2,1.1059679361060262,True,nan,0.0,0,-0.75,4.75,0.75,rl,64
1,58,3.0,24.0,late,5.0,False,True,2,False,2,1,0.3,0.7,True,False,1.0,left,0.0,1.0,2,0.38606090657413006,True,nan,1.0,1,0.25,5.0,0.25,rl,64
1,59,3.0,25.0,late,5.0,False,True,2,False,2,1,0.3,0.7,True,True,1.0,left,0.0,1.0,2,0.6460345673840493,True,nan,1.0,1,0.5,5.5,0.5,rl,64
1,60,4.0,1.0,early,1.0,True,False,1,False,2,1,0.7,0.3,False,False,4.0,right,1.0,0.0,1,0.6025036750361323,True,1.0,nan,1,0.5,6.0,0.5,rl,64
1,61,4.0,2.0,early,1.0,True,False,1,True,1,2,0.7,0.3,False,False,4.0,right,0.0,1.0,2,0.9542524619027972,False,nan,1.0,1,0.25,6.25,0.25,rl,64
1,62,4.0,3.0,early,1.0,True,False,1,False,2,1,0.7,0.3,False,False,1.0,left,0.0,1.0,2,0.47974770283326507,False,nan,0.0,0,-0.5,5.75,0.5,rl,64
1,63,4.0,4.0,early,1.0,True,False,1,False,2,1,0.7,0.3,False,False,4.0,right,1.0,0.0,1,0.4948885766789317,True,1.0,nan,1,0.25,6.0,0.25,rl,64
1,64,4.0,5.0,early,1.0,True,False,1,False,2,1,0.7,0.3,False,False,4.0,right,1.0,0.0,1,0.4024466094560921,True,1.0,nan,1,0.5,6.5,0.5,rl,64
1,65,4.0,6.0,late,2.0,True,False,1,False,2,1,0.7,0.3,False,False,4.0,right,1.0,0.0,1,0.3798698983155191,True,0.0,nan,0,-0.5,6.0,0.5,rl,64
1,66,4.0,7.0,late,2.0,True,False,1,True,1,2,0.7,0.3,False,False,4.0,right,0.0,1.0,2,0.42425941466353834,False,nan,1.0,1,0.75,6.75,0.75,rl,64
1,67,4.0,8.0,late,2.0,True,False,1,True,1,2,0.7,0.3,False,False,4.0,right,0.0,1.0,2,0.6298022321425378,False,nan,0.0,0,-0.75,6.0,0.75,rl,64
1,68,4.0,9.0,late,2.0,True,False,1,True,1,2,0.7,0.3,False,False,1.0,left,1.0,0.0,1,0.2794053088873625,True,1.0,nan,1,0.75,6.75,0.75,rl,64
1,69,4.0,10.0,late,2.0,True,False,1,False,2,1,0.7,0.3,False,False,4.0,right,1.0,0.0,1,0.5199995189905167,True,1.0,nan,1,0.25,7.0,0.25,rl,64
1,70,4.0,11.0,late,3.0,True,False,1,True,1,2,0.7,0.3,False,False,1.0,left,1.0,0.0,1,0.39318297035060823,True,1.0,nan,1,0.5,7.5,0.5,rl,64
