sessNo,trialNo,block,blockTrialNo,trialClass,blockBin,stim1_High,stim2_High,stimHigh,stim1_left,leftStim,rightStim,stim1_pWin,stim2_pWin,reverseStatus,reverseTrial,responseKey,response_LR,selected_stim1,selected_stim2,response_stimID,RT,highChosen,stim1_isWin,stim2_isWin,isWin,payOut,accum_payOut,abs_outMag,instructCond,subID
1,1,1.0,1.0,early,1.0,True,False,1,True,1,2,0.7,0.3,False,False,1.0,left,1.0,0.0,1,1.3081624950282276,True,1.0,nan,1,0.25,0.25,0.25,hm,71
1,2,1.0,2.0,early,1.0,True,False,1,True,1,2,0.7,0.3,False,False,1.0,left,1.0,0.0,1,0.8178427182137966,True,1.0,nan,1,0.75,1.0,0.75,hm,71
1,3,1.0,3.0,late,1.0,True,False,1,True,1,2,0.7,0.3,False,False,1.0,left,1.0,0.0,1,0.6535937248263508,True,1.0,nan,1,0.5,1.5,0.5,hm,71
1,4,1.0,4.0,late,1.0,True,False,1,True,1,2,0.7,0.3,True,True,1.0,left,1.0,0.0,1,0.8900755608920008,True,1.0,nan,1,0.5,2.0,0.5,hm,71
1,5,2.0,1.0,early,1.0,False,True,2,True,1,2,0.3,0.7,False,False,1.0,left,1.0,0.0,1,0.9366176387993619,False,0.0,nan,0,-0.5,1.5,0.5,hm,71
1,6,2.0,2.0,early,1.0,False,True,2,False,2,1,0.3,0.7,False,False,4.0,right,1.0,0.0,1,1.2748792775673792,False,1.0,nan,1,0.75,2.25,0.75,hm,71
1,7,2.0,3.0,early,1.0,False,True,2,False,2,1,0.3,0.7,False,False,4.0,right,1.0,0.0,1,0.7705358528764918,False,1.0,nan,1,0.25,2.5,0.25,hm,71
1,8,2.0,4.0,early,1.0,False,True,2,True,1,2,0.3,0.7,False,False,1.0,left,1.0,0.0,1,1.1940812827087939,False,0.0,nan,0,-0.5,2.0,0.5,hm,71
1,9,2.0,5.0,early,1.0,False,True,2,False,2,1,0.3,0.7,False,False,4.0,right,1.0,0.0,1,0.9917304404079914,False,0.0,nan,0,-0.75,1.25,0.75,hm,71
1,10,2.0,6.0,early,2.0,False,True,2,False,2,1,0.3,0.7,False,False,4.0,right,1.0,0.0,1,1.1099625611677766,False,1.0,nan,1,0.5,1.75,0.5,hm,71
1,11,2.0,7.0,early,2.0,False,True,2,True,1,2,0.3,0.7,False,False,1.0,left,1.0,0.0,1,0.9279612867394462,False,1.0,nan,1,0.25,2.0,0.25,hm,71
1,12,2.0,8.0,early,2.0,False,True,2,False,2,1,0.3,0.7,False,False,4.0,right,1.0,0.0,1,0.9570941823767498,False,0.0,nan,0,-0.75,1.25,0.75,hm,71
1,13,2.0,9.0,early,2.0,False,True,2,False,2,1,0.3,0.7,False,False,4.0,right,1.0,0.0,1,1.0637231139698997,False,0.0,nan,0,-0.5,0.75,0.5,hm,71
1,14,2.0,10.0,early,2.0,False,True,2,True,1,2,0.3,0.7,False,False,1.0,left,1.0,0.0,1,0.8673392575001344,False,1.0,nan,1,0.25,1.0,0.25,hm,71
1,15,2.0,11.0,early,3.0,False,True,2,False,2,1,0.3,0.7,False,False,4.0,right,1.0,0.0,1,1.6414723687339574,False,1.0,nan,1,0.25,1.25,0.25,hm,71
1,16,2.0,12.0,late,3.0,False,True,2,False,2,1,0.3,0.7,False,False,4.0,right,1.0,0.0,1,0.9324696628609672,False,0.0,nan,0,-0.75,0.5,0.75,hm,71
1,17,2.0,13.0,late,3.0,False,True,2,False,2,1,0.3,0.7,False,False,4.0,right,1.0,0.0,1,0.9478026578435674,False,0.0,nan,0,-0.5,0.0,0.5,hm,71
1,18,2.0,14.0,late,3.0,False,True,2,True,1,2,0.3,0.7,False,False,1.0,left,1.0,0.0,1,1.3943691338645294,False,0.0,nan,0,-0.5,-0.5,0.5,hm,71
1,19,2.0,15.0,late,3.0,False,True,2,False,2,1,0.3,0.7,False,False,4.0,right,1.0,0.0,1,1.6126201102742925,False,0.0,nan,0,-0.5,-1.0,0.5,hm,71
1,20,2.0,16.0,late,4.0,False,True,2,False,2,1,0.3,0.7,False,False,4.0,right,1.0,0.0,1,1.3715474954806268,False,0.0,nan,0,-0.75,-1.75,0.75,hm,71
1,21,2.0,17.0,late,4.0,False,True,2,True,1,2,0.3,0.7,False,False,4.0,right,0.0,1.0,2,1.0658471004571766,True,nan,1.0,1,0.5,-1.25,0.5,hm,71
1,22,2.0,18.0,late,4.0,False,True,2,False,2,1,0.3,0.7,False,False,1.0,left,0.0,1.0,2,1.5013103733072057,True,nan,1.0,1,0.5,-0.75,0.5,hm,71
1,23,2.0,19.0,late,4.0,False,True,2,False,2,1,0.3,0.7,False,False,1.0,left,0.0,1.0,2,1.8708060210337862,True,nan,1.0,1,0.25,-0.5,0.25,hm,71
1,24,2.0,20.0,late,4.0,False,True,2,True,1,2,0.3,0.7,True,False,4.0,right,0.0,1.0,2,1.9266091258032247,True,nan,0.0,0,-0.5,-1.0,0.5,hm,71
1,25,2.0,21.0,late,5.0,False,True,2,True,1,2,0.3,0.7,True,False,1.0,left,1.0,0.0,1,1.4190924774156883,False,1.0,nan,1,0.75,-0.25,0.75,hm,71
1,26,2.0,22.0,late,5.0,False,True,2,False,2,1,0.3,0.7,True,False,4.0,right,1.0,0.0,1,2.9596225562272593,False,0.0,nan,0,-0.25,-0.5,0.25,hm,71
1,27,2.0,23.0,late,5.0,False,True,2,True,1,2,0.3,0.7,True,True,4.0,right,0.0,1.0,2,1.0407721539959311,True,nan,1.0,1,0.75,0.25,0.75,hm,71
1,28,3.0,1.0,early,1.0,True,False,1,False,2,1,0.7,0.3,False,False,1.0,left,0.0,1.0,2,1.0407627701060846,False,nan,0.0,0,-0.25,0.0,0.25,hm,71
1,29,3.0,2.0,early,1.0,True,False,1,True,1,2,0.7,0.3,False,False,1.0,left,1.0,0.0,1,0.6951696681790054,True,1.0,nan,1,0.25,0.25,0.25,hm,71
1,30,3.0,3.0,early,1.0,True,False,1,False,2,1,0.7,0.3,False,False,4.0,right,1.0,0.0,1,0.9195773609681055,True,1.0,nan,1,0.25,0.5,0.25,hm,71
1,31,3.0,4.0,early,1.0,True,False,1,False,2,1,0.7,0.3,False,False,1.0,left,0.0,1.0,2,1.436117799486965,False,nan,0.0,0,-0.25,0.25,0.25,hm,71
1,32,3.0,5.0,early,1.0,True,False,1,True,1,2,0.7,0.3,False,False,1.0,left,1.0,0.0,1,1.0222257607383654,True,1.0,nan,1,0.75,1.0,0.75,hm,71
1,33,3.0,6.0,early,2.0,True,False,1,True,1,2,0.7,0.3,False,False,1.0,left,1.0,0.0,1,1.3731096212286502,True,0.0,nan,0,-0.5,0.5,0.5,hm,71
1,34,3.0,7.0,early,2.0,True,False,1,False,2,1,0.7,0.3,False,False,1.0,left,0.0,1.0,2,0.6467382012633607,False,nan,0.0,0,-0.25,0.25,0.25,hm,71
1,35,3.0,8.0,early,2.0,True,False,1,False,2,1,0.7,0.3,False,False,1.0,left,0.0,1.0,2,0.6702976485248655,False,nan,0.0,0,-0.5,-0.25,0.5,hm,71
1,36,3.0,9.0,early,2.0,True,False,1,True,1,2,0.7,0.3,False,False,1.0,left,1.0,0.0,1,1.1945712981978431,True,1.0,nan,1,0.75,0.5,0.75,hm,71
1,37,3.0,10.0,early,2.0,True,False,1,True,1,2,0.7,0.3,False,False,4.0,right,0.0,1.0,2,2.135749804205261,False,nan,0.0,0,-0.25,0.25,0.25,hm,71
1,38,3.0,11.0,early,3.0,True,False,1,False,2,1,0.7,0.3,False,False,4.0,right,1.0,0.0,1,0.7190631234552711,True,0.0,nan,0,-0.5,-0.25,0.5,hm,71
1,39,3.0,12.0,early,3.0,True,False,1,False,2,1,0.7,0.3,False,False,4.0,right,1.0,0.0,1,0.8754164470592514,True,0.0,nan,0,-0.75,-1.0,0.75,hm,71
1,40,3.0,13.0,late,3.0,True,False,1,True,1,2,0.7,0.3,False,False,4.0,right,0.0,1.0,2,1.0210700752213597,False,nan,0.0,0,-0.5,-1.5,0.5,hm,71
1,41,3.0,14.0,late,3.0,True,False,1,True,1,2,0.7,0.3,False,False,4.0,right,0.0,1.0,2,0.6519870256306604,False,nan,0.0,0,-0.25,-1.75,0.25,hm,71
1,42,3.0,15.0,late,3.0,True,False,1,False,2,1,0.7,0.3,False,False,4.0,right,1.0,0.0,1,0.7534794464008883,True,0.0,nan,0,-0.5,-2.25,0.5,hm,71
1,43,3.0,16.0,late,4.0,True,False,1,True,1,2,0.7,0.3,False,False,1.0,left,1.0,0.0,1,0.8567641916451976,True,1.0,nan,1,0.25,-2.0,0.25,hm,71
1,44,3.0,17.0,late,4.0,True,False,1,True,1,2,0.7,0.3,False,False,4.0,right,0.0,1.0,2,1.451114147203043,False,nan,0.0,0,-0.5,-2.5,0.5,hm,71
1,45,3.0,18.0,late,4.0,True,False,1,True,1,2,0.7,0.3,False,False,1.0,left,1.0,0.0,1,0.8735214864136651,True,1.0,nan,1,0.75,-1.75,0.75,hm,71
1,46,3.0,19.0,late,4.0,True,False,1,True,1,2,0.7,0.3,False,False,1.0,left,1.0,0.0,1,0.6899284683167934,True,0.0,nan,0,-0.75,-2.5,0.75,hm,71
1,47,3.0,20.0,late,4.0,True,False,1,True,1,2,0.7,0.3,False,False,1.0,left,1.0,0.0,1,1.3964482535375282,True,1.0,nan,1,0.75,-1.75,0.75,hm,71
1,48,3.0,21.0,late,5.0,True,False,1,False,2,1,0.7,0.3,True,False,4.0,right,1.0,0.0,1,0.6572065252112225,True,1.0,nan,1,0.5,-1.25,0.5,hm,71
1,49,3.0,22.0,late,5.0,True,False,1,True,1,2,0.7,0.3,True,False,1.0,left,1.0,0.0,1,0.7806795525830239,True,1.0,nan,1,0.25,-1.0,0.25,hm,71
1,50,3.0,23.0,late,5.0,True,False,1,False,2,1,0.7,0.3,True,False,4.0,right,1.0,0.0,1,1.277742539299652,True,1.0,nan,1,0.5,-0.5,0.5,hm,71
1,51,3.0,24.0,late,5.0,True,False,1,True,1,2,0.7,0.3,True,True,1.0,left,1.0,0.0,1,0.8415575862163678,True,0.0,nan,0,-0.5,-1.0,0.5,hm,71
1,52,4.0,1.0,early,1.0,False,True,2,False,2,1,0.3,0.7,False,False,1.0,left,0.0,1.0,2,1.312674096901901,True,nan,1.0,1,0.5,-0.5,0.5,hm,71
1,53,4.0,2.0,early,1.0,False,True,2,True,1,2,0.3,0.7,False,False,4.0,right,0.0,1.0,2,1.3657588039059192,True,nan,1.0,1,0.5,0.0,0.5,hm,71
1,54,4.0,3.0,late,1.0,False,True,2,False,2,1,0.3,0.7,False,False,1.0,left,0.0,1.0,2,0.7043380291434005,True,nan,1.0,1,0.25,0.25,0.25,hm,71
1,55,4.0,4.0,late,1.0,False,True,2,True,1,2,0.3,0.7,True,True,4.0,right,0.0,1.0,2,0.9380961890565231,True,nan,1.0,1,0.75,1.0,0.75,hm,71
1,56,5.0,1.0,early,1.0,True,False,1,True,1,2,0.7,0.3,False,False,4.0,right,0.0,1.0,2,0.7097132427152246,False,nan,1.0,1,0.75,1.75,0.75,hm,71
1,57,5.0,2.0,early,1.0,True,False,1,False,2,1,0.7,0.3,False,False,1.0,left,0.0,1.0,2,0.8075864117126912,False,nan,0.0,0,-0.5,1.25,0.5,hm,71
1,58,5.0,3.0,early,1.0,True,False,1,False,2,1,0.7,0.3,False,False,1.0,left,0.0,1.0,2,0.796128673129715,False,nan,0.0,0,-0.25,1.0,0.25,hm,71
1,59,5.0,4.0,early,1.0,True,False,1,False,2,1,0.7,0.3,False,False,4.0,right,1.0,0.0,1,0.9602374946698546,True,0.0,nan,0,-0.5,0.5,0.5,hm,71
1,60,5.0,5.0,early,1.0,True,False,1,True,1,2,0.7,0.3,False,False,1.0,left,1.0,0.0,1,1.2473090941784903,True,1.0,nan,1,0.75,1.25,0.75,hm,71
1,61,5.0,6.0,late,2.0,True,False,1,False,2,1,0.7,0.3,False,False,4.0,right,1.0,0.0,1,0.9187700524926186,True,1.0,nan,1,0.25,1.5,0.25,hm,71
1,62,5.0,7.0,late,2.0,True,False,1,False,2,1,0.7,0.3,True,False,4.0,right,1.0,0.0,1,0.6524937561480328,True,1.0,nan,1,0.5,2.0,0.5,hm,71
1,63,5.0,8.0,late,2.0,True,False,1,True,1,2,0.7,0.3,True,False,1.0,left,1.0,0.0,1,0.7421222915872931,True,1.0,nan,1,0.5,2.5,0.5,hm,71
1,64,5.0,9.0,late,2.0,True,False,1,True,1,2,0.7,0.3,True,False,1.0,left,1.0,0.0,1,0.7880931246327236,True,1.0,nan,1,0.75,3.25,0.75,hm,71
1,65,5.0,10.0,late,2.0,True,False,1,False,2,1,0.7,0.3,True,True,4.0,right,1.0,0.0,1,1.3672948306193575,True,1.0,nan,1,0.75,4.0,0.75,hm,71
1,66,6.0,1.0,early,1.0,False,True,2,False,2,1,0.3,0.7,False,False,4.0,right,1.0,0.0,1,0.9133197678020224,False,1.0,nan,1,0.75,4.75,0.75,hm,71
1,67,6.0,2.0,early,1.0,False,True,2,True,1,2,0.3,0.7,False,False,1.0,left,1.0,0.0,1,1.215947229648009,False,0.0,nan,0,-0.5,4.25,0.5,hm,71
1,68,6.0,3.0,late,1.0,False,True,2,False,2,1,0.3,0.7,False,False,1.0,left,0.0,1.0,2,0.8291160046355799,True,nan,0.0,0,-0.25,4.0,0.25,hm,71
1,69,6.0,4.0,late,1.0,False,True,2,True,1,2,0.3,0.7,False,False,4.0,right,0.0,1.0,2,0.8891782257705927,True,nan,1.0,1,0.25,4.25,0.25,hm,71
1,70,6.0,5.0,late,1.0,False,True,2,False,2,1,0.3,0.7,False,False,1.0,left,0.0,1.0,2,0.8455260950140655,True,nan,1.0,1,0.5,4.75,0.5,hm,71
