sessNo,trialNo,block,blockTrialNo,trialClass,blockBin,stim1_High,stim2_High,stimHigh,stim1_left,leftStim,rightStim,stim1_pWin,stim2_pWin,reverseStatus,reverseTrial,responseKey,response_LR,selected_stim1,selected_stim2,response_stimID,RT,highChosen,stim1_isWin,stim2_isWin,isWin,payOut,accum_payOut,abs_outMag,instructCond,subID
1,1,1.0,1.0,early,1.0,False,True,2,True,1,2,0.3,0.7,False,False,1.0,left,1.0,0.0,1.0,1.1155725624412298,False,0.0,nan,0.0,-0.25,-0.25,0.25,rl,78
1,2,1.0,2.0,early,1.0,False,True,2,True,1,2,0.3,0.7,False,False,1.0,left,1.0,0.0,1.0,1.0137346831616014,False,0.0,nan,0.0,-0.75,-1.0,0.75,rl,78
1,3,1.0,3.0,early,1.0,False,True,2,False,2,1,0.3,0.7,False,False,4.0,right,1.0,0.0,1.0,1.2120692901080474,False,0.0,nan,0.0,-0.75,-1.75,0.75,rl,78
1,4,1.0,4.0,early,1.0,False,True,2,True,1,2,0.3,0.7,False,False,4.0,right,0.0,1.0,2.0,1.3619766542105936,True,nan,0.0,0.0,-0.5,-2.25,0.5,rl,78
1,5,1.0,5.0,early,1.0,False,True,2,True,1,2,0.3,0.7,False,False,4.0,right,0.0,1.0,2.0,1.8690294728148729,True,nan,1.0,1.0,0.5,-1.75,0.5,rl,78
1,6,1.0,6.0,early,2.0,False,True,2,True,1,2,0.3,0.7,False,False,4.0,right,0.0,1.0,2.0,0.6826164194499142,True,nan,0.0,0.0,-0.25,-2.0,0.25,rl,78
1,7,1.0,7.0,early,2.0,False,True,2,True,1,2,0.3,0.7,False,False,1.0,left,1.0,0.0,1.0,1.6562651937128976,False,1.0,nan,1.0,0.25,-1.75,0.25,rl,78
1,8,1.0,8.0,early,2.0,False,True,2,True,1,2,0.3,0.7,False,False,1.0,left,1.0,0.0,1.0,0.5697540208348073,False,0.0,nan,0.0,-0.5,-2.25,0.5,rl,78
1,9,1.0,9.0,early,2.0,False,True,2,True,1,2,0.3,0.7,False,False,4.0,right,0.0,1.0,2.0,1.440337101870682,True,nan,1.0,1.0,0.75,-1.5,0.75,rl,78
1,10,1.0,10.0,early,2.0,False,True,2,True,1,2,0.3,0.7,False,False,4.0,right,0.0,1.0,2.0,0.6989143509417772,True,nan,1.0,1.0,0.5,-1.0,0.5,rl,78
1,11,1.0,11.0,early,3.0,False,True,2,False,2,1,0.3,0.7,False,False,1.0,left,0.0,1.0,2.0,0.7131366993417032,True,nan,1.0,1.0,0.25,-0.75,0.25,rl,78
1,12,1.0,12.0,early,3.0,False,True,2,True,1,2,0.3,0.7,False,False,1.0,left,1.0,0.0,1.0,1.0794020514003932,False,1.0,nan,1.0,0.75,0.0,0.75,rl,78
1,13,1.0,13.0,early,3.0,False,True,2,True,1,2,0.3,0.7,False,False,1.0,left,1.0,0.0,1.0,0.8252363695646636,False,0.0,nan,0.0,-0.25,-0.25,0.25,rl,78
1,14,1.0,14.0,early,3.0,False,True,2,True,1,2,0.3,0.7,False,False,1.0,left,1.0,0.0,1.0,0.5632466366514564,False,0.0,nan,0.0,-0.5,-0.75,0.5,rl,78
1,15,1.0,15.0,early,3.0,False,True,2,False,2,1,0.3,0.7,False,False,1.0,left,0.0,1.0,2.0,1.036301591200754,True,nan,1.0,1.0,0.75,0.0,0.75,rl,78
1,16,1.0,16.0,early,4.0,False,True,2,False,2,1,0.3,0.7,False,False,1.0,left,0.0,1.0,2.0,0.5701528330682777,True,nan,0.0,0.0,-0.25,-0.25,0.25,rl,78
1,17,1.0,17.0,early,4.0,False,True,2,False,2,1,0.3,0.7,False,False,4.0,right,1.0,0.0,1.0,0.7006978627759963,False,1.0,nan,1.0,0.75,0.5,0.75,rl,78
1,18,1.0,18.0,late,4.0,False,True,2,False,2,1,0.3,0.7,False,False,4.0,right,1.0,0.0,1.0,0.6710364954196848,False,0.0,nan,0.0,-0.5,0.0,0.5,rl,78
1,19,1.0,19.0,late,4.0,False,True,2,True,1,2,0.3,0.7,False,False,4.0,right,0.0,1.0,2.0,0.7448044441989623,True,nan,0.0,0.0,-0.5,-0.5,0.5,rl,78
1,20,1.0,20.0,late,4.0,False,True,2,False,2,1,0.3,0.7,False,False,4.0,right,1.0,0.0,1.0,1.6932928577880375,False,0.0,nan,0.0,-0.5,-1.0,0.5,rl,78
1,21,1.0,21.0,late,5.0,False,True,2,True,1,2,0.3,0.7,False,False,1.0,left,1.0,0.0,1.0,0.44177429220872,False,0.0,nan,0.0,-0.5,-1.5,0.5,rl,78
1,22,1.0,22.0,late,5.0,False,True,2,False,2,1,0.3,0.7,False,False,1.0,left,0.0,1.0,2.0,0.907021910592448,True,nan,0.0,0.0,-0.75,-2.25,0.75,rl,78
1,23,1.0,23.0,late,5.0,False,True,2,True,1,2,0.3,0.7,False,False,1.0,left,1.0,0.0,1.0,0.7990147578530014,False,0.0,nan,0.0,-0.5,-2.75,0.5,rl,78
1,24,1.0,24.0,late,5.0,False,True,2,True,1,2,0.3,0.7,False,False,4.0,right,0.0,1.0,2.0,0.7269364827079698,True,nan,1.0,1.0,0.25,-2.5,0.25,rl,78
1,25,1.0,25.0,late,5.0,False,True,2,False,2,1,0.3,0.7,False,False,1.0,left,0.0,1.0,2.0,2.1868189034285024,True,nan,1.0,1.0,0.75,-1.75,0.75,rl,78
1,26,1.0,26.0,late,6.0,False,True,2,True,1,2,0.3,0.7,False,False,1.0,left,1.0,0.0,1.0,1.3309349860064685,False,0.0,nan,0.0,-0.5,-2.25,0.5,rl,78
1,27,1.0,27.0,late,6.0,False,True,2,False,2,1,0.3,0.7,False,False,1.0,left,0.0,1.0,2.0,0.9427417051629163,True,nan,0.0,0.0,-0.25,-2.5,0.25,rl,78
1,28,1.0,28.0,late,6.0,False,True,2,True,1,2,0.3,0.7,False,False,4.0,right,0.0,1.0,2.0,0.7561010942445137,True,nan,1.0,1.0,0.25,-2.25,0.25,rl,78
1,29,1.0,29.0,late,6.0,False,True,2,False,2,1,0.3,0.7,False,False,4.0,right,1.0,0.0,1.0,0.9678308074362576,False,0.0,nan,0.0,-0.5,-2.75,0.5,rl,78
1,30,1.0,30.0,late,6.0,False,True,2,False,2,1,0.3,0.7,False,False,1.0,left,0.0,1.0,2.0,0.5563052509096451,True,nan,1.0,1.0,0.75,-2.0,0.75,rl,78
1,31,1.0,31.0,late,7.0,False,True,2,False,2,1,0.3,0.7,False,False,1.0,left,0.0,1.0,2.0,0.48402375751174986,True,nan,1.0,1.0,0.75,-1.25,0.75,rl,78
1,32,1.0,32.0,late,7.0,False,True,2,True,1,2,0.3,0.7,False,False,4.0,right,0.0,1.0,2.0,1.1375711630680598,True,nan,1.0,1.0,0.25,-1.0,0.25,rl,78
1,33,1.0,33.0,late,7.0,False,True,2,True,1,2,0.3,0.7,True,False,4.0,right,0.0,1.0,2.0,0.8048388828174211,True,nan,1.0,1.0,0.25,-0.75,0.25,rl,78
1,34,1.0,34.0,late,7.0,False,True,2,False,2,1,0.3,0.7,True,False,1.0,left,0.0,1.0,2.0,1.372492394701112,True,nan,0.0,0.0,-0.5,-1.25,0.5,rl,78
1,35,1.0,35.0,late,7.0,False,True,2,True,1,2,0.3,0.7,True,True,1.0,left,1.0,0.0,1.0,0.7538551361649297,False,1.0,nan,1.0,0.5,-0.75,0.5,rl,78
1,36,2.0,1.0,early,1.0,True,False,1,False,2,1,0.7,0.3,False,False,1.0,left,0.0,1.0,2.0,1.6067728875786997,False,nan,0.0,0.0,-0.5,-1.25,0.5,rl,78
1,37,2.0,2.0,early,1.0,True,False,1,True,1,2,0.7,0.3,False,False,nan,nan,nan,nan,nan,nan,False,nan,nan,nan,nan,nan,nan,rl,78
1,38,2.0,3.0,early,1.0,True,False,1,False,2,1,0.7,0.3,False,False,4.0,right,1.0,0.0,1.0,0.5476366562652402,True,1.0,nan,1.0,0.75,-0.5,0.75,rl,78
1,39,2.0,4.0,late,1.0,True,False,1,True,1,2,0.7,0.3,False,False,1.0,left,1.0,0.0,1.0,0.7001758879050612,True,1.0,nan,1.0,0.75,0.25,0.75,rl,78
1,40,2.0,5.0,late,1.0,True,False,1,False,2,1,0.7,0.3,False,False,4.0,right,1.0,0.0,1.0,0.7238679743604735,True,1.0,nan,1.0,0.25,0.5,0.25,rl,78
1,41,2.0,6.0,late,2.0,True,False,1,False,2,1,0.7,0.3,True,False,4.0,right,1.0,0.0,1.0,0.714712594228331,True,1.0,nan,1.0,0.5,1.0,0.5,rl,78
1,42,2.0,7.0,late,2.0,True,False,1,True,1,2,0.7,0.3,True,True,1.0,left,1.0,0.0,1.0,0.6123319197213277,True,0.0,nan,0.0,-0.25,0.75,0.25,rl,78
1,43,3.0,1.0,early,1.0,False,True,2,False,2,1,0.3,0.7,False,False,4.0,right,1.0,0.0,1.0,0.8360116312396713,False,0.0,nan,0.0,-0.75,0.0,0.75,rl,78
1,44,3.0,2.0,early,1.0,False,True,2,False,2,1,0.3,0.7,False,False,1.0,left,0.0,1.0,2.0,0.4768313546665013,True,nan,1.0,1.0,0.25,0.25,0.25,rl,78
1,45,3.0,3.0,early,1.0,False,True,2,False,2,1,0.3,0.7,False,False,4.0,right,1.0,0.0,1.0,0.5401891308720224,False,0.0,nan,0.0,-0.5,-0.25,0.5,rl,78
1,46,3.0,4.0,early,1.0,False,True,2,True,1,2,0.3,0.7,False,False,4.0,right,0.0,1.0,2.0,1.3318719015223905,True,nan,0.0,0.0,-0.25,-0.5,0.25,rl,78
1,47,3.0,5.0,early,1.0,False,True,2,True,1,2,0.3,0.7,False,False,1.0,left,1.0,0.0,1.0,0.6899041267461143,False,0.0,nan,0.0,-0.75,-1.25,0.75,rl,78
1,48,3.0,6.0,late,2.0,False,True,2,True,1,2,0.3,0.7,False,False,4.0,right,0.0,1.0,2.0,0.47906323696952313,True,nan,1.0,1.0,0.5,-0.75,0.5,rl,78
1,49,3.0,7.0,late,2.0,False,True,2,False,2,1,0.3,0.7,False,False,4.0,right,1.0,0.0,1.0,1.6093422940466553,False,0.0,nan,0.0,-0.25,-1.0,0.25,rl,78
1,50,3.0,8.0,late,2.0,False,True,2,False,2,1,0.3,0.7,False,False,1.0,left,0.0,1.0,2.0,0.4350748329889029,True,nan,1.0,1.0,0.5,-0.5,0.5,rl,78
1,51,3.0,9.0,late,2.0,False,True,2,True,1,2,0.3,0.7,False,False,4.0,right,0.0,1.0,2.0,0.7703609779127873,True,nan,1.0,1.0,0.75,0.25,0.75,rl,78
1,52,3.0,10.0,late,2.0,False,True,2,True,1,2,0.3,0.7,False,False,4.0,right,0.0,1.0,2.0,0.9650490920175798,True,nan,1.0,1.0,0.25,0.5,0.25,rl,78
1,53,3.0,11.0,late,3.0,False,True,2,False,2,1,0.3,0.7,True,True,1.0,left,0.0,1.0,2.0,0.8775669872411527,True,nan,1.0,1.0,0.75,1.25,0.75,rl,78
1,54,4.0,1.0,early,1.0,True,False,1,False,2,1,0.7,0.3,False,False,1.0,left,0.0,1.0,2.0,0.5159234585007653,False,nan,0.0,0.0,-0.5,0.75,0.5,rl,78
1,55,4.0,2.0,early,1.0,True,False,1,False,2,1,0.7,0.3,False,False,1.0,left,0.0,1.0,2.0,0.4261684172670357,False,nan,1.0,1.0,0.25,1.0,0.25,rl,78
1,56,4.0,3.0,early,1.0,True,False,1,True,1,2,0.7,0.3,False,False,4.0,right,0.0,1.0,2.0,0.6466746390215121,False,nan,0.0,0.0,-0.25,0.75,0.25,rl,78
1,57,4.0,4.0,early,1.0,True,False,1,True,1,2,0.7,0.3,False,False,1.0,left,1.0,0.0,1.0,0.533416653808672,True,1.0,nan,1.0,0.75,1.5,0.75,rl,78
1,58,4.0,5.0,early,1.0,True,False,1,True,1,2,0.7,0.3,False,False,1.0,left,1.0,0.0,1.0,0.47322005109163,True,1.0,nan,1.0,0.75,2.25,0.75,rl,78
1,59,4.0,6.0,early,2.0,True,False,1,True,1,2,0.7,0.3,False,False,1.0,left,1.0,0.0,1.0,0.4353264366509393,True,1.0,nan,1.0,0.25,2.5,0.25,rl,78
1,60,4.0,7.0,early,2.0,True,False,1,True,1,2,0.7,0.3,False,False,4.0,right,0.0,1.0,2.0,0.7131806859979406,False,nan,0.0,0.0,-0.5,2.0,0.5,rl,78
1,61,4.0,8.0,late,2.0,True,False,1,True,1,2,0.7,0.3,False,False,1.0,left,1.0,0.0,1.0,0.7436100601335056,True,0.0,nan,0.0,-0.75,1.25,0.75,rl,78
1,62,4.0,9.0,late,2.0,True,False,1,True,1,2,0.7,0.3,False,False,4.0,right,0.0,1.0,2.0,1.370999194739852,False,nan,0.0,0.0,-0.5,0.75,0.5,rl,78
1,63,4.0,10.0,late,2.0,True,False,1,False,2,1,0.7,0.3,False,False,1.0,left,0.0,1.0,2.0,0.8945428996230476,False,nan,0.0,0.0,-0.25,0.5,0.25,rl,78
1,64,4.0,11.0,late,3.0,True,False,1,True,1,2,0.7,0.3,False,False,1.0,left,1.0,0.0,1.0,0.9690982092870399,True,1.0,nan,1.0,0.75,1.25,0.75,rl,78
1,65,4.0,12.0,late,3.0,True,False,1,False,2,1,0.7,0.3,False,False,4.0,right,1.0,0.0,1.0,0.6427674519945867,True,1.0,nan,1.0,0.75,2.0,0.75,rl,78
1,66,4.0,13.0,late,3.0,True,False,1,True,1,2,0.7,0.3,False,False,1.0,left,1.0,0.0,1.0,0.8220693311304785,True,1.0,nan,1.0,0.25,2.25,0.25,rl,78
1,67,4.0,14.0,late,3.0,True,False,1,False,2,1,0.7,0.3,True,False,4.0,right,1.0,0.0,1.0,0.8169759709853679,True,0.0,nan,0.0,-0.5,1.75,0.5,rl,78
1,68,4.0,15.0,late,3.0,True,False,1,False,2,1,0.7,0.3,True,True,1.0,left,0.0,1.0,2.0,0.46909762278664857,False,nan,0.0,0.0,-0.5,1.25,0.5,rl,78
1,69,5.0,1.0,early,1.0,False,True,2,True,1,2,0.3,0.7,False,False,4.0,right,0.0,1.0,2.0,0.6955810430226848,True,nan,1.0,1.0,0.25,1.5,0.25,rl,78
1,70,5.0,2.0,late,1.0,False,True,2,True,1,2,0.3,0.7,False,False,4.0,right,0.0,1.0,2.0,1.748324841959402,True,nan,1.0,1.0,0.5,2.0,0.5,rl,78
