sessNo,trialNo,block,blockTrialNo,trialClass,blockBin,stim1_High,stim2_High,stimHigh,stim1_left,leftStim,rightStim,stim1_pWin,stim2_pWin,reverseStatus,reverseTrial,responseKey,response_LR,selected_stim1,selected_stim2,response_stimID,RT,highChosen,stim1_isWin,stim2_isWin,isWin,payOut,accum_payOut,abs_outMag,instructCond,subID
1,1,1.0,1.0,early,1.0,True,False,1,True,1,2,0.7,0.3,False,False,4.0,right,0.0,1.0,2,0.8316924709361047,False,nan,0.0,0,-0.75,-0.75,0.75,hm,75
1,2,1.0,2.0,early,1.0,True,False,1,False,2,1,0.7,0.3,False,False,4.0,right,1.0,0.0,1,0.9377308033872396,True,1.0,nan,1,0.5,-0.25,0.5,hm,75
1,3,1.0,3.0,late,1.0,True,False,1,True,1,2,0.7,0.3,False,False,1.0,left,1.0,0.0,1,0.7255028230138123,True,1.0,nan,1,0.75,0.5,0.75,hm,75
1,4,1.0,4.0,late,1.0,True,False,1,False,2,1,0.7,0.3,False,False,4.0,right,1.0,0.0,1,0.5832065774593502,True,1.0,nan,1,0.5,1.0,0.5,hm,75
1,5,1.0,5.0,late,1.0,True,False,1,True,1,2,0.7,0.3,True,True,1.0,left,1.0,0.0,1,0.6806835699826479,True,1.0,nan,1,0.75,1.75,0.75,hm,75
1,6,2.0,1.0,early,1.0,False,True,2,True,1,2,0.3,0.7,False,False,1.0,left,1.0,0.0,1,0.8720567186828703,False,1.0,nan,1,0.75,2.5,0.75,hm,75
1,7,2.0,2.0,early,1.0,False,True,2,False,2,1,0.3,0.7,False,False,4.0,right,1.0,0.0,1,0.7233987771905959,False,0.0,nan,0,-0.25,2.25,0.25,hm,75
1,8,2.0,3.0,early,1.0,False,True,2,True,1,2,0.3,0.7,False,False,1.0,left,1.0,0.0,1,0.8746281997300684,False,0.0,nan,0,-0.5,1.75,0.5,hm,75
1,9,2.0,4.0,early,1.0,False,True,2,True,1,2,0.3,0.7,False,False,4.0,right,0.0,1.0,2,0.8356243239250034,True,nan,0.0,0,-0.75,1.0,0.75,hm,75
1,10,2.0,5.0,early,1.0,False,True,2,False,2,1,0.3,0.7,False,False,4.0,right,1.0,0.0,1,0.6042851565871388,False,0.0,nan,0,-0.5,0.5,0.5,hm,75
1,11,2.0,6.0,late,2.0,False,True,2,True,1,2,0.3,0.7,False,False,1.0,left,1.0,0.0,1,0.8796075300779194,False,0.0,nan,0,-0.25,0.25,0.25,hm,75
1,12,2.0,7.0,late,2.0,False,True,2,True,1,2,0.3,0.7,False,False,1.0,left,1.0,0.0,1,0.7263796308543533,False,0.0,nan,0,-0.75,-0.5,0.75,hm,75
1,13,2.0,8.0,late,2.0,False,True,2,False,2,1,0.3,0.7,False,False,1.0,left,0.0,1.0,2,0.6517409915104508,True,nan,1.0,1,0.5,0.0,0.5,hm,75
1,14,2.0,9.0,late,2.0,False,True,2,True,1,2,0.3,0.7,False,False,4.0,right,0.0,1.0,2,0.6393064479343593,True,nan,1.0,1,0.5,0.5,0.5,hm,75
1,15,2.0,10.0,late,2.0,False,True,2,False,2,1,0.3,0.7,False,False,1.0,left,0.0,1.0,2,0.7479623013641685,True,nan,1.0,1,0.75,1.25,0.75,hm,75
1,16,2.0,11.0,late,3.0,False,True,2,False,2,1,0.3,0.7,True,True,1.0,left,0.0,1.0,2,0.591349454363808,True,nan,1.0,1,0.5,1.75,0.5,hm,75
1,17,3.0,1.0,early,1.0,True,False,1,False,2,1,0.7,0.3,False,False,1.0,left,0.0,1.0,2,0.8798066447488964,False,nan,0.0,0,-0.75,1.0,0.75,hm,75
1,18,3.0,2.0,early,1.0,True,False,1,True,1,2,0.7,0.3,False,False,1.0,left,1.0,0.0,1,0.7892913310788572,True,0.0,nan,0,-0.5,0.5,0.5,hm,75
1,19,3.0,3.0,early,1.0,True,False,1,False,2,1,0.7,0.3,False,False,1.0,left,0.0,1.0,2,0.6686484285164624,False,nan,0.0,0,-0.5,0.0,0.5,hm,75
1,20,3.0,4.0,early,1.0,True,False,1,True,1,2,0.7,0.3,False,False,1.0,left,1.0,0.0,1,0.7974855261854827,True,0.0,nan,0,-0.75,-0.75,0.75,hm,75
1,21,3.0,5.0,early,1.0,True,False,1,False,2,1,0.7,0.3,False,False,1.0,left,0.0,1.0,2,0.6610114024952054,False,nan,1.0,1,0.25,-0.5,0.25,hm,75
1,22,3.0,6.0,early,2.0,True,False,1,True,1,2,0.7,0.3,False,False,1.0,left,1.0,0.0,1,0.6906146658584476,True,1.0,nan,1,0.5,0.0,0.5,hm,75
1,23,3.0,7.0,early,2.0,True,False,1,True,1,2,0.7,0.3,False,False,4.0,right,0.0,1.0,2,0.6748989839106798,False,nan,0.0,0,-0.5,-0.5,0.5,hm,75
1,24,3.0,8.0,early,2.0,True,False,1,True,1,2,0.7,0.3,False,False,1.0,left,1.0,0.0,1,0.6524471298325807,True,1.0,nan,1,0.5,0.0,0.5,hm,75
1,25,3.0,9.0,early,2.0,True,False,1,False,2,1,0.7,0.3,False,False,1.0,left,0.0,1.0,2,0.7442143140360713,False,nan,1.0,1,0.25,0.25,0.25,hm,75
1,26,3.0,10.0,early,2.0,True,False,1,False,2,1,0.7,0.3,False,False,4.0,right,1.0,0.0,1,0.6344752069562674,True,1.0,nan,1,0.75,1.0,0.75,hm,75
1,27,3.0,11.0,early,3.0,True,False,1,True,1,2,0.7,0.3,False,False,4.0,right,0.0,1.0,2,0.8591427165083587,False,nan,0.0,0,-0.5,0.5,0.5,hm,75
1,28,3.0,12.0,early,3.0,True,False,1,False,2,1,0.7,0.3,False,False,4.0,right,1.0,0.0,1,0.6837224864866585,True,0.0,nan,0,-0.75,-0.25,0.75,hm,75
1,29,3.0,13.0,early,3.0,True,False,1,False,2,1,0.7,0.3,False,False,4.0,right,1.0,0.0,1,0.553178105968982,True,1.0,nan,1,0.25,0.0,0.25,hm,75
1,30,3.0,14.0,early,3.0,True,False,1,False,2,1,0.7,0.3,False,False,1.0,left,0.0,1.0,2,0.9606855758465827,False,nan,0.0,0,-0.75,-0.75,0.75,hm,75
1,31,3.0,15.0,early,3.0,True,False,1,True,1,2,0.7,0.3,False,False,4.0,right,0.0,1.0,2,0.6572291052434593,False,nan,0.0,0,-0.25,-1.0,0.25,hm,75
1,32,3.0,16.0,early,4.0,True,False,1,True,1,2,0.7,0.3,False,False,4.0,right,0.0,1.0,2,0.6458959963638335,False,nan,0.0,0,-0.75,-1.75,0.75,hm,75
1,33,3.0,17.0,early,4.0,True,False,1,True,1,2,0.7,0.3,False,False,1.0,left,1.0,0.0,1,0.6652743311133236,True,1.0,nan,1,0.5,-1.25,0.5,hm,75
1,34,3.0,18.0,early,4.0,True,False,1,False,2,1,0.7,0.3,False,False,1.0,left,0.0,1.0,2,0.570870857918635,False,nan,0.0,0,-0.25,-1.5,0.25,hm,75
1,35,3.0,19.0,early,4.0,True,False,1,True,1,2,0.7,0.3,False,False,1.0,left,1.0,0.0,1,0.7162969266064465,True,1.0,nan,1,0.5,-1.0,0.5,hm,75
1,36,3.0,20.0,early,4.0,True,False,1,True,1,2,0.7,0.3,False,False,4.0,right,0.0,1.0,2,0.5925482471939176,False,nan,0.0,0,-0.5,-1.5,0.5,hm,75
1,37,3.0,21.0,early,5.0,True,False,1,False,2,1,0.7,0.3,False,False,4.0,right,1.0,0.0,1,0.703097888501361,True,0.0,nan,0,-0.5,-2.0,0.5,hm,75
1,38,3.0,22.0,early,5.0,True,False,1,True,1,2,0.7,0.3,False,False,4.0,right,0.0,1.0,2,0.5037352307699621,False,nan,0.0,0,-0.75,-2.75,0.75,hm,75
1,39,3.0,23.0,early,5.0,True,False,1,True,1,2,0.7,0.3,False,False,1.0,left,1.0,0.0,1,0.7713440407533199,True,1.0,nan,1,0.25,-2.5,0.25,hm,75
1,40,3.0,24.0,early,5.0,True,False,1,False,2,1,0.7,0.3,False,False,1.0,left,0.0,1.0,2,0.6928929002024233,False,nan,0.0,0,-0.75,-3.25,0.75,hm,75
1,41,3.0,25.0,early,5.0,True,False,1,False,2,1,0.7,0.3,False,False,4.0,right,1.0,0.0,1,0.6553024738095701,True,1.0,nan,1,0.5,-2.75,0.5,hm,75
1,42,3.0,26.0,early,6.0,True,False,1,True,1,2,0.7,0.3,False,False,4.0,right,0.0,1.0,2,0.6660012898501009,False,nan,1.0,1,0.25,-2.5,0.25,hm,75
1,43,3.0,27.0,early,6.0,True,False,1,False,2,1,0.7,0.3,False,False,4.0,right,1.0,0.0,1,0.7025923309847713,True,1.0,nan,1,0.75,-1.75,0.75,hm,75
1,44,3.0,28.0,late,6.0,True,False,1,False,2,1,0.7,0.3,False,False,1.0,left,0.0,1.0,2,0.7901015719398856,False,nan,1.0,1,0.25,-1.5,0.25,hm,75
1,45,3.0,29.0,late,6.0,True,False,1,True,1,2,0.7,0.3,False,False,1.0,left,1.0,0.0,1,0.6684015146456659,True,1.0,nan,1,0.25,-1.25,0.25,hm,75
1,46,3.0,30.0,late,6.0,True,False,1,True,1,2,0.7,0.3,False,False,4.0,right,0.0,1.0,2,1.376227127853781,False,nan,0.0,0,-0.75,-2.0,0.75,hm,75
1,47,3.0,31.0,late,7.0,True,False,1,False,2,1,0.7,0.3,False,False,4.0,right,1.0,0.0,1,0.635532068554312,True,0.0,nan,0,-0.5,-2.5,0.5,hm,75
1,48,3.0,32.0,late,7.0,True,False,1,False,2,1,0.7,0.3,False,False,1.0,left,0.0,1.0,2,0.6311553600244224,False,nan,0.0,0,-0.5,-3.0,0.5,hm,75
1,49,3.0,33.0,late,7.0,True,False,1,True,1,2,0.7,0.3,False,False,1.0,left,1.0,0.0,1,0.6297759271692485,True,0.0,nan,0,-0.75,-3.75,0.75,hm,75
1,50,3.0,34.0,late,7.0,True,False,1,True,1,2,0.7,0.3,False,False,4.0,right,0.0,1.0,2,0.5860742377117276,False,nan,0.0,0,-0.5,-4.25,0.5,hm,75
1,51,3.0,35.0,late,7.0,True,False,1,False,2,1,0.7,0.3,False,False,4.0,right,1.0,0.0,1,1.143887109356001,True,0.0,nan,0,-0.25,-4.5,0.25,hm,75
1,52,3.0,36.0,late,8.0,True,False,1,False,2,1,0.7,0.3,False,False,1.0,left,0.0,1.0,2,0.9339590631425381,False,nan,0.0,0,-0.5,-5.0,0.5,hm,75
1,53,3.0,37.0,late,8.0,True,False,1,True,1,2,0.7,0.3,False,False,4.0,right,0.0,1.0,2,0.9854939610231668,False,nan,0.0,0,-0.5,-5.5,0.5,hm,75
1,54,3.0,38.0,late,8.0,True,False,1,True,1,2,0.7,0.3,False,False,1.0,left,1.0,0.0,1,0.632858537370339,True,0.0,nan,0,-0.5,-6.0,0.5,hm,75
1,55,3.0,39.0,late,8.0,True,False,1,True,1,2,0.7,0.3,False,False,4.0,right,0.0,1.0,2,0.8908107304014266,False,nan,0.0,0,-0.75,-6.75,0.75,hm,75
1,56,3.0,40.0,late,8.0,True,False,1,True,1,2,0.7,0.3,False,False,1.0,left,1.0,0.0,1,0.6234124719630927,True,1.0,nan,1,0.25,-6.5,0.25,hm,75
1,57,3.0,41.0,late,9.0,True,False,1,True,1,2,0.7,0.3,False,False,4.0,right,0.0,1.0,2,0.6898182076402009,False,nan,0.0,0,-0.5,-7.0,0.5,hm,75
1,58,3.0,42.0,late,9.0,True,False,1,False,2,1,0.7,0.3,False,False,4.0,right,1.0,0.0,1,0.866423447849229,True,1.0,nan,1,0.75,-6.25,0.75,hm,75
1,59,3.0,43.0,late,9.0,True,False,1,True,1,2,0.7,0.3,False,False,4.0,right,0.0,1.0,2,0.7029198876116425,False,nan,1.0,1,0.25,-6.0,0.25,hm,75
1,60,3.0,44.0,late,9.0,True,False,1,False,2,1,0.7,0.3,False,False,4.0,right,1.0,0.0,1,0.5264996860641986,True,1.0,nan,1,0.75,-5.25,0.75,hm,75
1,61,3.0,45.0,late,9.0,True,False,1,True,1,2,0.7,0.3,False,False,4.0,right,0.0,1.0,2,1.0768121846485883,False,nan,1.0,1,0.5,-4.75,0.5,hm,75
1,62,3.0,46.0,late,10.0,True,False,1,True,1,2,0.7,0.3,False,False,1.0,left,1.0,0.0,1,1.2463372743222862,True,0.0,nan,0,-0.5,-5.25,0.5,hm,75
1,63,3.0,47.0,late,10.0,True,False,1,True,1,2,0.7,0.3,False,False,4.0,right,0.0,1.0,2,0.6339435505215079,False,nan,0.0,0,-0.25,-5.5,0.25,hm,75
1,64,3.0,48.0,late,10.0,True,False,1,True,1,2,0.7,0.3,False,False,1.0,left,1.0,0.0,1,0.877430759370327,True,1.0,nan,1,0.5,-5.0,0.5,hm,75
1,65,3.0,49.0,late,10.0,True,False,1,False,2,1,0.7,0.3,False,False,1.0,left,0.0,1.0,2,1.4570251228287816,False,nan,0.0,0,-0.25,-5.25,0.25,hm,75
1,66,3.0,50.0,late,10.0,True,False,1,True,1,2,0.7,0.3,False,False,1.0,left,1.0,0.0,1,1.1534226152580231,True,1.0,nan,1,0.25,-5.0,0.25,hm,75
1,67,3.0,51.0,late,11.0,True,False,1,True,1,2,0.7,0.3,False,False,4.0,right,0.0,1.0,2,1.1129281658213586,False,nan,0.0,0,-0.5,-5.5,0.5,hm,75
1,68,3.0,52.0,late,11.0,True,False,1,True,1,2,0.7,0.3,False,False,1.0,left,1.0,0.0,1,0.7110489818733186,True,0.0,nan,0,-0.75,-6.25,0.75,hm,75
1,69,3.0,53.0,late,11.0,True,False,1,True,1,2,0.7,0.3,False,False,4.0,right,0.0,1.0,2,0.779015377163887,False,nan,1.0,1,0.75,-5.5,0.75,hm,75
1,70,3.0,54.0,late,11.0,True,False,1,False,2,1,0.7,0.3,False,False,1.0,left,0.0,1.0,2,2.9161736455280334,False,nan,0.0,0,-0.75,-6.25,0.75,hm,75
