sessNo,trialNo,block,blockTrialNo,trialClass,blockBin,stim1_High,stim2_High,stimHigh,stim1_left,leftStim,rightStim,stim1_pWin,stim2_pWin,reverseStatus,reverseTrial,responseKey,response_LR,selected_stim1,selected_stim2,response_stimID,RT,highChosen,stim1_isWin,stim2_isWin,isWin,payOut,accum_payOut,abs_outMag,instructCond,subID
1,1,1.0,1.0,early,1.0,False,True,2,True,1,2,0.3,0.7,False,False,4.0,right,0.0,1.0,2,0.7896910263225436,True,nan,0.0,0,-0.25,-0.25,0.25,hm,73
1,2,1.0,2.0,early,1.0,False,True,2,True,1,2,0.3,0.7,False,False,4.0,right,0.0,1.0,2,0.8211317742243409,True,nan,1.0,1,0.5,0.25,0.5,hm,73
1,3,1.0,3.0,early,1.0,False,True,2,True,1,2,0.3,0.7,False,False,4.0,right,0.0,1.0,2,1.208585562184453,True,nan,1.0,1,0.75,1.0,0.75,hm,73
1,4,1.0,4.0,early,1.0,False,True,2,True,1,2,0.3,0.7,False,False,1.0,left,1.0,0.0,1,0.5612529497593641,False,0.0,nan,0,-0.75,0.25,0.75,hm,73
1,5,1.0,5.0,early,1.0,False,True,2,True,1,2,0.3,0.7,False,False,1.0,left,1.0,0.0,1,0.6507457119878381,False,0.0,nan,0,-0.5,-0.25,0.5,hm,73
1,6,1.0,6.0,early,2.0,False,True,2,False,2,1,0.3,0.7,False,False,4.0,right,1.0,0.0,1,0.45560874068178236,False,1.0,nan,1,0.25,0.0,0.25,hm,73
1,7,1.0,7.0,early,2.0,False,True,2,False,2,1,0.3,0.7,False,False,1.0,left,0.0,1.0,2,0.3856473877094686,True,nan,1.0,1,0.25,0.25,0.25,hm,73
1,8,1.0,8.0,early,2.0,False,True,2,True,1,2,0.3,0.7,False,False,4.0,right,0.0,1.0,2,0.44673274690285325,True,nan,1.0,1,0.5,0.75,0.5,hm,73
1,9,1.0,9.0,early,2.0,False,True,2,True,1,2,0.3,0.7,False,False,4.0,right,0.0,1.0,2,0.6425899320747703,True,nan,0.0,0,-0.75,0.0,0.75,hm,73
1,10,1.0,10.0,early,2.0,False,True,2,True,1,2,0.3,0.7,False,False,1.0,left,1.0,0.0,1,0.4411980069708079,False,1.0,nan,1,0.5,0.5,0.5,hm,73
1,11,1.0,11.0,early,3.0,False,True,2,True,1,2,0.3,0.7,False,False,4.0,right,0.0,1.0,2,0.4325832959730178,True,nan,1.0,1,0.25,0.75,0.25,hm,73
1,12,1.0,12.0,late,3.0,False,True,2,True,1,2,0.3,0.7,False,False,4.0,right,0.0,1.0,2,0.5743012588936836,True,nan,1.0,1,0.5,1.25,0.5,hm,73
1,13,1.0,13.0,late,3.0,False,True,2,False,2,1,0.3,0.7,False,False,4.0,right,1.0,0.0,1,0.6806694942060858,False,1.0,nan,1,0.75,2.0,0.75,hm,73
1,14,1.0,14.0,late,3.0,False,True,2,False,2,1,0.3,0.7,False,False,1.0,left,0.0,1.0,2,0.4221683428622782,True,nan,0.0,0,-0.5,1.5,0.5,hm,73
1,15,1.0,15.0,late,3.0,False,True,2,False,2,1,0.3,0.7,False,False,1.0,left,0.0,1.0,2,0.4007947575300932,True,nan,0.0,0,-0.75,0.75,0.75,hm,73
1,16,1.0,16.0,late,4.0,False,True,2,True,1,2,0.3,0.7,False,False,4.0,right,0.0,1.0,2,0.5202954637352377,True,nan,1.0,1,0.25,1.0,0.25,hm,73
1,17,1.0,17.0,late,4.0,False,True,2,False,2,1,0.3,0.7,False,False,4.0,right,1.0,0.0,1,0.5837317823898047,False,0.0,nan,0,-0.25,0.75,0.25,hm,73
1,18,1.0,18.0,late,4.0,False,True,2,False,2,1,0.3,0.7,False,False,1.0,left,0.0,1.0,2,0.5769574884325266,True,nan,1.0,1,0.75,1.5,0.75,hm,73
1,19,1.0,19.0,late,4.0,False,True,2,False,2,1,0.3,0.7,False,False,1.0,left,0.0,1.0,2,0.44654477573931217,True,nan,1.0,1,0.5,2.0,0.5,hm,73
1,20,1.0,20.0,late,4.0,False,True,2,True,1,2,0.3,0.7,False,False,4.0,right,0.0,1.0,2,0.4823531412985176,True,nan,1.0,1,0.5,2.5,0.5,hm,73
1,21,1.0,21.0,late,5.0,False,True,2,False,2,1,0.3,0.7,True,False,1.0,left,0.0,1.0,2,0.47799959941767156,True,nan,1.0,1,0.25,2.75,0.25,hm,73
1,22,1.0,22.0,late,5.0,False,True,2,True,1,2,0.3,0.7,True,False,1.0,left,1.0,0.0,1,1.8276263107545674,False,0.0,nan,0,-0.25,2.5,0.25,hm,73
1,23,1.0,23.0,late,5.0,False,True,2,True,1,2,0.3,0.7,True,True,4.0,right,0.0,1.0,2,2.5127376141026616,True,nan,0.0,0,-0.25,2.25,0.25,hm,73
1,24,2.0,1.0,early,1.0,True,False,1,True,1,2,0.7,0.3,False,False,1.0,left,1.0,0.0,1,0.5034707223530859,True,0.0,nan,0,-0.5,1.75,0.5,hm,73
1,25,2.0,2.0,early,1.0,True,False,1,True,1,2,0.7,0.3,False,False,4.0,right,0.0,1.0,2,0.48705418058671057,False,nan,1.0,1,0.75,2.5,0.75,hm,73
1,26,2.0,3.0,early,1.0,True,False,1,False,2,1,0.7,0.3,False,False,4.0,right,1.0,0.0,1,0.32343420130200684,True,1.0,nan,1,0.5,3.0,0.5,hm,73
1,27,2.0,4.0,early,1.0,True,False,1,True,1,2,0.7,0.3,False,False,4.0,right,0.0,1.0,2,0.5961273242719471,False,nan,0.0,0,-0.25,2.75,0.25,hm,73
1,28,2.0,5.0,early,1.0,True,False,1,True,1,2,0.7,0.3,False,False,4.0,right,0.0,1.0,2,0.42673654155805707,False,nan,0.0,0,-0.5,2.25,0.5,hm,73
1,29,2.0,6.0,late,2.0,True,False,1,True,1,2,0.7,0.3,False,False,1.0,left,1.0,0.0,1,0.5002238941378891,True,1.0,nan,1,0.75,3.0,0.75,hm,73
1,30,2.0,7.0,late,2.0,True,False,1,False,2,1,0.7,0.3,False,False,4.0,right,1.0,0.0,1,0.6956030870787799,True,1.0,nan,1,0.25,3.25,0.25,hm,73
1,31,2.0,8.0,late,2.0,True,False,1,False,2,1,0.7,0.3,False,False,4.0,right,1.0,0.0,1,0.4141146130859852,True,1.0,nan,1,0.25,3.5,0.25,hm,73
1,32,2.0,9.0,late,2.0,True,False,1,False,2,1,0.7,0.3,True,False,4.0,right,1.0,0.0,1,0.4396206324454397,True,1.0,nan,1,0.5,4.0,0.5,hm,73
1,33,2.0,10.0,late,2.0,True,False,1,True,1,2,0.7,0.3,True,False,1.0,left,1.0,0.0,1,0.3621732753235847,True,1.0,nan,1,0.25,4.25,0.25,hm,73
1,34,2.0,11.0,late,3.0,True,False,1,True,1,2,0.7,0.3,True,True,4.0,right,0.0,1.0,2,0.5178002268075943,False,nan,0.0,0,-0.75,3.5,0.75,hm,73
1,35,3.0,1.0,early,1.0,False,True,2,True,1,2,0.3,0.7,False,False,1.0,left,1.0,0.0,1,0.3742119357921183,False,0.0,nan,0,-0.75,2.75,0.75,hm,73
1,36,3.0,2.0,early,1.0,False,True,2,True,1,2,0.3,0.7,False,False,4.0,right,0.0,1.0,2,0.9775965316221118,True,nan,0.0,0,-0.5,2.25,0.5,hm,73
1,37,3.0,3.0,early,1.0,False,True,2,False,2,1,0.3,0.7,False,False,1.0,left,0.0,1.0,2,0.7701901148539037,True,nan,0.0,0,-0.25,2.0,0.25,hm,73
1,38,3.0,4.0,early,1.0,False,True,2,True,1,2,0.3,0.7,False,False,4.0,right,0.0,1.0,2,0.5756736539769918,True,nan,1.0,1,0.5,2.5,0.5,hm,73
1,39,3.0,5.0,early,1.0,False,True,2,False,2,1,0.3,0.7,False,False,4.0,right,1.0,0.0,1,0.6638646936044097,False,0.0,nan,0,-0.75,1.75,0.75,hm,73
1,40,3.0,6.0,early,2.0,False,True,2,True,1,2,0.3,0.7,False,False,1.0,left,1.0,0.0,1,0.476851245155558,False,1.0,nan,1,0.25,2.0,0.25,hm,73
1,41,3.0,7.0,early,2.0,False,True,2,False,2,1,0.3,0.7,False,False,1.0,left,0.0,1.0,2,0.40032526943832636,True,nan,0.0,0,-0.5,1.5,0.5,hm,73
1,42,3.0,8.0,early,2.0,False,True,2,False,2,1,0.3,0.7,False,False,4.0,right,1.0,0.0,1,0.5858364147134125,False,0.0,nan,0,-0.25,1.25,0.25,hm,73
1,43,3.0,9.0,early,2.0,False,True,2,True,1,2,0.3,0.7,False,False,4.0,right,0.0,1.0,2,0.759469891898334,True,nan,1.0,1,0.75,2.0,0.75,hm,73
1,44,3.0,10.0,late,2.0,False,True,2,True,1,2,0.3,0.7,False,False,4.0,right,0.0,1.0,2,0.4170239146333188,True,nan,1.0,1,0.5,2.5,0.5,hm,73
1,45,3.0,11.0,late,3.0,False,True,2,False,2,1,0.3,0.7,False,False,4.0,right,1.0,0.0,1,0.5095368253532797,False,1.0,nan,1,0.25,2.75,0.25,hm,73
1,46,3.0,12.0,late,3.0,False,True,2,False,2,1,0.3,0.7,False,False,1.0,left,0.0,1.0,2,0.38810215680859983,True,nan,0.0,0,-0.75,2.0,0.75,hm,73
1,47,3.0,13.0,late,3.0,False,True,2,True,1,2,0.3,0.7,False,False,4.0,right,0.0,1.0,2,0.3646591284777969,True,nan,1.0,1,0.5,2.5,0.5,hm,73
1,48,3.0,14.0,late,3.0,False,True,2,False,2,1,0.3,0.7,False,False,1.0,left,0.0,1.0,2,0.5768610099330544,True,nan,1.0,1,0.75,3.25,0.75,hm,73
1,49,3.0,15.0,late,3.0,False,True,2,True,1,2,0.3,0.7,True,False,4.0,right,0.0,1.0,2,0.7235846957191825,True,nan,1.0,1,0.25,3.5,0.25,hm,73
1,50,3.0,16.0,late,4.0,False,True,2,False,2,1,0.3,0.7,True,False,4.0,right,1.0,0.0,1,1.0560831553302705,False,0.0,nan,0,-0.5,3.0,0.5,hm,73
1,51,3.0,17.0,late,4.0,False,True,2,True,1,2,0.3,0.7,True,False,1.0,left,1.0,0.0,1,0.845578879583627,False,1.0,nan,1,0.5,3.5,0.5,hm,73
1,52,3.0,18.0,late,4.0,False,True,2,False,2,1,0.3,0.7,True,True,4.0,right,1.0,0.0,1,0.6400404444430023,False,0.0,nan,0,-0.25,3.25,0.25,hm,73
1,53,4.0,1.0,early,1.0,True,False,1,True,1,2,0.7,0.3,False,False,4.0,right,0.0,1.0,2,0.376643831608817,False,nan,0.0,0,-0.5,2.75,0.5,hm,73
1,54,4.0,2.0,early,1.0,True,False,1,True,1,2,0.7,0.3,False,False,1.0,left,1.0,0.0,1,0.4343201967421919,True,1.0,nan,1,0.75,3.5,0.75,hm,73
1,55,4.0,3.0,early,1.0,True,False,1,True,1,2,0.7,0.3,False,False,1.0,left,1.0,0.0,1,0.3856394700706005,True,1.0,nan,1,0.25,3.75,0.25,hm,73
1,56,4.0,4.0,early,1.0,True,False,1,True,1,2,0.7,0.3,False,False,4.0,right,0.0,1.0,2,0.964212454855442,False,nan,1.0,1,0.25,4.0,0.25,hm,73
1,57,4.0,5.0,early,1.0,True,False,1,False,2,1,0.7,0.3,False,False,4.0,right,1.0,0.0,1,0.2687554049771279,True,0.0,nan,0,-0.5,3.5,0.5,hm,73
1,58,4.0,6.0,early,2.0,True,False,1,False,2,1,0.7,0.3,False,False,4.0,right,1.0,0.0,1,1.622280245879665,True,0.0,nan,0,-0.25,3.25,0.25,hm,73
1,59,4.0,7.0,early,2.0,True,False,1,True,1,2,0.7,0.3,False,False,4.0,right,0.0,1.0,2,0.4218504633754492,False,nan,1.0,1,0.5,3.75,0.5,hm,73
1,60,4.0,8.0,early,2.0,True,False,1,False,2,1,0.7,0.3,False,False,4.0,right,1.0,0.0,1,1.0645738227758557,True,1.0,nan,1,0.75,4.5,0.75,hm,73
1,61,4.0,9.0,early,2.0,True,False,1,False,2,1,0.7,0.3,False,False,4.0,right,1.0,0.0,1,0.5348648438230157,True,1.0,nan,1,0.75,5.25,0.75,hm,73
1,62,4.0,10.0,late,2.0,True,False,1,False,2,1,0.7,0.3,False,False,1.0,left,0.0,1.0,2,0.5213875146582723,False,nan,1.0,1,0.5,5.75,0.5,hm,73
1,63,4.0,11.0,late,3.0,True,False,1,False,2,1,0.7,0.3,False,False,4.0,right,1.0,0.0,1,0.4359702963847667,True,1.0,nan,1,0.25,6.0,0.25,hm,73
1,64,4.0,12.0,late,3.0,True,False,1,False,2,1,0.7,0.3,False,False,4.0,right,1.0,0.0,1,0.279540435411036,True,1.0,nan,1,0.25,6.25,0.25,hm,73
1,65,4.0,13.0,late,3.0,True,False,1,True,1,2,0.7,0.3,False,False,4.0,right,0.0,1.0,2,0.3377223580610007,False,nan,1.0,1,0.25,6.5,0.25,hm,73
1,66,4.0,14.0,late,3.0,True,False,1,False,2,1,0.7,0.3,False,False,4.0,right,1.0,0.0,1,2.0139239439740777,True,1.0,nan,1,0.5,7.0,0.5,hm,73
1,67,4.0,15.0,late,3.0,True,False,1,True,1,2,0.7,0.3,False,False,4.0,right,0.0,1.0,2,1.1609825175255537,False,nan,0.0,0,-0.5,6.5,0.5,hm,73
1,68,4.0,16.0,late,4.0,True,False,1,False,2,1,0.7,0.3,False,False,1.0,left,0.0,1.0,2,0.7114263905677944,False,nan,0.0,0,-0.75,5.75,0.75,hm,73
1,69,4.0,17.0,late,4.0,True,False,1,True,1,2,0.7,0.3,False,False,4.0,right,0.0,1.0,2,1.0739398321602494,False,nan,0.0,0,-0.75,5.0,0.75,hm,73
1,70,4.0,18.0,late,4.0,True,False,1,False,2,1,0.7,0.3,False,False,4.0,right,1.0,0.0,1,0.4574098624289036,True,0.0,nan,0,-0.5,4.5,0.5,hm,73
