sessNo,trialNo,block,blockTrialNo,trialClass,blockBin,stim1_High,stim2_High,stimHigh,stim1_left,leftStim,rightStim,stim1_pWin,stim2_pWin,reverseStatus,reverseTrial,responseKey,response_LR,selected_stim1,selected_stim2,response_stimID,RT,highChosen,stim1_isWin,stim2_isWin,isWin,payOut,accum_payOut,abs_outMag,instructCond,subID
1,1,1.0,1.0,early,1.0,True,False,1,True,1,2,0.7,0.3,False,False,4.0,right,0.0,1.0,2.0,1.2468583737500012,False,nan,0.0,0.0,-0.5,-0.5,0.5,rl,70
1,2,1.0,2.0,early,1.0,True,False,1,True,1,2,0.7,0.3,False,False,1.0,left,1.0,0.0,1.0,0.47062942781485617,True,1.0,nan,1.0,0.25,-0.25,0.25,rl,70
1,3,1.0,3.0,early,1.0,True,False,1,False,2,1,0.7,0.3,False,False,4.0,right,1.0,0.0,1.0,0.5146073558134958,True,1.0,nan,1.0,0.5,0.25,0.5,rl,70
1,4,1.0,4.0,early,1.0,True,False,1,False,2,1,0.7,0.3,False,False,1.0,left,0.0,1.0,2.0,0.8951610466465354,False,nan,0.0,0.0,-0.75,-0.5,0.75,rl,70
1,5,1.0,5.0,late,1.0,True,False,1,True,1,2,0.7,0.3,False,False,4.0,right,0.0,1.0,2.0,1.3336582508636639,False,nan,0.0,0.0,-0.25,-0.75,0.25,rl,70
1,6,1.0,6.0,late,2.0,True,False,1,True,1,2,0.7,0.3,False,False,1.0,left,1.0,0.0,1.0,0.6788666128413752,True,1.0,nan,1.0,0.25,-0.5,0.25,rl,70
1,7,1.0,7.0,late,2.0,True,False,1,True,1,2,0.7,0.3,False,False,1.0,left,1.0,0.0,1.0,0.5055574665311724,True,1.0,nan,1.0,0.75,0.25,0.75,rl,70
1,8,1.0,8.0,late,2.0,True,False,1,False,2,1,0.7,0.3,False,False,4.0,right,1.0,0.0,1.0,0.6154871841426939,True,0.0,nan,0.0,-0.75,-0.5,0.75,rl,70
1,9,1.0,9.0,late,2.0,True,False,1,False,2,1,0.7,0.3,True,True,4.0,right,1.0,0.0,1.0,0.769419462303631,True,1.0,nan,1.0,0.5,0.0,0.5,rl,70
1,10,2.0,1.0,early,1.0,False,True,2,True,1,2,0.3,0.7,False,False,1.0,left,1.0,0.0,1.0,0.8561246204189956,False,0.0,nan,0.0,-0.5,-0.5,0.5,rl,70
1,11,2.0,2.0,early,1.0,False,True,2,False,2,1,0.3,0.7,False,False,4.0,right,1.0,0.0,1.0,0.8145621664589271,False,0.0,nan,0.0,-0.25,-0.75,0.25,rl,70
1,12,2.0,3.0,early,1.0,False,True,2,True,1,2,0.3,0.7,False,False,4.0,right,0.0,1.0,2.0,1.118304552626796,True,nan,0.0,0.0,-0.75,-1.5,0.75,rl,70
1,13,2.0,4.0,early,1.0,False,True,2,False,2,1,0.3,0.7,False,False,4.0,right,1.0,0.0,1.0,1.279975613579154,False,1.0,nan,1.0,0.5,-1.0,0.5,rl,70
1,14,2.0,5.0,early,1.0,False,True,2,False,2,1,0.3,0.7,False,False,4.0,right,1.0,0.0,1.0,0.7297906774329022,False,0.0,nan,0.0,-0.5,-1.5,0.5,rl,70
1,15,2.0,6.0,early,2.0,False,True,2,True,1,2,0.3,0.7,False,False,4.0,right,0.0,1.0,2.0,0.7829507489223033,True,nan,1.0,1.0,0.75,-0.75,0.75,rl,70
1,16,2.0,7.0,late,2.0,False,True,2,False,2,1,0.3,0.7,False,False,1.0,left,0.0,1.0,2.0,0.6874848428415135,True,nan,1.0,1.0,0.25,-0.5,0.25,rl,70
1,17,2.0,8.0,late,2.0,False,True,2,False,2,1,0.3,0.7,False,False,1.0,left,0.0,1.0,2.0,0.7630823991494253,True,nan,1.0,1.0,0.5,0.0,0.5,rl,70
1,18,2.0,9.0,late,2.0,False,True,2,True,1,2,0.3,0.7,True,False,4.0,right,0.0,1.0,2.0,0.6796322802547365,True,nan,0.0,0.0,-0.75,-0.75,0.75,rl,70
1,19,2.0,10.0,late,2.0,False,True,2,True,1,2,0.3,0.7,True,False,1.0,left,1.0,0.0,1.0,0.7879104318562895,False,0.0,nan,0.0,-0.5,-1.25,0.5,rl,70
1,20,2.0,11.0,late,3.0,False,True,2,False,2,1,0.3,0.7,True,False,4.0,right,1.0,0.0,1.0,0.5505585324717686,False,0.0,nan,0.0,-0.25,-1.5,0.25,rl,70
1,21,2.0,12.0,late,3.0,False,True,2,True,1,2,0.3,0.7,True,True,1.0,left,1.0,0.0,1.0,1.1956976590445265,False,0.0,nan,0.0,-0.5,-2.0,0.5,rl,70
1,22,3.0,1.0,early,1.0,True,False,1,False,2,1,0.7,0.3,False,False,4.0,right,1.0,0.0,1.0,1.4876779165351763,True,0.0,nan,0.0,-0.75,-2.75,0.75,rl,70
1,23,3.0,2.0,early,1.0,True,False,1,True,1,2,0.7,0.3,False,False,4.0,right,0.0,1.0,2.0,1.467074983404018,False,nan,0.0,0.0,-0.25,-3.0,0.25,rl,70
1,24,3.0,3.0,early,1.0,True,False,1,False,2,1,0.7,0.3,False,False,4.0,right,1.0,0.0,1.0,1.36063871497754,True,1.0,nan,1.0,0.5,-2.5,0.5,rl,70
1,25,3.0,4.0,early,1.0,True,False,1,False,2,1,0.7,0.3,False,False,4.0,right,1.0,0.0,1.0,2.119966088910587,True,1.0,nan,1.0,0.5,-2.0,0.5,rl,70
1,26,3.0,5.0,early,1.0,True,False,1,True,1,2,0.7,0.3,False,False,1.0,left,1.0,0.0,1.0,0.975392782012932,True,0.0,nan,0.0,-0.25,-2.25,0.25,rl,70
1,27,3.0,6.0,early,2.0,True,False,1,True,1,2,0.7,0.3,False,False,4.0,right,0.0,1.0,2.0,0.7719994474900886,False,nan,1.0,1.0,0.5,-1.75,0.5,rl,70
1,28,3.0,7.0,early,2.0,True,False,1,False,2,1,0.7,0.3,False,False,1.0,left,0.0,1.0,2.0,0.9736679045017809,False,nan,0.0,0.0,-0.75,-2.5,0.75,rl,70
1,29,3.0,8.0,early,2.0,True,False,1,True,1,2,0.7,0.3,False,False,4.0,right,0.0,1.0,2.0,0.3643465273780748,False,nan,1.0,1.0,0.75,-1.75,0.75,rl,70
1,30,3.0,9.0,early,2.0,True,False,1,True,1,2,0.7,0.3,False,False,4.0,right,0.0,1.0,2.0,0.902896017418243,False,nan,1.0,1.0,0.5,-1.25,0.5,rl,70
1,31,3.0,10.0,early,2.0,True,False,1,True,1,2,0.7,0.3,False,False,1.0,left,1.0,0.0,1.0,0.518988169496879,True,1.0,nan,1.0,0.25,-1.0,0.25,rl,70
1,32,3.0,11.0,early,3.0,True,False,1,False,2,1,0.7,0.3,False,False,4.0,right,1.0,0.0,1.0,0.9018734657438472,True,1.0,nan,1.0,0.75,-0.25,0.75,rl,70
1,33,3.0,12.0,early,3.0,True,False,1,False,2,1,0.7,0.3,False,False,1.0,left,0.0,1.0,2.0,0.5884260770399123,False,nan,0.0,0.0,-0.75,-1.0,0.75,rl,70
1,34,3.0,13.0,early,3.0,True,False,1,True,1,2,0.7,0.3,False,False,4.0,right,0.0,1.0,2.0,0.9751130245858803,False,nan,0.0,0.0,-0.5,-1.5,0.5,rl,70
1,35,3.0,14.0,early,3.0,True,False,1,False,2,1,0.7,0.3,False,False,4.0,right,1.0,0.0,1.0,0.8995010992512107,True,1.0,nan,1.0,0.25,-1.25,0.25,rl,70
1,36,3.0,15.0,early,3.0,True,False,1,False,2,1,0.7,0.3,False,False,4.0,right,1.0,0.0,1.0,0.8247812306508422,True,0.0,nan,0.0,-0.5,-1.75,0.5,rl,70
1,37,3.0,16.0,late,4.0,True,False,1,True,1,2,0.7,0.3,False,False,4.0,right,0.0,1.0,2.0,1.442317916546017,False,nan,1.0,1.0,0.5,-1.25,0.5,rl,70
1,38,3.0,17.0,late,4.0,True,False,1,True,1,2,0.7,0.3,False,False,1.0,left,1.0,0.0,1.0,0.9908779721008614,True,0.0,nan,0.0,-0.5,-1.75,0.5,rl,70
1,39,3.0,18.0,late,4.0,True,False,1,False,2,1,0.7,0.3,False,False,1.0,left,0.0,1.0,2.0,0.6246584774926305,False,nan,0.0,0.0,-0.25,-2.0,0.25,rl,70
1,40,3.0,19.0,late,4.0,True,False,1,False,2,1,0.7,0.3,False,False,4.0,right,1.0,0.0,1.0,1.062727834447287,True,1.0,nan,1.0,0.75,-1.25,0.75,rl,70
1,41,3.0,20.0,late,4.0,True,False,1,True,1,2,0.7,0.3,False,False,4.0,right,0.0,1.0,2.0,0.6444470641436055,False,nan,1.0,1.0,0.5,-0.75,0.5,rl,70
1,42,3.0,21.0,late,5.0,True,False,1,True,1,2,0.7,0.3,False,False,4.0,right,0.0,1.0,2.0,0.583749377168715,False,nan,0.0,0.0,-0.5,-1.25,0.5,rl,70
1,43,3.0,22.0,late,5.0,True,False,1,True,1,2,0.7,0.3,False,False,1.0,left,1.0,0.0,1.0,0.6166757133323699,True,0.0,nan,0.0,-0.75,-2.0,0.75,rl,70
1,44,3.0,23.0,late,5.0,True,False,1,False,2,1,0.7,0.3,False,False,4.0,right,1.0,0.0,1.0,0.8768146478105336,True,0.0,nan,0.0,-0.5,-2.5,0.5,rl,70
1,45,3.0,24.0,late,5.0,True,False,1,False,2,1,0.7,0.3,False,False,1.0,left,0.0,1.0,2.0,2.030877714045346,False,nan,0.0,0.0,-0.25,-2.75,0.25,rl,70
1,46,3.0,25.0,late,5.0,True,False,1,False,2,1,0.7,0.3,False,False,4.0,right,1.0,0.0,1.0,0.5696057913592085,True,1.0,nan,1.0,0.5,-2.25,0.5,rl,70
1,47,3.0,26.0,late,6.0,True,False,1,True,1,2,0.7,0.3,False,False,1.0,left,1.0,0.0,1.0,1.4447899868246168,True,1.0,nan,1.0,0.25,-2.0,0.25,rl,70
1,48,3.0,27.0,late,6.0,True,False,1,True,1,2,0.7,0.3,False,False,1.0,left,1.0,0.0,1.0,0.890172039042227,True,1.0,nan,1.0,0.75,-1.25,0.75,rl,70
1,49,3.0,28.0,late,6.0,True,False,1,False,2,1,0.7,0.3,True,False,4.0,right,1.0,0.0,1.0,1.058549067704007,True,0.0,nan,0.0,-0.75,-2.0,0.75,rl,70
1,50,3.0,29.0,late,6.0,True,False,1,True,1,2,0.7,0.3,True,False,4.0,right,0.0,1.0,2.0,0.8944006577366963,False,nan,0.0,0.0,-0.25,-2.25,0.25,rl,70
1,51,3.0,30.0,late,6.0,True,False,1,True,1,2,0.7,0.3,True,False,4.0,right,0.0,1.0,2.0,0.5829153833910823,False,nan,0.0,0.0,-0.25,-2.5,0.25,rl,70
1,52,3.0,31.0,late,7.0,True,False,1,True,1,2,0.7,0.3,True,True,nan,nan,nan,nan,nan,nan,False,nan,nan,nan,nan,nan,nan,rl,70
1,53,4.0,1.0,early,1.0,False,True,2,True,1,2,0.3,0.7,False,False,4.0,right,0.0,1.0,2.0,0.4160248227417469,True,nan,0.0,0.0,-0.25,-2.75,0.25,rl,70
1,54,4.0,2.0,early,1.0,False,True,2,False,2,1,0.3,0.7,False,False,1.0,left,0.0,1.0,2.0,0.7093830468365923,True,nan,0.0,0.0,-0.75,-3.5,0.75,rl,70
1,55,4.0,3.0,early,1.0,False,True,2,True,1,2,0.3,0.7,False,False,4.0,right,0.0,1.0,2.0,0.8077368474332616,True,nan,1.0,1.0,0.5,-3.0,0.5,rl,70
1,56,4.0,4.0,late,1.0,False,True,2,True,1,2,0.3,0.7,True,False,4.0,right,0.0,1.0,2.0,0.4941287593683228,True,nan,1.0,1.0,0.5,-2.5,0.5,rl,70
1,57,4.0,5.0,late,1.0,False,True,2,True,1,2,0.3,0.7,True,False,4.0,right,0.0,1.0,2.0,0.5649279184872285,True,nan,0.0,0.0,-0.75,-3.25,0.75,rl,70
1,58,4.0,6.0,late,2.0,False,True,2,False,2,1,0.3,0.7,True,True,1.0,left,0.0,1.0,2.0,0.872282518655993,True,nan,1.0,1.0,0.5,-2.75,0.5,rl,70
1,59,5.0,1.0,early,1.0,True,False,1,True,1,2,0.7,0.3,False,False,4.0,right,0.0,1.0,2.0,0.5542273431783542,False,nan,0.0,0.0,-0.5,-3.25,0.5,rl,70
1,60,5.0,2.0,early,1.0,True,False,1,True,1,2,0.7,0.3,False,False,4.0,right,0.0,1.0,2.0,1.9414729258278385,False,nan,0.0,0.0,-0.25,-3.5,0.25,rl,70
1,61,5.0,3.0,early,1.0,True,False,1,False,2,1,0.7,0.3,False,False,1.0,left,0.0,1.0,2.0,0.8462325264699757,False,nan,0.0,0.0,-0.5,-4.0,0.5,rl,70
1,62,5.0,4.0,early,1.0,True,False,1,False,2,1,0.7,0.3,False,False,4.0,right,1.0,0.0,1.0,0.46672543336171657,True,1.0,nan,1.0,0.75,-3.25,0.75,rl,70
1,63,5.0,5.0,early,1.0,True,False,1,False,2,1,0.7,0.3,False,False,4.0,right,1.0,0.0,1.0,0.45134991768281907,True,1.0,nan,1.0,0.25,-3.0,0.25,rl,70
1,64,5.0,6.0,late,2.0,True,False,1,False,2,1,0.7,0.3,False,False,4.0,right,1.0,0.0,1.0,0.49265636724885553,True,1.0,nan,1.0,0.5,-2.5,0.5,rl,70
1,65,5.0,7.0,late,2.0,True,False,1,False,2,1,0.7,0.3,True,False,4.0,right,1.0,0.0,1.0,0.3259526048786938,True,0.0,nan,0.0,-0.25,-2.75,0.25,rl,70
1,66,5.0,8.0,late,2.0,True,False,1,True,1,2,0.7,0.3,True,False,4.0,right,0.0,1.0,2.0,0.9058378691552207,False,nan,0.0,0.0,-0.75,-3.5,0.75,rl,70
1,67,5.0,9.0,late,2.0,True,False,1,True,1,2,0.7,0.3,True,False,1.0,left,1.0,0.0,1.0,0.653367631486617,True,1.0,nan,1.0,0.75,-2.75,0.75,rl,70
1,68,5.0,10.0,late,2.0,True,False,1,True,1,2,0.7,0.3,True,True,1.0,left,1.0,0.0,1.0,0.8048782777041197,True,0.0,nan,0.0,-0.25,-3.0,0.25,rl,70
1,69,6.0,1.0,early,1.0,False,True,2,False,2,1,0.3,0.7,False,False,1.0,left,0.0,1.0,2.0,0.7450345254037529,True,nan,1.0,1.0,0.5,-2.5,0.5,rl,70
1,70,6.0,2.0,late,1.0,False,True,2,False,2,1,0.3,0.7,False,False,4.0,right,1.0,0.0,1.0,1.0905053433962166,False,1.0,nan,1.0,0.25,-2.25,0.25,rl,70
