sessNo,trialNo,block,blockTrialNo,trialClass,blockBin,stim1_High,stim2_High,stimHigh,stim1_left,leftStim,rightStim,stim1_pWin,stim2_pWin,reverseStatus,reverseTrial,responseKey,response_LR,selected_stim1,selected_stim2,response_stimID,RT,highChosen,stim1_isWin,stim2_isWin,isWin,payOut,accum_payOut,abs_outMag,instructCond,subID
1,1,1.0,1.0,early,1.0,True,False,1,False,2,1,0.65,0.35,False,False,1.0,left,0.0,1.0,2,0.7892926910426468,False,nan,1.0,1,0.25,0.25,0.25,rl,7
1,2,1.0,2.0,early,1.0,True,False,1,False,2,1,0.65,0.35,False,False,1.0,left,0.0,1.0,2,0.5465594329871237,False,nan,0.0,0,-0.5,-0.25,0.5,rl,7
1,3,1.0,3.0,early,1.0,True,False,1,True,1,2,0.65,0.35,False,False,4.0,right,0.0,1.0,2,0.9974063909612596,False,nan,1.0,1,0.5,0.25,0.5,rl,7
1,4,1.0,4.0,early,1.0,True,False,1,False,2,1,0.65,0.35,False,False,4.0,right,1.0,0.0,1,0.78069092403166,True,1.0,nan,1,0.25,0.5,0.25,rl,7
1,5,1.0,5.0,early,1.0,True,False,1,True,1,2,0.65,0.35,False,False,4.0,right,0.0,1.0,2,1.6729515310144052,False,nan,0.0,0,-0.5,0.0,0.5,rl,7
1,6,1.0,6.0,early,2.0,True,False,1,True,1,2,0.65,0.35,False,False,1.0,left,1.0,0.0,1,1.1095788050442934,True,0.0,nan,0,-0.5,-0.5,0.5,rl,7
1,7,1.0,7.0,early,2.0,True,False,1,False,2,1,0.65,0.35,False,False,1.0,left,0.0,1.0,2,0.5281101639848202,False,nan,0.0,0,-0.5,-1.0,0.5,rl,7
1,8,1.0,8.0,early,2.0,True,False,1,False,2,1,0.65,0.35,False,False,4.0,right,1.0,0.0,1,0.9588113179197535,True,1.0,nan,1,0.25,-0.75,0.25,rl,7
1,9,1.0,9.0,early,2.0,True,False,1,True,1,2,0.65,0.35,False,False,1.0,left,1.0,0.0,1,0.5724600930698216,True,0.0,nan,0,-0.5,-1.25,0.5,rl,7
1,10,1.0,10.0,early,2.0,True,False,1,False,2,1,0.65,0.35,False,False,1.0,left,0.0,1.0,2,0.7229048409499228,False,nan,1.0,1,0.5,-0.75,0.5,rl,7
1,11,1.0,11.0,early,3.0,True,False,1,False,2,1,0.65,0.35,False,False,4.0,right,1.0,0.0,1,1.1581923619378358,True,1.0,nan,1,0.25,-0.5,0.25,rl,7
1,12,1.0,12.0,late,3.0,True,False,1,False,2,1,0.65,0.35,False,False,1.0,left,0.0,1.0,2,0.8164049980696291,False,nan,1.0,1,0.5,0.0,0.5,rl,7
1,13,1.0,13.0,late,3.0,True,False,1,False,2,1,0.65,0.35,False,False,1.0,left,0.0,1.0,2,0.6163357810582966,False,nan,1.0,1,0.5,0.5,0.5,rl,7
1,14,1.0,14.0,late,3.0,True,False,1,True,1,2,0.65,0.35,False,False,4.0,right,0.0,1.0,2,0.3561039350461215,False,nan,0.0,0,-0.5,0.0,0.5,rl,7
1,15,1.0,15.0,late,3.0,True,False,1,False,2,1,0.65,0.35,False,False,4.0,right,1.0,0.0,1,0.5240105370758101,True,0.0,nan,0,-0.75,-0.75,0.75,rl,7
1,16,1.0,16.0,late,4.0,True,False,1,True,1,2,0.65,0.35,False,False,4.0,right,0.0,1.0,2,0.8958557019941509,False,nan,1.0,1,0.25,-0.5,0.25,rl,7
1,17,1.0,17.0,late,4.0,True,False,1,True,1,2,0.65,0.35,False,False,4.0,right,0.0,1.0,2,1.190466376952827,False,nan,1.0,1,0.25,-0.25,0.25,rl,7
1,18,1.0,18.0,late,4.0,True,False,1,False,2,1,0.65,0.35,False,False,4.0,right,1.0,0.0,1,0.8093521799892187,True,1.0,nan,1,0.25,0.0,0.25,rl,7
1,19,1.0,19.0,late,4.0,True,False,1,True,1,2,0.65,0.35,False,False,4.0,right,0.0,1.0,2,0.865399218047969,False,nan,0.0,0,-0.75,-0.75,0.75,rl,7
1,20,1.0,20.0,late,4.0,True,False,1,True,1,2,0.65,0.35,False,False,1.0,left,1.0,0.0,1,0.49791828205343336,True,1.0,nan,1,0.75,0.0,0.75,rl,7
1,21,1.0,21.0,late,5.0,True,False,1,False,2,1,0.65,0.35,False,False,4.0,right,1.0,0.0,1,0.6678562320303172,True,1.0,nan,1,0.5,0.5,0.5,rl,7
1,22,1.0,22.0,late,5.0,True,False,1,False,2,1,0.65,0.35,False,False,4.0,right,1.0,0.0,1,0.37324483902193606,True,1.0,nan,1,0.75,1.25,0.75,rl,7
1,23,1.0,23.0,late,5.0,True,False,1,False,2,1,0.65,0.35,True,True,4.0,right,1.0,0.0,1,0.8081099799601361,True,1.0,nan,1,0.25,1.5,0.25,rl,7
1,24,2.0,1.0,early,1.0,False,True,2,False,2,1,0.35,0.65,False,False,4.0,right,1.0,0.0,1,1.1098989950260147,False,0.0,nan,0,-0.75,0.75,0.75,rl,7
1,25,2.0,2.0,early,1.0,False,True,2,False,2,1,0.35,0.65,False,False,1.0,left,0.0,1.0,2,0.8362380519974977,True,nan,0.0,0,-0.5,0.25,0.5,rl,7
1,26,2.0,3.0,early,1.0,False,True,2,True,1,2,0.35,0.65,False,False,1.0,left,1.0,0.0,1,1.5801488800207153,False,1.0,nan,1,0.5,0.75,0.5,rl,7
1,27,2.0,4.0,early,1.0,False,True,2,False,2,1,0.35,0.65,False,False,4.0,right,1.0,0.0,1,0.37388698698487133,False,0.0,nan,0,-0.5,0.25,0.5,rl,7
1,28,2.0,5.0,early,1.0,False,True,2,False,2,1,0.35,0.65,False,False,4.0,right,1.0,0.0,1,0.43027936201542616,False,0.0,nan,0,-0.25,0.0,0.25,rl,7
1,29,2.0,6.0,late,2.0,False,True,2,False,2,1,0.35,0.65,False,False,4.0,right,1.0,0.0,1,0.7146884449757636,False,0.0,nan,0,-0.75,-0.75,0.75,rl,7
1,30,2.0,7.0,late,2.0,False,True,2,False,2,1,0.35,0.65,False,False,1.0,left,0.0,1.0,2,0.5526604410260916,True,nan,1.0,1,0.5,-0.25,0.5,rl,7
1,31,2.0,8.0,late,2.0,False,True,2,False,2,1,0.35,0.65,False,False,1.0,left,0.0,1.0,2,0.6450007850071415,True,nan,0.0,0,-0.5,-0.75,0.5,rl,7
1,32,2.0,9.0,late,2.0,False,True,2,False,2,1,0.35,0.65,False,False,1.0,left,0.0,1.0,2,1.0093431520508602,True,nan,0.0,0,-0.5,-1.25,0.5,rl,7
1,33,2.0,10.0,late,2.0,False,True,2,True,1,2,0.35,0.65,True,False,4.0,right,0.0,1.0,2,2.5378124190028757,True,nan,1.0,1,0.75,-0.5,0.75,rl,7
1,34,2.0,11.0,late,3.0,False,True,2,True,1,2,0.35,0.65,True,True,4.0,right,0.0,1.0,2,0.7240869029192254,True,nan,0.0,0,-0.5,-1.0,0.5,rl,7
1,35,3.0,1.0,early,1.0,True,False,1,True,1,2,0.65,0.35,False,False,1.0,left,1.0,0.0,1,0.6873331380775198,True,0.0,nan,0,-0.25,-1.25,0.25,rl,7
1,36,3.0,2.0,early,1.0,True,False,1,False,2,1,0.65,0.35,False,False,1.0,left,0.0,1.0,2,1.396431760978885,False,nan,0.0,0,-0.5,-1.75,0.5,rl,7
1,37,3.0,3.0,early,1.0,True,False,1,False,2,1,0.65,0.35,False,False,4.0,right,1.0,0.0,1,0.5154162379913032,True,0.0,nan,0,-0.75,-2.5,0.75,rl,7
1,38,3.0,4.0,early,1.0,True,False,1,False,2,1,0.65,0.35,False,False,4.0,right,1.0,0.0,1,0.5653999000787735,True,0.0,nan,0,-0.75,-3.25,0.75,rl,7
1,39,3.0,5.0,early,1.0,True,False,1,True,1,2,0.65,0.35,False,False,4.0,right,0.0,1.0,2,0.8905014480696991,False,nan,1.0,1,0.5,-2.75,0.5,rl,7
1,40,3.0,6.0,early,2.0,True,False,1,False,2,1,0.65,0.35,False,False,1.0,left,0.0,1.0,2,1.2778523389715701,False,nan,1.0,1,0.75,-2.0,0.75,rl,7
1,41,3.0,7.0,early,2.0,True,False,1,False,2,1,0.65,0.35,False,False,4.0,right,1.0,0.0,1,1.9960724309785292,True,1.0,nan,1,0.75,-1.25,0.75,rl,7
1,42,3.0,8.0,early,2.0,True,False,1,False,2,1,0.65,0.35,False,False,4.0,right,1.0,0.0,1,1.0282200539950281,True,1.0,nan,1,0.75,-0.5,0.75,rl,7
1,43,3.0,9.0,early,2.0,True,False,1,True,1,2,0.65,0.35,False,False,4.0,right,0.0,1.0,2,1.6964117879979312,False,nan,0.0,0,-0.75,-1.25,0.75,rl,7
1,44,3.0,10.0,early,2.0,True,False,1,True,1,2,0.65,0.35,False,False,1.0,left,1.0,0.0,1,1.14970585599076,True,1.0,nan,1,0.25,-1.0,0.25,rl,7
1,45,3.0,11.0,early,3.0,True,False,1,False,2,1,0.65,0.35,False,False,4.0,right,1.0,0.0,1,0.6827952200546861,True,1.0,nan,1,0.5,-0.5,0.5,rl,7
1,46,3.0,12.0,early,3.0,True,False,1,True,1,2,0.65,0.35,False,False,4.0,right,0.0,1.0,2,0.6181015099864453,False,nan,1.0,1,0.5,0.0,0.5,rl,7
1,47,3.0,13.0,early,3.0,True,False,1,False,2,1,0.65,0.35,False,False,4.0,right,1.0,0.0,1,1.8923635659739375,True,1.0,nan,1,0.75,0.75,0.75,rl,7
1,48,3.0,14.0,early,3.0,True,False,1,False,2,1,0.65,0.35,False,False,1.0,left,0.0,1.0,2,1.460126564023085,False,nan,1.0,1,0.5,1.25,0.5,rl,7
1,49,3.0,15.0,early,3.0,True,False,1,False,2,1,0.65,0.35,False,False,4.0,right,1.0,0.0,1,1.989282367983833,True,0.0,nan,0,-0.75,0.5,0.75,rl,7
1,50,3.0,16.0,late,4.0,True,False,1,False,2,1,0.65,0.35,False,False,4.0,right,1.0,0.0,1,1.596414240077138,True,1.0,nan,1,0.75,1.25,0.75,rl,7
1,51,3.0,17.0,late,4.0,True,False,1,True,1,2,0.65,0.35,False,False,4.0,right,0.0,1.0,2,1.5080672729527578,False,nan,0.0,0,-0.75,0.5,0.75,rl,7
1,52,3.0,18.0,late,4.0,True,False,1,True,1,2,0.65,0.35,False,False,4.0,right,0.0,1.0,2,1.359071849961765,False,nan,0.0,0,-0.5,0.0,0.5,rl,7
1,53,3.0,19.0,late,4.0,True,False,1,False,2,1,0.65,0.35,False,False,4.0,right,1.0,0.0,1,0.7437859870260581,True,1.0,nan,1,0.5,0.5,0.5,rl,7
1,54,3.0,20.0,late,4.0,True,False,1,False,2,1,0.65,0.35,False,False,4.0,right,1.0,0.0,1,1.7957841369789094,True,1.0,nan,1,0.5,1.0,0.5,rl,7
1,55,3.0,21.0,late,5.0,True,False,1,False,2,1,0.65,0.35,False,False,1.0,left,0.0,1.0,2,0.567688577924855,False,nan,1.0,1,0.5,1.5,0.5,rl,7
1,56,3.0,22.0,late,5.0,True,False,1,True,1,2,0.65,0.35,False,False,1.0,left,1.0,0.0,1,0.6509160449495539,True,1.0,nan,1,0.25,1.75,0.25,rl,7
1,57,3.0,23.0,late,5.0,True,False,1,True,1,2,0.65,0.35,False,False,4.0,right,0.0,1.0,2,0.46257995697669685,False,nan,0.0,0,-0.75,1.0,0.75,rl,7
1,58,3.0,24.0,late,5.0,True,False,1,False,2,1,0.65,0.35,False,False,4.0,right,1.0,0.0,1,0.4851223799632862,True,1.0,nan,1,0.75,1.75,0.75,rl,7
1,59,3.0,25.0,late,5.0,True,False,1,False,2,1,0.65,0.35,False,False,4.0,right,1.0,0.0,1,0.5588664100505412,True,1.0,nan,1,0.75,2.5,0.75,rl,7
1,60,3.0,26.0,late,6.0,True,False,1,False,2,1,0.65,0.35,False,False,1.0,left,0.0,1.0,2,2.0855460229795426,False,nan,1.0,1,0.5,3.0,0.5,rl,7
1,61,3.0,27.0,late,6.0,True,False,1,True,1,2,0.65,0.35,False,False,1.0,left,1.0,0.0,1,0.705557317007333,True,1.0,nan,1,0.75,3.75,0.75,rl,7
1,62,3.0,28.0,late,6.0,True,False,1,True,1,2,0.65,0.35,False,False,1.0,left,1.0,0.0,1,0.655455277999863,True,1.0,nan,1,0.5,4.25,0.5,rl,7
1,63,3.0,29.0,late,6.0,True,False,1,False,2,1,0.65,0.35,False,False,4.0,right,1.0,0.0,1,0.3953490610001609,True,0.0,nan,0,-0.75,3.5,0.75,rl,7
1,64,3.0,30.0,late,6.0,True,False,1,False,2,1,0.65,0.35,True,False,4.0,right,1.0,0.0,1,0.41022708103992045,True,0.0,nan,0,-0.5,3.0,0.5,rl,7
1,65,3.0,31.0,late,7.0,True,False,1,False,2,1,0.65,0.35,True,True,4.0,right,1.0,0.0,1,0.4191334929782897,True,0.0,nan,0,-0.75,2.25,0.75,rl,7
1,66,4.0,1.0,early,1.0,False,True,2,True,1,2,0.35,0.65,False,False,4.0,right,0.0,1.0,2,2.5054133950034156,True,nan,0.0,0,-0.25,2.0,0.25,rl,7
1,67,4.0,2.0,early,1.0,False,True,2,True,1,2,0.35,0.65,False,False,1.0,left,1.0,0.0,1,1.9083412738982588,False,0.0,nan,0,-0.5,1.5,0.5,rl,7
1,68,4.0,3.0,late,1.0,False,True,2,True,1,2,0.35,0.65,False,False,4.0,right,0.0,1.0,2,0.4603473519673571,True,nan,0.0,0,-0.25,1.25,0.25,rl,7
1,69,4.0,4.0,late,1.0,False,True,2,False,2,1,0.35,0.65,False,False,4.0,right,1.0,0.0,1,0.5096188930328935,False,1.0,nan,1,0.75,2.0,0.75,rl,7
1,70,4.0,5.0,late,1.0,False,True,2,False,2,1,0.35,0.65,False,False,4.0,right,1.0,0.0,1,0.5293748219264671,False,1.0,nan,1,0.25,2.25,0.25,rl,7
