sessNo,trialNo,block,blockTrialNo,trialClass,blockBin,stim1_High,stim2_High,stimHigh,stim1_left,leftStim,rightStim,stim1_pWin,stim2_pWin,reverseStatus,reverseTrial,responseKey,response_LR,selected_stim1,selected_stim2,response_stimID,RT,highChosen,stim1_isWin,stim2_isWin,isWin,payOut,accum_payOut,abs_outMag,instructCond,subID
1,1,1.0,1.0,early,1.0,True,False,1,False,2,1,0.7,0.3,False,False,4.0,right,1.0,0.0,1,0.9123450154438615,True,1.0,nan,1,0.25,0.25,0.25,rl,74
1,2,1.0,2.0,early,1.0,True,False,1,True,1,2,0.7,0.3,False,False,4.0,right,0.0,1.0,2,1.280138952191919,False,nan,1.0,1,0.25,0.5,0.25,rl,74
1,3,1.0,3.0,early,1.0,True,False,1,True,1,2,0.7,0.3,False,False,1.0,left,1.0,0.0,1,0.9108825935982168,True,1.0,nan,1,0.5,1.0,0.5,rl,74
1,4,1.0,4.0,early,1.0,True,False,1,False,2,1,0.7,0.3,False,False,1.0,left,0.0,1.0,2,1.1532648485153913,False,nan,0.0,0,-0.75,0.25,0.75,rl,74
1,5,1.0,5.0,early,1.0,True,False,1,True,1,2,0.7,0.3,False,False,4.0,right,0.0,1.0,2,0.6778642954304814,False,nan,0.0,0,-0.75,-0.5,0.75,rl,74
1,6,1.0,6.0,early,2.0,True,False,1,True,1,2,0.7,0.3,False,False,4.0,right,0.0,1.0,2,0.7684628912247717,False,nan,1.0,1,0.75,0.25,0.75,rl,74
1,7,1.0,7.0,early,2.0,True,False,1,True,1,2,0.7,0.3,False,False,1.0,left,1.0,0.0,1,0.830971377203241,True,1.0,nan,1,0.5,0.75,0.5,rl,74
1,8,1.0,8.0,early,2.0,True,False,1,False,2,1,0.7,0.3,False,False,1.0,left,0.0,1.0,2,1.056378748267889,False,nan,0.0,0,-0.5,0.25,0.5,rl,74
1,9,1.0,9.0,early,2.0,True,False,1,False,2,1,0.7,0.3,False,False,1.0,left,0.0,1.0,2,0.8638452219311148,False,nan,0.0,0,-0.25,0.0,0.25,rl,74
1,10,1.0,10.0,early,2.0,True,False,1,True,1,2,0.7,0.3,False,False,4.0,right,0.0,1.0,2,0.5424622818827629,False,nan,0.0,0,-0.5,-0.5,0.5,rl,74
1,11,1.0,11.0,early,3.0,True,False,1,True,1,2,0.7,0.3,False,False,4.0,right,0.0,1.0,2,0.7670268616639078,False,nan,0.0,0,-0.5,-1.0,0.5,rl,74
1,12,1.0,12.0,early,3.0,True,False,1,False,2,1,0.7,0.3,False,False,1.0,left,0.0,1.0,2,2.1735774672124535,False,nan,1.0,1,0.25,-0.75,0.25,rl,74
1,13,1.0,13.0,late,3.0,True,False,1,False,2,1,0.7,0.3,False,False,4.0,right,1.0,0.0,1,1.1518326313234866,True,0.0,nan,0,-0.25,-1.0,0.25,rl,74
1,14,1.0,14.0,late,3.0,True,False,1,False,2,1,0.7,0.3,False,False,4.0,right,1.0,0.0,1,0.41817754739895463,True,1.0,nan,1,0.75,-0.25,0.75,rl,74
1,15,1.0,15.0,late,3.0,True,False,1,True,1,2,0.7,0.3,False,False,4.0,right,0.0,1.0,2,2.034924519713968,False,nan,0.0,0,-0.25,-0.5,0.25,rl,74
1,16,1.0,16.0,late,4.0,True,False,1,True,1,2,0.7,0.3,False,False,1.0,left,1.0,0.0,1,1.1075989920645952,True,1.0,nan,1,0.75,0.25,0.75,rl,74
1,17,1.0,17.0,late,4.0,True,False,1,False,2,1,0.7,0.3,False,False,4.0,right,1.0,0.0,1,0.6750717062968761,True,1.0,nan,1,0.5,0.75,0.5,rl,74
1,18,1.0,18.0,late,4.0,True,False,1,False,2,1,0.7,0.3,False,False,1.0,left,0.0,1.0,2,0.3971121641807258,False,nan,0.0,0,-0.75,0.0,0.75,rl,74
1,19,1.0,19.0,late,4.0,True,False,1,False,2,1,0.7,0.3,False,False,4.0,right,1.0,0.0,1,0.5737349994014949,True,1.0,nan,1,0.5,0.5,0.5,rl,74
1,20,1.0,20.0,late,4.0,True,False,1,True,1,2,0.7,0.3,False,False,1.0,left,1.0,0.0,1,0.8466938037890941,True,0.0,nan,0,-0.5,0.0,0.5,rl,74
1,21,1.0,21.0,late,5.0,True,False,1,False,2,1,0.7,0.3,False,False,4.0,right,1.0,0.0,1,0.603861415060237,True,0.0,nan,0,-0.25,-0.25,0.25,rl,74
1,22,1.0,22.0,late,5.0,True,False,1,False,2,1,0.7,0.3,True,False,4.0,right,1.0,0.0,1,1.0404431310016662,True,0.0,nan,0,-0.75,-1.0,0.75,rl,74
1,23,1.0,23.0,late,5.0,True,False,1,True,1,2,0.7,0.3,True,False,1.0,left,1.0,0.0,1,0.48024616320617497,True,0.0,nan,0,-0.75,-1.75,0.75,rl,74
1,24,1.0,24.0,late,5.0,True,False,1,True,1,2,0.7,0.3,True,False,4.0,right,0.0,1.0,2,1.0309284457471222,False,nan,1.0,1,0.5,-1.25,0.5,rl,74
1,25,1.0,25.0,late,5.0,True,False,1,True,1,2,0.7,0.3,True,True,4.0,right,0.0,1.0,2,1.2339616732206196,False,nan,1.0,1,0.75,-0.5,0.75,rl,74
1,26,2.0,1.0,early,1.0,False,True,2,True,1,2,0.3,0.7,False,False,1.0,left,1.0,0.0,1,0.726665546419099,False,0.0,nan,0,-0.5,-1.0,0.5,rl,74
1,27,2.0,2.0,early,1.0,False,True,2,False,2,1,0.3,0.7,False,False,4.0,right,1.0,0.0,1,0.37339436379261315,False,0.0,nan,0,-0.25,-1.25,0.25,rl,74
1,28,2.0,3.0,early,1.0,False,True,2,True,1,2,0.3,0.7,False,False,4.0,right,0.0,1.0,2,0.47296161972917616,True,nan,1.0,1,0.25,-1.0,0.25,rl,74
1,29,2.0,4.0,early,1.0,False,True,2,True,1,2,0.3,0.7,False,False,1.0,left,1.0,0.0,1,0.9941684943623841,False,0.0,nan,0,-0.25,-1.25,0.25,rl,74
1,30,2.0,5.0,early,1.0,False,True,2,True,1,2,0.3,0.7,False,False,1.0,left,1.0,0.0,1,0.6864570127800107,False,0.0,nan,0,-0.75,-2.0,0.75,rl,74
1,31,2.0,6.0,early,2.0,False,True,2,True,1,2,0.3,0.7,False,False,4.0,right,0.0,1.0,2,0.7551676684524864,True,nan,1.0,1,0.5,-1.5,0.5,rl,74
1,32,2.0,7.0,late,2.0,False,True,2,True,1,2,0.3,0.7,False,False,1.0,left,1.0,0.0,1,0.38708312390372157,False,0.0,nan,0,-0.25,-1.75,0.25,rl,74
1,33,2.0,8.0,late,2.0,False,True,2,True,1,2,0.3,0.7,False,False,4.0,right,0.0,1.0,2,0.5899233950767666,True,nan,1.0,1,0.75,-1.0,0.75,rl,74
1,34,2.0,9.0,late,2.0,False,True,2,True,1,2,0.3,0.7,False,False,1.0,left,1.0,0.0,1,0.8281374401412904,False,1.0,nan,1,0.75,-0.25,0.75,rl,74
1,35,2.0,10.0,late,2.0,False,True,2,False,2,1,0.3,0.7,False,False,1.0,left,0.0,1.0,2,0.638658958952874,True,nan,0.0,0,-0.25,-0.5,0.25,rl,74
1,36,2.0,11.0,late,3.0,False,True,2,True,1,2,0.3,0.7,False,False,4.0,right,0.0,1.0,2,0.8531461129896343,True,nan,0.0,0,-0.5,-1.0,0.5,rl,74
1,37,2.0,12.0,late,3.0,False,True,2,False,2,1,0.3,0.7,False,False,1.0,left,0.0,1.0,2,0.6686410971451551,True,nan,1.0,1,0.5,-0.5,0.5,rl,74
1,38,2.0,13.0,late,3.0,False,True,2,False,2,1,0.3,0.7,True,True,1.0,left,0.0,1.0,2,1.1805549813434482,True,nan,1.0,1,0.5,0.0,0.5,rl,74
1,39,3.0,1.0,early,1.0,True,False,1,False,2,1,0.7,0.3,False,False,4.0,right,1.0,0.0,1,0.6368458140641451,True,1.0,nan,1,0.75,0.75,0.75,rl,74
1,40,3.0,2.0,early,1.0,True,False,1,False,2,1,0.7,0.3,False,False,4.0,right,1.0,0.0,1,0.3698809740599245,True,1.0,nan,1,0.75,1.5,0.75,rl,74
1,41,3.0,3.0,early,1.0,True,False,1,False,2,1,0.7,0.3,False,False,4.0,right,1.0,0.0,1,0.7660811408422887,True,1.0,nan,1,0.75,2.25,0.75,rl,74
1,42,3.0,4.0,early,1.0,True,False,1,False,2,1,0.7,0.3,False,False,1.0,left,0.0,1.0,2,0.7629683262202889,False,nan,0.0,0,-0.5,1.75,0.5,rl,74
1,43,3.0,5.0,early,1.0,True,False,1,False,2,1,0.7,0.3,False,False,4.0,right,1.0,0.0,1,0.4659541940782219,True,1.0,nan,1,0.75,2.5,0.75,rl,74
1,44,3.0,6.0,late,2.0,True,False,1,False,2,1,0.7,0.3,False,False,4.0,right,1.0,0.0,1,0.8242316860705614,True,1.0,nan,1,0.75,3.25,0.75,rl,74
1,45,3.0,7.0,late,2.0,True,False,1,False,2,1,0.7,0.3,False,False,4.0,right,1.0,0.0,1,1.1287634926848114,True,0.0,nan,0,-0.25,3.0,0.25,rl,74
1,46,3.0,8.0,late,2.0,True,False,1,True,1,2,0.7,0.3,True,False,1.0,left,1.0,0.0,1,0.577823739266023,True,1.0,nan,1,0.25,3.25,0.25,rl,74
1,47,3.0,9.0,late,2.0,True,False,1,False,2,1,0.7,0.3,True,False,4.0,right,1.0,0.0,1,0.4628759827464819,True,0.0,nan,0,-0.5,2.75,0.5,rl,74
1,48,3.0,10.0,late,2.0,True,False,1,True,1,2,0.7,0.3,True,False,1.0,left,1.0,0.0,1,0.5305942909326404,True,1.0,nan,1,0.5,3.25,0.5,rl,74
1,49,3.0,11.0,late,3.0,True,False,1,True,1,2,0.7,0.3,True,True,4.0,right,0.0,1.0,2,0.6802879800088704,False,nan,0.0,0,-0.25,3.0,0.25,rl,74
1,50,4.0,1.0,early,1.0,False,True,2,False,2,1,0.3,0.7,False,False,1.0,left,0.0,1.0,2,0.3768482245504856,True,nan,0.0,0,-0.5,2.5,0.5,rl,74
1,51,4.0,2.0,early,1.0,False,True,2,True,1,2,0.3,0.7,False,False,4.0,right,0.0,1.0,2,0.6378712980076671,True,nan,1.0,1,0.25,2.75,0.25,rl,74
1,52,4.0,3.0,late,1.0,False,True,2,True,1,2,0.3,0.7,False,False,4.0,right,0.0,1.0,2,1.1635962261352688,True,nan,1.0,1,0.75,3.5,0.75,rl,74
1,53,4.0,4.0,late,1.0,False,True,2,True,1,2,0.3,0.7,True,True,4.0,right,0.0,1.0,2,0.8323950902558863,True,nan,1.0,1,0.25,3.75,0.25,rl,74
1,54,5.0,1.0,early,1.0,True,False,1,False,2,1,0.7,0.3,False,False,4.0,right,1.0,0.0,1,0.3947010892443359,True,0.0,nan,0,-0.5,3.25,0.5,rl,74
1,55,5.0,2.0,early,1.0,True,False,1,True,1,2,0.7,0.3,False,False,1.0,left,1.0,0.0,1,0.4033430719282478,True,1.0,nan,1,0.5,3.75,0.5,rl,74
1,56,5.0,3.0,early,1.0,True,False,1,False,2,1,0.7,0.3,False,False,1.0,left,0.0,1.0,2,0.36895372765138745,False,nan,0.0,0,-0.25,3.5,0.25,rl,74
1,57,5.0,4.0,early,1.0,True,False,1,True,1,2,0.7,0.3,False,False,4.0,right,0.0,1.0,2,0.5422443996649235,False,nan,0.0,0,-0.75,2.75,0.75,rl,74
1,58,5.0,5.0,early,1.0,True,False,1,False,2,1,0.7,0.3,False,False,4.0,right,1.0,0.0,1,1.0043306685984135,True,1.0,nan,1,0.5,3.25,0.5,rl,74
1,59,5.0,6.0,early,2.0,True,False,1,True,1,2,0.7,0.3,False,False,1.0,left,1.0,0.0,1,0.5639569784980267,True,1.0,nan,1,0.5,3.75,0.5,rl,74
1,60,5.0,7.0,early,2.0,True,False,1,False,2,1,0.7,0.3,False,False,4.0,right,1.0,0.0,1,0.990690294187516,True,1.0,nan,1,0.75,4.5,0.75,rl,74
1,61,5.0,8.0,late,2.0,True,False,1,False,2,1,0.7,0.3,False,False,1.0,left,0.0,1.0,2,0.32807072647847235,False,nan,1.0,1,0.75,5.25,0.75,rl,74
1,62,5.0,9.0,late,2.0,True,False,1,True,1,2,0.7,0.3,False,False,4.0,right,0.0,1.0,2,0.6771009739022702,False,nan,1.0,1,0.5,5.75,0.5,rl,74
1,63,5.0,10.0,late,2.0,True,False,1,False,2,1,0.7,0.3,False,False,1.0,left,0.0,1.0,2,0.7481520320288837,False,nan,1.0,1,0.25,6.0,0.25,rl,74
1,64,5.0,11.0,late,3.0,True,False,1,True,1,2,0.7,0.3,False,False,4.0,right,0.0,1.0,2,1.1439064636360854,False,nan,0.0,0,-0.25,5.75,0.25,rl,74
1,65,5.0,12.0,late,3.0,True,False,1,True,1,2,0.7,0.3,False,False,1.0,left,1.0,0.0,1,0.6344725678209215,True,1.0,nan,1,0.5,6.25,0.5,rl,74
1,66,5.0,13.0,late,3.0,True,False,1,True,1,2,0.7,0.3,False,False,1.0,left,1.0,0.0,1,0.7100941704120487,True,1.0,nan,1,0.75,7.0,0.75,rl,74
1,67,5.0,14.0,late,3.0,True,False,1,False,2,1,0.7,0.3,False,False,4.0,right,1.0,0.0,1,0.45820983964949846,True,1.0,nan,1,0.25,7.25,0.25,rl,74
1,68,5.0,15.0,late,3.0,True,False,1,False,2,1,0.7,0.3,True,True,4.0,right,1.0,0.0,1,0.5732317878864706,True,1.0,nan,1,0.75,8.0,0.75,rl,74
1,69,6.0,1.0,early,1.0,False,True,2,True,1,2,0.3,0.7,False,False,1.0,left,1.0,0.0,1,0.41364981699734926,False,0.0,nan,0,-0.25,7.75,0.25,rl,74
1,70,6.0,2.0,late,1.0,False,True,2,False,2,1,0.3,0.7,False,False,4.0,right,1.0,0.0,1,0.7291704604867846,False,0.0,nan,0,-0.5,7.25,0.5,rl,74
