sessNo,trialNo,block,blockTrialNo,trialClass,blockBin,stim1_High,stim2_High,stimHigh,stim1_left,leftStim,rightStim,stim1_pWin,stim2_pWin,reverseStatus,reverseTrial,responseKey,response_LR,selected_stim1,selected_stim2,response_stimID,RT,highChosen,stim1_isWin,stim2_isWin,isWin,payOut,accum_payOut,abs_outMag,instructCond,subID
1,1,1.0,1.0,early,1.0,True,False,1,True,1,2,0.7,0.3,False,False,4.0,right,0.0,1.0,2,1.0254074884578586,False,nan,0.0,0,-0.75,-0.75,0.75,rl,76
1,2,1.0,2.0,early,1.0,True,False,1,False,2,1,0.7,0.3,False,False,4.0,right,1.0,0.0,1,0.8207916079554707,True,1.0,nan,1,0.5,-0.25,0.5,rl,76
1,3,1.0,3.0,early,1.0,True,False,1,False,2,1,0.7,0.3,False,False,4.0,right,1.0,0.0,1,1.0354611612856388,True,1.0,nan,1,0.25,0.0,0.25,rl,76
1,4,1.0,4.0,early,1.0,True,False,1,False,2,1,0.7,0.3,False,False,4.0,right,1.0,0.0,1,0.6198896982241422,True,1.0,nan,1,0.25,0.25,0.25,rl,76
1,5,1.0,5.0,late,1.0,True,False,1,False,2,1,0.7,0.3,True,False,4.0,right,1.0,0.0,1,0.7435891120694578,True,0.0,nan,0,-0.5,-0.25,0.5,rl,76
1,6,1.0,6.0,late,2.0,True,False,1,False,2,1,0.7,0.3,True,False,4.0,right,1.0,0.0,1,0.8024847973138094,True,1.0,nan,1,0.75,0.5,0.75,rl,76
1,7,1.0,7.0,late,2.0,True,False,1,False,2,1,0.7,0.3,True,False,4.0,right,1.0,0.0,1,0.4647985086776316,True,0.0,nan,0,-0.75,-0.25,0.75,rl,76
1,8,1.0,8.0,late,2.0,True,False,1,False,2,1,0.7,0.3,True,True,1.0,left,0.0,1.0,2,0.5544217654969543,False,nan,0.0,0,-0.25,-0.5,0.25,rl,76
1,9,2.0,1.0,early,1.0,False,True,2,False,2,1,0.3,0.7,False,False,4.0,right,1.0,0.0,1,0.6132632005028427,False,0.0,nan,0,-0.75,-1.25,0.75,rl,76
1,10,2.0,2.0,early,1.0,False,True,2,False,2,1,0.3,0.7,False,False,1.0,left,0.0,1.0,2,0.5465791735332459,True,nan,0.0,0,-0.75,-2.0,0.75,rl,76
1,11,2.0,3.0,early,1.0,False,True,2,False,2,1,0.3,0.7,False,False,4.0,right,1.0,0.0,1,0.3573951122816652,False,0.0,nan,0,-0.75,-2.75,0.75,rl,76
1,12,2.0,4.0,early,1.0,False,True,2,False,2,1,0.3,0.7,False,False,4.0,right,1.0,0.0,1,0.3729782465379685,False,1.0,nan,1,0.75,-2.0,0.75,rl,76
1,13,2.0,5.0,early,1.0,False,True,2,False,2,1,0.3,0.7,False,False,4.0,right,1.0,0.0,1,0.3894414147362113,False,0.0,nan,0,-0.5,-2.5,0.5,rl,76
1,14,2.0,6.0,early,2.0,False,True,2,False,2,1,0.3,0.7,False,False,4.0,right,1.0,0.0,1,1.708870158297941,False,0.0,nan,0,-0.5,-3.0,0.5,rl,76
1,15,2.0,7.0,early,2.0,False,True,2,True,1,2,0.3,0.7,False,False,1.0,left,1.0,0.0,1,0.7936607082374394,False,0.0,nan,0,-0.5,-3.5,0.5,rl,76
1,16,2.0,8.0,early,2.0,False,True,2,True,1,2,0.3,0.7,False,False,1.0,left,1.0,0.0,1,0.5429039115551859,False,0.0,nan,0,-0.25,-3.75,0.25,rl,76
1,17,2.0,9.0,early,2.0,False,True,2,True,1,2,0.3,0.7,False,False,4.0,right,0.0,1.0,2,0.4561401039827615,True,nan,0.0,0,-0.25,-4.0,0.25,rl,76
1,18,2.0,10.0,early,2.0,False,True,2,False,2,1,0.3,0.7,False,False,4.0,right,1.0,0.0,1,0.640295569319278,False,0.0,nan,0,-0.25,-4.25,0.25,rl,76
1,19,2.0,11.0,early,3.0,False,True,2,True,1,2,0.3,0.7,False,False,1.0,left,1.0,0.0,1,0.51935032941401,False,0.0,nan,0,-0.5,-4.75,0.5,rl,76
1,20,2.0,12.0,early,3.0,False,True,2,False,2,1,0.3,0.7,False,False,4.0,right,1.0,0.0,1,0.7999593559652567,False,1.0,nan,1,0.75,-4.0,0.75,rl,76
1,21,2.0,13.0,early,3.0,False,True,2,True,1,2,0.3,0.7,False,False,1.0,left,1.0,0.0,1,1.091089784167707,False,0.0,nan,0,-0.5,-4.5,0.5,rl,76
1,22,2.0,14.0,early,3.0,False,True,2,True,1,2,0.3,0.7,False,False,1.0,left,1.0,0.0,1,0.5587852778844535,False,1.0,nan,1,0.25,-4.25,0.25,rl,76
1,23,2.0,15.0,late,3.0,False,True,2,True,1,2,0.3,0.7,False,False,1.0,left,1.0,0.0,1,0.4796095243655145,False,0.0,nan,0,-0.5,-4.75,0.5,rl,76
1,24,2.0,16.0,late,4.0,False,True,2,True,1,2,0.3,0.7,False,False,1.0,left,1.0,0.0,1,0.720087434630841,False,0.0,nan,0,-0.5,-5.25,0.5,rl,76
1,25,2.0,17.0,late,4.0,False,True,2,False,2,1,0.3,0.7,False,False,4.0,right,1.0,0.0,1,0.6978945173323154,False,0.0,nan,0,-0.5,-5.75,0.5,rl,76
1,26,2.0,18.0,late,4.0,False,True,2,True,1,2,0.3,0.7,False,False,1.0,left,1.0,0.0,1,0.5990785600151867,False,0.0,nan,0,-0.25,-6.0,0.25,rl,76
1,27,2.0,19.0,late,4.0,False,True,2,False,2,1,0.3,0.7,False,False,4.0,right,1.0,0.0,1,0.7138140059541911,False,1.0,nan,1,0.75,-5.25,0.75,rl,76
1,28,2.0,20.0,late,4.0,False,True,2,True,1,2,0.3,0.7,False,False,1.0,left,1.0,0.0,1,1.0522020340431482,False,1.0,nan,1,0.25,-5.0,0.25,rl,76
1,29,2.0,21.0,late,5.0,False,True,2,False,2,1,0.3,0.7,False,False,4.0,right,1.0,0.0,1,0.5544601809233427,False,0.0,nan,0,-0.75,-5.75,0.75,rl,76
1,30,2.0,22.0,late,5.0,False,True,2,False,2,1,0.3,0.7,False,False,4.0,right,1.0,0.0,1,0.5591999287717044,False,0.0,nan,0,-0.75,-6.5,0.75,rl,76
1,31,2.0,23.0,late,5.0,False,True,2,True,1,2,0.3,0.7,False,False,4.0,right,0.0,1.0,2,0.5957068083807826,True,nan,1.0,1,0.5,-6.0,0.5,rl,76
1,32,2.0,24.0,late,5.0,False,True,2,True,1,2,0.3,0.7,False,False,4.0,right,0.0,1.0,2,0.4503695936873555,True,nan,0.0,0,-0.5,-6.5,0.5,rl,76
1,33,2.0,25.0,late,5.0,False,True,2,True,1,2,0.3,0.7,False,False,4.0,right,0.0,1.0,2,0.5879070302471519,True,nan,1.0,1,0.75,-5.75,0.75,rl,76
1,34,2.0,26.0,late,6.0,False,True,2,True,1,2,0.3,0.7,True,False,4.0,right,0.0,1.0,2,0.6216705858241767,True,nan,1.0,1,0.5,-5.25,0.5,rl,76
1,35,2.0,27.0,late,6.0,False,True,2,True,1,2,0.3,0.7,True,False,4.0,right,0.0,1.0,2,0.6031447199638933,True,nan,1.0,1,0.25,-5.0,0.25,rl,76
1,36,2.0,28.0,late,6.0,False,True,2,True,1,2,0.3,0.7,True,False,4.0,right,0.0,1.0,2,1.1789515078999102,True,nan,1.0,1,0.75,-4.25,0.75,rl,76
1,37,2.0,29.0,late,6.0,False,True,2,False,2,1,0.3,0.7,True,True,1.0,left,0.0,1.0,2,1.0273971678689122,True,nan,1.0,1,0.25,-4.0,0.25,rl,76
1,38,3.0,1.0,early,1.0,True,False,1,True,1,2,0.7,0.3,False,False,4.0,right,0.0,1.0,2,0.7404079707339406,False,nan,0.0,0,-0.5,-4.5,0.5,rl,76
1,39,3.0,2.0,early,1.0,True,False,1,True,1,2,0.7,0.3,False,False,4.0,right,0.0,1.0,2,1.0230280838441104,False,nan,0.0,0,-0.5,-5.0,0.5,rl,76
1,40,3.0,3.0,early,1.0,True,False,1,False,2,1,0.7,0.3,False,False,4.0,right,1.0,0.0,1,0.6736723324283957,True,1.0,nan,1,0.25,-4.75,0.25,rl,76
1,41,3.0,4.0,early,1.0,True,False,1,False,2,1,0.7,0.3,False,False,4.0,right,1.0,0.0,1,0.722200863994658,True,0.0,nan,0,-0.75,-5.5,0.75,rl,76
1,42,3.0,5.0,early,1.0,True,False,1,False,2,1,0.7,0.3,False,False,1.0,left,0.0,1.0,2,0.657651087269187,False,nan,0.0,0,-0.5,-6.0,0.5,rl,76
1,43,3.0,6.0,early,2.0,True,False,1,True,1,2,0.7,0.3,False,False,4.0,right,0.0,1.0,2,2.161176646826789,False,nan,0.0,0,-0.25,-6.25,0.25,rl,76
1,44,3.0,7.0,late,2.0,True,False,1,True,1,2,0.7,0.3,False,False,1.0,left,1.0,0.0,1,1.1316188366618007,True,1.0,nan,1,0.5,-5.75,0.5,rl,76
1,45,3.0,8.0,late,2.0,True,False,1,False,2,1,0.7,0.3,False,False,4.0,right,1.0,0.0,1,0.721361885080114,True,1.0,nan,1,0.25,-5.5,0.25,rl,76
1,46,3.0,9.0,late,2.0,True,False,1,False,2,1,0.7,0.3,False,False,4.0,right,1.0,0.0,1,0.6534649895038456,True,1.0,nan,1,0.25,-5.25,0.25,rl,76
1,47,3.0,10.0,late,2.0,True,False,1,False,2,1,0.7,0.3,True,False,4.0,right,1.0,0.0,1,0.6422321710269898,True,0.0,nan,0,-0.5,-5.75,0.5,rl,76
1,48,3.0,11.0,late,3.0,True,False,1,False,2,1,0.7,0.3,True,False,4.0,right,1.0,0.0,1,1.0807114869821817,True,1.0,nan,1,0.75,-5.0,0.75,rl,76
1,49,3.0,12.0,late,3.0,True,False,1,False,2,1,0.7,0.3,True,True,4.0,right,1.0,0.0,1,1.0343377327080816,True,1.0,nan,1,0.5,-4.5,0.5,rl,76
1,50,4.0,1.0,early,1.0,False,True,2,False,2,1,0.3,0.7,False,False,4.0,right,1.0,0.0,1,0.8678269267547876,False,0.0,nan,0,-0.5,-5.0,0.5,rl,76
1,51,4.0,2.0,early,1.0,False,True,2,True,1,2,0.3,0.7,False,False,1.0,left,1.0,0.0,1,0.9151085731573403,False,1.0,nan,1,0.25,-4.75,0.25,rl,76
1,52,4.0,3.0,early,1.0,False,True,2,True,1,2,0.3,0.7,False,False,1.0,left,1.0,0.0,1,0.7325988088268787,False,0.0,nan,0,-0.75,-5.5,0.75,rl,76
1,53,4.0,4.0,early,1.0,False,True,2,True,1,2,0.3,0.7,False,False,1.0,left,1.0,0.0,1,0.8464155124966055,False,0.0,nan,0,-0.25,-5.75,0.25,rl,76
1,54,4.0,5.0,early,1.0,False,True,2,True,1,2,0.3,0.7,False,False,1.0,left,1.0,0.0,1,0.3758690736722201,False,0.0,nan,0,-0.5,-6.25,0.5,rl,76
1,55,4.0,6.0,early,2.0,False,True,2,True,1,2,0.3,0.7,False,False,1.0,left,1.0,0.0,1,0.6042704943101853,False,0.0,nan,0,-0.5,-6.75,0.5,rl,76
1,56,4.0,7.0,late,2.0,False,True,2,True,1,2,0.3,0.7,False,False,4.0,right,0.0,1.0,2,0.4101924372371286,True,nan,1.0,1,0.75,-6.0,0.75,rl,76
1,57,4.0,8.0,late,2.0,False,True,2,False,2,1,0.3,0.7,False,False,1.0,left,0.0,1.0,2,0.9324538274668157,True,nan,1.0,1,0.5,-5.5,0.5,rl,76
1,58,4.0,9.0,late,2.0,False,True,2,True,1,2,0.3,0.7,False,False,4.0,right,0.0,1.0,2,0.7214469264727086,True,nan,0.0,0,-0.5,-6.0,0.5,rl,76
1,59,4.0,10.0,late,2.0,False,True,2,False,2,1,0.3,0.7,True,False,1.0,left,0.0,1.0,2,0.8544927020557225,True,nan,0.0,0,-0.75,-6.75,0.75,rl,76
1,60,4.0,11.0,late,3.0,False,True,2,False,2,1,0.3,0.7,True,False,4.0,right,1.0,0.0,1,0.9049622341990471,False,0.0,nan,0,-0.25,-7.0,0.25,rl,76
1,61,4.0,12.0,late,3.0,False,True,2,False,2,1,0.3,0.7,True,True,4.0,right,1.0,0.0,1,1.5660613174550235,False,0.0,nan,0,-0.75,-7.75,0.75,rl,76
1,62,5.0,1.0,early,1.0,True,False,1,False,2,1,0.7,0.3,False,False,1.0,left,0.0,1.0,2,0.5291837740223855,False,nan,1.0,1,0.75,-7.0,0.75,rl,76
1,63,5.0,2.0,early,1.0,True,False,1,False,2,1,0.7,0.3,False,False,1.0,left,0.0,1.0,2,2.512550229439512,False,nan,1.0,1,0.5,-6.5,0.5,rl,76
1,64,5.0,3.0,early,1.0,True,False,1,False,2,1,0.7,0.3,False,False,1.0,left,0.0,1.0,2,0.7300974137615412,False,nan,0.0,0,-0.5,-7.0,0.5,rl,76
1,65,5.0,4.0,early,1.0,True,False,1,True,1,2,0.7,0.3,False,False,4.0,right,0.0,1.0,2,0.6014347979798913,False,nan,0.0,0,-0.25,-7.25,0.25,rl,76
1,66,5.0,5.0,late,1.0,True,False,1,False,2,1,0.7,0.3,False,False,1.0,left,0.0,1.0,2,0.6788903658743948,False,nan,0.0,0,-0.5,-7.75,0.5,rl,76
1,67,5.0,6.0,late,2.0,True,False,1,False,2,1,0.7,0.3,False,False,4.0,right,1.0,0.0,1,1.0641125459223986,True,1.0,nan,1,0.25,-7.5,0.25,rl,76
1,68,5.0,7.0,late,2.0,True,False,1,False,2,1,0.7,0.3,False,False,1.0,left,0.0,1.0,2,1.8249976467341185,False,nan,0.0,0,-0.75,-8.25,0.75,rl,76
1,69,5.0,8.0,late,2.0,True,False,1,False,2,1,0.7,0.3,False,False,4.0,right,1.0,0.0,1,0.47169889882206917,True,1.0,nan,1,0.75,-7.5,0.75,rl,76
1,70,5.0,9.0,late,2.0,True,False,1,True,1,2,0.7,0.3,False,False,1.0,left,1.0,0.0,1,0.9850098106544465,True,0.0,nan,0,-0.5,-8.0,0.5,rl,76
