sessNo,trialNo,block,blockTrialNo,trialClass,blockBin,stim1_High,stim2_High,stimHigh,stim1_left,leftStim,rightStim,stim1_pWin,stim2_pWin,reverseStatus,reverseTrial,responseKey,response_LR,selected_stim1,selected_stim2,response_stimID,RT,highChosen,stim1_isWin,stim2_isWin,isWin,payOut,accum_payOut,abs_outMag,instructCond,subID
1,1,1.0,1.0,early,1.0,True,False,1,False,2,1,0.7,0.3,False,False,4.0,right,1.0,0.0,1,0.9377132087247446,True,0.0,nan,0,-0.5,-0.5,0.5,rl,72
1,2,1.0,2.0,early,1.0,True,False,1,True,1,2,0.7,0.3,False,False,1.0,left,1.0,0.0,1,0.6976232641609386,True,0.0,nan,0,-0.75,-1.25,0.75,rl,72
1,3,1.0,3.0,early,1.0,True,False,1,False,2,1,0.7,0.3,False,False,1.0,left,0.0,1.0,2,0.5305025047855452,False,nan,1.0,1,0.75,-0.5,0.75,rl,72
1,4,1.0,4.0,early,1.0,True,False,1,False,2,1,0.7,0.3,False,False,1.0,left,0.0,1.0,2,0.5019637270597741,False,nan,0.0,0,-0.75,-1.25,0.75,rl,72
1,5,1.0,5.0,early,1.0,True,False,1,False,2,1,0.7,0.3,False,False,1.0,left,0.0,1.0,2,0.47725563228596,False,nan,1.0,1,0.25,-1.0,0.25,rl,72
1,6,1.0,6.0,early,2.0,True,False,1,False,2,1,0.7,0.3,False,False,1.0,left,0.0,1.0,2,0.6357423263834789,False,nan,1.0,1,0.5,-0.5,0.5,rl,72
1,7,1.0,7.0,early,2.0,True,False,1,True,1,2,0.7,0.3,False,False,4.0,right,0.0,1.0,2,0.45328681264072657,False,nan,0.0,0,-0.25,-0.75,0.25,rl,72
1,8,1.0,8.0,late,2.0,True,False,1,True,1,2,0.7,0.3,False,False,4.0,right,0.0,1.0,2,0.5548120772000402,False,nan,0.0,0,-0.5,-1.25,0.5,rl,72
1,9,1.0,9.0,late,2.0,True,False,1,True,1,2,0.7,0.3,False,False,1.0,left,1.0,0.0,1,0.48183350800536573,True,1.0,nan,1,0.25,-1.0,0.25,rl,72
1,10,1.0,10.0,late,2.0,True,False,1,True,1,2,0.7,0.3,False,False,1.0,left,1.0,0.0,1,0.6129151165951043,True,1.0,nan,1,0.5,-0.5,0.5,rl,72
1,11,1.0,11.0,late,3.0,True,False,1,True,1,2,0.7,0.3,False,False,1.0,left,1.0,0.0,1,0.5306107128271833,True,1.0,nan,1,0.25,-0.25,0.25,rl,72
1,12,1.0,12.0,late,3.0,True,False,1,True,1,2,0.7,0.3,True,False,1.0,left,1.0,0.0,1,0.6965051140869036,True,1.0,nan,1,0.75,0.5,0.75,rl,72
1,13,1.0,13.0,late,3.0,True,False,1,True,1,2,0.7,0.3,True,False,1.0,left,1.0,0.0,1,0.7306671921396628,True,1.0,nan,1,0.25,0.75,0.25,rl,72
1,14,1.0,14.0,late,3.0,True,False,1,True,1,2,0.7,0.3,True,False,1.0,left,1.0,0.0,1,0.45792480395175517,True,1.0,nan,1,0.25,1.0,0.25,rl,72
1,15,1.0,15.0,late,3.0,True,False,1,False,2,1,0.7,0.3,True,True,4.0,right,1.0,0.0,1,0.45339766005054116,True,0.0,nan,0,-0.75,0.25,0.75,rl,72
1,16,2.0,1.0,early,1.0,False,True,2,True,1,2,0.3,0.7,False,False,1.0,left,1.0,0.0,1,0.46338740503415465,False,1.0,nan,1,0.25,0.5,0.25,rl,72
1,17,2.0,2.0,early,1.0,False,True,2,False,2,1,0.3,0.7,False,False,4.0,right,1.0,0.0,1,0.44217539846431464,False,0.0,nan,0,-0.25,0.25,0.25,rl,72
1,18,2.0,3.0,early,1.0,False,True,2,False,2,1,0.3,0.7,False,False,4.0,right,1.0,0.0,1,0.5040337562095374,False,0.0,nan,0,-0.5,-0.25,0.5,rl,72
1,19,2.0,4.0,early,1.0,False,True,2,True,1,2,0.3,0.7,False,False,4.0,right,0.0,1.0,2,0.4425085268449038,True,nan,0.0,0,-0.5,-0.75,0.5,rl,72
1,20,2.0,5.0,early,1.0,False,True,2,False,2,1,0.3,0.7,False,False,1.0,left,0.0,1.0,2,0.5059729972854257,True,nan,0.0,0,-0.5,-1.25,0.5,rl,72
1,21,2.0,6.0,early,2.0,False,True,2,True,1,2,0.3,0.7,False,False,1.0,left,1.0,0.0,1,0.48998664843384176,False,1.0,nan,1,0.5,-0.75,0.5,rl,72
1,22,2.0,7.0,early,2.0,False,True,2,True,1,2,0.3,0.7,False,False,1.0,left,1.0,0.0,1,0.46594598330557346,False,0.0,nan,0,-0.25,-1.0,0.25,rl,72
1,23,2.0,8.0,early,2.0,False,True,2,False,2,1,0.3,0.7,False,False,4.0,right,1.0,0.0,1,0.5356501588830724,False,0.0,nan,0,-0.75,-1.75,0.75,rl,72
1,24,2.0,9.0,early,2.0,False,True,2,False,2,1,0.3,0.7,False,False,4.0,right,1.0,0.0,1,0.42204254015814513,False,1.0,nan,1,0.75,-1.0,0.75,rl,72
1,25,2.0,10.0,early,2.0,False,True,2,False,2,1,0.3,0.7,False,False,4.0,right,1.0,0.0,1,0.36285419447813183,False,1.0,nan,1,0.5,-0.5,0.5,rl,72
1,26,2.0,11.0,late,3.0,False,True,2,True,1,2,0.3,0.7,False,False,1.0,left,1.0,0.0,1,0.4211971096228808,False,0.0,nan,0,-0.5,-1.0,0.5,rl,72
1,27,2.0,12.0,late,3.0,False,True,2,True,1,2,0.3,0.7,False,False,1.0,left,1.0,0.0,1,0.4613159097498283,False,0.0,nan,0,-0.75,-1.75,0.75,rl,72
1,28,2.0,13.0,late,3.0,False,True,2,True,1,2,0.3,0.7,False,False,1.0,left,1.0,0.0,1,0.3955899201100692,False,0.0,nan,0,-0.25,-2.0,0.25,rl,72
1,29,2.0,14.0,late,3.0,False,True,2,False,2,1,0.3,0.7,False,False,4.0,right,1.0,0.0,1,0.6298096505925059,False,0.0,nan,0,-0.5,-2.5,0.5,rl,72
1,30,2.0,15.0,late,3.0,False,True,2,True,1,2,0.3,0.7,False,False,4.0,right,0.0,1.0,2,0.45007048186380416,True,nan,0.0,0,-0.25,-2.75,0.25,rl,72
1,31,2.0,16.0,late,4.0,False,True,2,True,1,2,0.3,0.7,False,False,1.0,left,1.0,0.0,1,0.406798399053514,False,0.0,nan,0,-0.25,-3.0,0.25,rl,72
1,32,2.0,17.0,late,4.0,False,True,2,False,2,1,0.3,0.7,False,False,1.0,left,0.0,1.0,2,0.4922686950303614,True,nan,1.0,1,0.75,-2.25,0.75,rl,72
1,33,2.0,18.0,late,4.0,False,True,2,False,2,1,0.3,0.7,False,False,1.0,left,0.0,1.0,2,0.48932420392520726,True,nan,0.0,0,-0.75,-3.0,0.75,rl,72
1,34,2.0,19.0,late,4.0,False,True,2,False,2,1,0.3,0.7,False,False,1.0,left,0.0,1.0,2,0.5044498733477667,True,nan,1.0,1,0.25,-2.75,0.25,rl,72
1,35,2.0,20.0,late,4.0,False,True,2,False,2,1,0.3,0.7,True,True,1.0,left,0.0,1.0,2,0.42800483386963606,True,nan,1.0,1,0.75,-2.0,0.75,rl,72
1,36,3.0,1.0,early,1.0,True,False,1,True,1,2,0.7,0.3,False,False,4.0,right,0.0,1.0,2,0.45179301348980516,False,nan,0.0,0,-0.25,-2.25,0.25,rl,72
1,37,3.0,2.0,early,1.0,True,False,1,False,2,1,0.7,0.3,False,False,4.0,right,1.0,0.0,1,0.9928767422679812,True,1.0,nan,1,0.25,-2.0,0.25,rl,72
1,38,3.0,3.0,early,1.0,True,False,1,True,1,2,0.7,0.3,False,False,4.0,right,0.0,1.0,2,0.4694951492128894,False,nan,0.0,0,-0.5,-2.5,0.5,rl,72
1,39,3.0,4.0,late,1.0,True,False,1,True,1,2,0.7,0.3,False,False,1.0,left,1.0,0.0,1,0.4790511823957786,True,0.0,nan,0,-0.75,-3.25,0.75,rl,72
1,40,3.0,5.0,late,1.0,True,False,1,True,1,2,0.7,0.3,False,False,1.0,left,1.0,0.0,1,0.3884317660704255,True,1.0,nan,1,0.25,-3.0,0.25,rl,72
1,41,3.0,6.0,late,2.0,True,False,1,False,2,1,0.7,0.3,False,False,4.0,right,1.0,0.0,1,0.7379763684002683,True,1.0,nan,1,0.75,-2.25,0.75,rl,72
1,42,3.0,7.0,late,2.0,True,False,1,False,2,1,0.7,0.3,True,True,4.0,right,1.0,0.0,1,0.43168097571469843,True,1.0,nan,1,0.5,-1.75,0.5,rl,72
1,43,4.0,1.0,early,1.0,False,True,2,False,2,1,0.3,0.7,False,False,4.0,right,1.0,0.0,1,0.48988430539611727,False,0.0,nan,0,-0.25,-2.0,0.25,rl,72
1,44,4.0,2.0,early,1.0,False,True,2,True,1,2,0.3,0.7,False,False,4.0,right,0.0,1.0,2,0.638634912786074,True,nan,1.0,1,0.5,-1.5,0.5,rl,72
1,45,4.0,3.0,early,1.0,False,True,2,False,2,1,0.3,0.7,False,False,4.0,right,1.0,0.0,1,0.5200541216181591,False,0.0,nan,0,-0.25,-1.75,0.25,rl,72
1,46,4.0,4.0,early,1.0,False,True,2,True,1,2,0.3,0.7,False,False,1.0,left,1.0,0.0,1,0.4504229645244777,False,0.0,nan,0,-0.5,-2.25,0.5,rl,72
1,47,4.0,5.0,early,1.0,False,True,2,False,2,1,0.3,0.7,False,False,4.0,right,1.0,0.0,1,0.46232937066815794,False,0.0,nan,0,-0.5,-2.75,0.5,rl,72
1,48,4.0,6.0,early,2.0,False,True,2,False,2,1,0.3,0.7,False,False,4.0,right,1.0,0.0,1,0.4006369906710461,False,0.0,nan,0,-0.75,-3.5,0.75,rl,72
1,49,4.0,7.0,late,2.0,False,True,2,False,2,1,0.3,0.7,False,False,1.0,left,0.0,1.0,2,0.4762445173691958,True,nan,1.0,1,0.5,-3.0,0.5,rl,72
1,50,4.0,8.0,late,2.0,False,True,2,True,1,2,0.3,0.7,False,False,4.0,right,0.0,1.0,2,0.3885561026399955,True,nan,0.0,0,-0.75,-3.75,0.75,rl,72
1,51,4.0,9.0,late,2.0,False,True,2,True,1,2,0.3,0.7,False,False,4.0,right,0.0,1.0,2,0.4501329434569925,True,nan,1.0,1,0.25,-3.5,0.25,rl,72
1,52,4.0,10.0,late,2.0,False,True,2,False,2,1,0.3,0.7,True,False,1.0,left,0.0,1.0,2,0.5598966833204031,True,nan,0.0,0,-0.75,-4.25,0.75,rl,72
1,53,4.0,11.0,late,3.0,False,True,2,True,1,2,0.3,0.7,True,False,4.0,right,0.0,1.0,2,0.5873525005299598,True,nan,1.0,1,0.25,-4.0,0.25,rl,72
1,54,4.0,12.0,late,3.0,False,True,2,True,1,2,0.3,0.7,True,False,1.0,left,1.0,0.0,1,0.44594889821019024,False,0.0,nan,0,-0.5,-4.5,0.5,rl,72
1,55,4.0,13.0,late,3.0,False,True,2,True,1,2,0.3,0.7,True,True,1.0,left,1.0,0.0,1,0.5593920056708157,False,0.0,nan,0,-0.75,-5.25,0.75,rl,72
1,56,5.0,1.0,early,1.0,True,False,1,True,1,2,0.7,0.3,False,False,1.0,left,1.0,0.0,1,0.5277550755999982,True,1.0,nan,1,0.25,-5.0,0.25,rl,72
1,57,5.0,2.0,early,1.0,True,False,1,True,1,2,0.7,0.3,False,False,1.0,left,1.0,0.0,1,0.4623601615894586,True,0.0,nan,0,-0.25,-5.25,0.25,rl,72
1,58,5.0,3.0,early,1.0,True,False,1,True,1,2,0.7,0.3,False,False,1.0,left,1.0,0.0,1,0.4726006328128278,True,1.0,nan,1,0.5,-4.75,0.5,rl,72
1,59,5.0,4.0,late,1.0,True,False,1,True,1,2,0.7,0.3,True,False,1.0,left,1.0,0.0,1,0.48248598212376237,True,1.0,nan,1,0.75,-4.0,0.75,rl,72
1,60,5.0,5.0,late,1.0,True,False,1,False,2,1,0.7,0.3,True,False,4.0,right,1.0,0.0,1,0.729215034050867,True,0.0,nan,0,-0.5,-4.5,0.5,rl,72
1,61,5.0,6.0,late,2.0,True,False,1,True,1,2,0.7,0.3,True,False,4.0,right,0.0,1.0,2,0.4270233368733898,False,nan,0.0,0,-0.25,-4.75,0.25,rl,72
1,62,5.0,7.0,late,2.0,True,False,1,True,1,2,0.7,0.3,True,True,1.0,left,1.0,0.0,1,0.504163078032434,True,0.0,nan,0,-0.5,-5.25,0.5,rl,72
1,63,6.0,1.0,early,1.0,False,True,2,True,1,2,0.3,0.7,False,False,1.0,left,1.0,0.0,1,0.41250791400671005,False,0.0,nan,0,-0.25,-5.5,0.25,rl,72
1,64,6.0,2.0,early,1.0,False,True,2,True,1,2,0.3,0.7,False,False,1.0,left,1.0,0.0,1,0.3976989510701969,False,1.0,nan,1,0.5,-5.0,0.5,rl,72
1,65,6.0,3.0,early,1.0,False,True,2,False,2,1,0.3,0.7,False,False,4.0,right,1.0,0.0,1,0.43364455620758235,False,0.0,nan,0,-0.75,-5.75,0.75,rl,72
1,66,6.0,4.0,early,1.0,False,True,2,False,2,1,0.3,0.7,False,False,4.0,right,1.0,0.0,1,0.45503192429896444,False,0.0,nan,0,-0.25,-6.0,0.25,rl,72
1,67,6.0,5.0,late,1.0,False,True,2,True,1,2,0.3,0.7,False,False,4.0,right,0.0,1.0,2,0.6296498310985044,True,nan,0.0,0,-0.75,-6.75,0.75,rl,72
1,68,6.0,6.0,late,2.0,False,True,2,False,2,1,0.3,0.7,False,False,4.0,right,1.0,0.0,1,0.45518148015253246,False,1.0,nan,1,0.75,-6.0,0.75,rl,72
1,69,6.0,7.0,late,2.0,False,True,2,False,2,1,0.3,0.7,False,False,4.0,right,1.0,0.0,1,0.43395305168814957,False,0.0,nan,0,-0.5,-6.5,0.5,rl,72
1,70,6.0,8.0,late,2.0,False,True,2,False,2,1,0.3,0.7,False,False,4.0,right,1.0,0.0,1,0.4199273510603234,False,0.0,nan,0,-0.25,-6.75,0.25,rl,72
