sessNo,trialNo,block,blockTrialNo,trialClass,blockBin,stim1_High,stim2_High,stimHigh,stim1_left,leftStim,rightStim,stim1_pWin,stim2_pWin,reverseStatus,reverseTrial,responseKey,response_LR,selected_stim1,selected_stim2,response_stimID,RT,highChosen,stim1_isWin,stim2_isWin,isWin,payOut,accum_payOut,abs_outMag,instructCond,subID
1,1,1.0,1.0,early,1.0,False,True,2,True,1,2,0.3,0.7,False,False,1.0,left,1.0,0.0,1,1.0000249257650466,False,1.0,nan,1,0.25,0.25,0.25,hm,77
1,2,1.0,2.0,early,1.0,False,True,2,False,2,1,0.3,0.7,False,False,4.0,right,1.0,0.0,1,1.0242524763011716,False,0.0,nan,0,-0.25,0.0,0.25,hm,77
1,3,1.0,3.0,early,1.0,False,True,2,True,1,2,0.3,0.7,False,False,4.0,right,0.0,1.0,2,0.5993869434737462,True,nan,1.0,1,0.5,0.5,0.5,hm,77
1,4,1.0,4.0,early,1.0,False,True,2,False,2,1,0.3,0.7,False,False,1.0,left,0.0,1.0,2,0.5921291471340737,True,nan,0.0,0,-0.75,-0.25,0.75,hm,77
1,5,1.0,5.0,early,1.0,False,True,2,True,1,2,0.3,0.7,False,False,1.0,left,1.0,0.0,1,1.0338905365961182,False,0.0,nan,0,-0.75,-1.0,0.75,hm,77
1,6,1.0,6.0,early,2.0,False,True,2,True,1,2,0.3,0.7,False,False,4.0,right,0.0,1.0,2,0.5965108034129116,True,nan,1.0,1,0.75,-0.25,0.75,hm,77
1,7,1.0,7.0,early,2.0,False,True,2,False,2,1,0.3,0.7,False,False,1.0,left,0.0,1.0,2,0.557994924527975,True,nan,1.0,1,0.5,0.25,0.5,hm,77
1,8,1.0,8.0,early,2.0,False,True,2,True,1,2,0.3,0.7,False,False,1.0,left,1.0,0.0,1,0.4857099121854844,False,0.0,nan,0,-0.5,-0.25,0.5,hm,77
1,9,1.0,9.0,late,2.0,False,True,2,False,2,1,0.3,0.7,False,False,1.0,left,0.0,1.0,2,1.4530867774387843,True,nan,1.0,1,0.25,0.0,0.25,hm,77
1,10,1.0,10.0,late,2.0,False,True,2,True,1,2,0.3,0.7,False,False,4.0,right,0.0,1.0,2,0.5071457770181951,True,nan,1.0,1,0.5,0.5,0.5,hm,77
1,11,1.0,11.0,late,3.0,False,True,2,False,2,1,0.3,0.7,False,False,1.0,left,0.0,1.0,2,0.4070647242947416,True,nan,0.0,0,-0.25,0.25,0.25,hm,77
1,12,1.0,12.0,late,3.0,False,True,2,True,1,2,0.3,0.7,False,False,1.0,left,1.0,0.0,1,0.7591810390581486,False,1.0,nan,1,0.75,1.0,0.75,hm,77
1,13,1.0,13.0,late,3.0,False,True,2,True,1,2,0.3,0.7,False,False,1.0,left,1.0,0.0,1,0.4731244534659709,False,0.0,nan,0,-0.5,0.5,0.5,hm,77
1,14,1.0,14.0,late,3.0,False,True,2,True,1,2,0.3,0.7,False,False,4.0,right,0.0,1.0,2,0.6078183034878748,True,nan,1.0,1,0.25,0.75,0.25,hm,77
1,15,1.0,15.0,late,3.0,False,True,2,True,1,2,0.3,0.7,False,False,4.0,right,0.0,1.0,2,0.34622884902182705,True,nan,1.0,1,0.5,1.25,0.5,hm,77
1,16,1.0,16.0,late,4.0,False,True,2,True,1,2,0.3,0.7,False,False,4.0,right,0.0,1.0,2,0.5247999634029838,True,nan,1.0,1,0.5,1.75,0.5,hm,77
1,17,1.0,17.0,late,4.0,False,True,2,False,2,1,0.3,0.7,True,True,1.0,left,0.0,1.0,2,0.5621710165546574,True,nan,1.0,1,0.25,2.0,0.25,hm,77
1,18,2.0,1.0,early,1.0,True,False,1,False,2,1,0.7,0.3,False,False,1.0,left,0.0,1.0,2,0.6096185302244521,False,nan,1.0,1,0.75,2.75,0.75,hm,77
1,19,2.0,2.0,early,1.0,True,False,1,True,1,2,0.7,0.3,False,False,4.0,right,0.0,1.0,2,0.5026620717239894,False,nan,1.0,1,0.25,3.0,0.25,hm,77
1,20,2.0,3.0,early,1.0,True,False,1,False,2,1,0.7,0.3,False,False,1.0,left,0.0,1.0,2,0.3768922321341961,False,nan,0.0,0,-0.5,2.5,0.5,hm,77
1,21,2.0,4.0,late,1.0,True,False,1,False,2,1,0.7,0.3,False,False,4.0,right,1.0,0.0,1,0.42314858747158723,True,1.0,nan,1,0.5,3.0,0.5,hm,77
1,22,2.0,5.0,late,1.0,True,False,1,True,1,2,0.7,0.3,False,False,1.0,left,1.0,0.0,1,0.45894110657491183,True,1.0,nan,1,0.75,3.75,0.75,hm,77
1,23,2.0,6.0,late,2.0,True,False,1,False,2,1,0.7,0.3,False,False,4.0,right,1.0,0.0,1,0.36248308713493316,True,1.0,nan,1,0.25,4.0,0.25,hm,77
1,24,2.0,7.0,late,2.0,True,False,1,True,1,2,0.7,0.3,True,True,1.0,left,1.0,0.0,1,0.35506312669986073,True,0.0,nan,0,-0.25,3.75,0.25,hm,77
1,25,3.0,1.0,early,1.0,False,True,2,True,1,2,0.3,0.7,False,False,4.0,right,0.0,1.0,2,0.42550421890564394,True,nan,1.0,1,0.75,4.5,0.75,hm,77
1,26,3.0,2.0,early,1.0,False,True,2,True,1,2,0.3,0.7,False,False,4.0,right,0.0,1.0,2,0.5090037728809875,True,nan,1.0,1,0.5,5.0,0.5,hm,77
1,27,3.0,3.0,early,1.0,False,True,2,False,2,1,0.3,0.7,False,False,1.0,left,0.0,1.0,2,0.4740323378082394,True,nan,0.0,0,-0.5,4.5,0.5,hm,77
1,28,3.0,4.0,early,1.0,False,True,2,True,1,2,0.3,0.7,False,False,1.0,left,1.0,0.0,1,0.5689924653811431,False,0.0,nan,0,-0.25,4.25,0.25,hm,77
1,29,3.0,5.0,early,1.0,False,True,2,False,2,1,0.3,0.7,False,False,1.0,left,0.0,1.0,2,0.618496501302161,True,nan,1.0,1,0.75,5.0,0.75,hm,77
1,30,3.0,6.0,late,2.0,False,True,2,False,2,1,0.3,0.7,False,False,1.0,left,0.0,1.0,2,1.2799814435011285,True,nan,1.0,1,0.25,5.25,0.25,hm,77
1,31,3.0,7.0,late,2.0,False,True,2,True,1,2,0.3,0.7,False,False,4.0,right,0.0,1.0,2,0.360738283570754,True,nan,1.0,1,0.25,5.5,0.25,hm,77
1,32,3.0,8.0,late,2.0,False,True,2,False,2,1,0.3,0.7,True,False,1.0,left,0.0,1.0,2,0.39711113313705937,True,nan,1.0,1,0.5,6.0,0.5,hm,77
1,33,3.0,9.0,late,2.0,False,True,2,True,1,2,0.3,0.7,True,False,4.0,right,0.0,1.0,2,0.5364678607184032,True,nan,0.0,0,-0.5,5.5,0.5,hm,77
1,34,3.0,10.0,late,2.0,False,True,2,False,2,1,0.3,0.7,True,False,4.0,right,1.0,0.0,1,1.3680309759815827,False,0.0,nan,0,-0.5,5.0,0.5,hm,77
1,35,3.0,11.0,late,3.0,False,True,2,True,1,2,0.3,0.7,True,True,1.0,left,1.0,0.0,1,0.4292105335694032,False,1.0,nan,1,0.75,5.75,0.75,hm,77
1,36,4.0,1.0,early,1.0,True,False,1,True,1,2,0.7,0.3,False,False,1.0,left,1.0,0.0,1,0.4031484467145674,True,0.0,nan,0,-0.25,5.5,0.25,hm,77
1,37,4.0,2.0,early,1.0,True,False,1,False,2,1,0.7,0.3,False,False,1.0,left,0.0,1.0,2,0.4478855033507898,False,nan,0.0,0,-0.75,4.75,0.75,hm,77
1,38,4.0,3.0,early,1.0,True,False,1,True,1,2,0.7,0.3,False,False,1.0,left,1.0,0.0,1,0.5412714955400588,True,1.0,nan,1,0.25,5.0,0.25,hm,77
1,39,4.0,4.0,late,1.0,True,False,1,True,1,2,0.7,0.3,False,False,1.0,left,1.0,0.0,1,0.5748412228754205,True,1.0,nan,1,0.5,5.5,0.5,hm,77
1,40,4.0,5.0,late,1.0,True,False,1,False,2,1,0.7,0.3,False,False,4.0,right,1.0,0.0,1,0.5163938223986406,True,1.0,nan,1,0.75,6.25,0.75,hm,77
1,41,4.0,6.0,late,2.0,True,False,1,True,1,2,0.7,0.3,True,True,1.0,left,1.0,0.0,1,0.486872919065263,True,0.0,nan,0,-0.75,5.5,0.75,hm,77
1,42,5.0,1.0,early,1.0,False,True,2,False,2,1,0.3,0.7,False,False,1.0,left,0.0,1.0,2,0.5477237497971146,True,nan,1.0,1,0.5,6.0,0.5,hm,77
1,43,5.0,2.0,early,1.0,False,True,2,False,2,1,0.3,0.7,False,False,1.0,left,0.0,1.0,2,0.5310079451610363,True,nan,1.0,1,0.75,6.75,0.75,hm,77
1,44,5.0,3.0,early,1.0,False,True,2,True,1,2,0.3,0.7,False,False,4.0,right,0.0,1.0,2,0.4405834271224194,True,nan,1.0,1,0.5,7.25,0.5,hm,77
1,45,5.0,4.0,late,1.0,False,True,2,True,1,2,0.3,0.7,True,False,4.0,right,0.0,1.0,2,1.2248975551051444,True,nan,1.0,1,0.5,7.75,0.5,hm,77
1,46,5.0,5.0,late,1.0,False,True,2,False,2,1,0.3,0.7,True,False,1.0,left,0.0,1.0,2,0.6285172454040548,True,nan,1.0,1,0.75,8.5,0.75,hm,77
1,47,5.0,6.0,late,2.0,False,True,2,False,2,1,0.3,0.7,True,True,1.0,left,0.0,1.0,2,0.4180414448032934,True,nan,1.0,1,0.25,8.75,0.25,hm,77
1,48,6.0,1.0,early,1.0,True,False,1,False,2,1,0.7,0.3,False,False,1.0,left,0.0,1.0,2,0.6083804528043402,False,nan,1.0,1,0.75,9.5,0.75,hm,77
1,49,6.0,2.0,early,1.0,True,False,1,True,1,2,0.7,0.3,False,False,4.0,right,0.0,1.0,2,0.4837173171899849,False,nan,0.0,0,-0.25,9.25,0.25,hm,77
1,50,6.0,3.0,early,1.0,True,False,1,True,1,2,0.7,0.3,False,False,1.0,left,1.0,0.0,1,1.026733029805655,True,1.0,nan,1,0.25,9.5,0.25,hm,77
1,51,6.0,4.0,early,1.0,True,False,1,True,1,2,0.7,0.3,False,False,1.0,left,1.0,0.0,1,0.5100755807852693,True,1.0,nan,1,0.5,10.0,0.5,hm,77
1,52,6.0,5.0,late,1.0,True,False,1,True,1,2,0.7,0.3,False,False,1.0,left,1.0,0.0,1,0.3875657380399389,True,1.0,nan,1,0.25,10.25,0.25,hm,77
1,53,6.0,6.0,late,2.0,True,False,1,False,2,1,0.7,0.3,True,False,4.0,right,1.0,0.0,1,0.44998747846830156,True,1.0,nan,1,0.25,10.5,0.25,hm,77
1,54,6.0,7.0,late,2.0,True,False,1,True,1,2,0.7,0.3,True,False,1.0,left,1.0,0.0,1,0.4675683537793702,True,0.0,nan,0,-0.75,9.75,0.75,hm,77
1,55,6.0,8.0,late,2.0,True,False,1,True,1,2,0.7,0.3,True,True,4.0,right,0.0,1.0,2,0.5061513856085185,False,nan,1.0,1,0.75,10.5,0.75,hm,77
1,56,7.0,1.0,early,1.0,False,True,2,True,1,2,0.3,0.7,False,False,4.0,right,0.0,1.0,2,0.6598122767313725,True,nan,1.0,1,0.5,11.0,0.5,hm,77
1,57,7.0,2.0,early,1.0,False,True,2,False,2,1,0.3,0.7,False,False,1.0,left,0.0,1.0,2,0.44828079666285703,True,nan,0.0,0,-0.5,10.5,0.5,hm,77
1,58,7.0,3.0,early,1.0,False,True,2,True,1,2,0.3,0.7,False,False,1.0,left,1.0,0.0,1,0.5507526701358074,False,0.0,nan,0,-0.75,9.75,0.75,hm,77
1,59,7.0,4.0,early,1.0,False,True,2,True,1,2,0.3,0.7,False,False,4.0,right,0.0,1.0,2,0.5871243467249769,True,nan,0.0,0,-0.5,9.25,0.5,hm,77
1,60,7.0,5.0,early,1.0,False,True,2,False,2,1,0.3,0.7,False,False,4.0,right,1.0,0.0,1,0.6429131944100845,False,1.0,nan,1,0.25,9.5,0.25,hm,77
1,61,7.0,6.0,early,2.0,False,True,2,True,1,2,0.3,0.7,False,False,1.0,left,1.0,0.0,1,0.8702112473265515,False,1.0,nan,1,0.75,10.25,0.75,hm,77
1,62,7.0,7.0,early,2.0,False,True,2,True,1,2,0.3,0.7,False,False,1.0,left,1.0,0.0,1,0.3748210476683198,False,1.0,nan,1,0.25,10.5,0.25,hm,77
1,63,7.0,8.0,late,2.0,False,True,2,True,1,2,0.3,0.7,False,False,1.0,left,1.0,0.0,1,0.45811503739150794,False,0.0,nan,0,-0.75,9.75,0.75,hm,77
1,64,7.0,9.0,late,2.0,False,True,2,False,2,1,0.3,0.7,False,False,1.0,left,0.0,1.0,2,0.48934350226363676,True,nan,1.0,1,0.5,10.25,0.5,hm,77
1,65,7.0,10.0,late,2.0,False,True,2,True,1,2,0.3,0.7,False,False,4.0,right,0.0,1.0,2,0.6612263007286856,True,nan,1.0,1,0.5,10.75,0.5,hm,77
1,66,7.0,11.0,late,3.0,False,True,2,False,2,1,0.3,0.7,False,False,1.0,left,0.0,1.0,2,0.7009758583699295,True,nan,0.0,0,-0.5,10.25,0.5,hm,77
1,67,7.0,12.0,late,3.0,False,True,2,True,1,2,0.3,0.7,False,False,1.0,left,1.0,0.0,1,0.4554037006259932,False,0.0,nan,0,-0.25,10.0,0.25,hm,77
1,68,7.0,13.0,late,3.0,False,True,2,False,2,1,0.3,0.7,False,False,1.0,left,0.0,1.0,2,0.43309220832315987,True,nan,1.0,1,0.5,10.5,0.5,hm,77
1,69,7.0,14.0,late,3.0,False,True,2,True,1,2,0.3,0.7,False,False,4.0,right,0.0,1.0,2,1.0036013332060065,True,nan,1.0,1,0.75,11.25,0.75,hm,77
1,70,7.0,15.0,late,3.0,False,True,2,True,1,2,0.3,0.7,False,False,4.0,right,0.0,1.0,2,0.9291504184889163,True,nan,1.0,1,0.25,11.5,0.25,hm,77
