sessNo,trialNo,block,blockTrialNo,trialClass,blockBin,stim1_High,stim2_High,stimHigh,stim1_left,leftStim,rightStim,stim1_pWin,stim2_pWin,reverseStatus,reverseTrial,responseKey,response_LR,selected_stim1,selected_stim2,response_stimID,RT,highChosen,stim1_isWin,stim2_isWin,isWin,payOut,accum_payOut,abs_outMag,instructCond,subID
1,1,1.0,1.0,early,1.0,True,False,1,True,1,2,0.7,0.3,False,False,1.0,left,1.0,0.0,1,1.0551759670488536,True,1.0,nan,1,0.5,0.5,0.5,hm,79
1,2,1.0,2.0,early,1.0,True,False,1,True,1,2,0.7,0.3,False,False,4.0,right,0.0,1.0,2,0.9732707823859528,False,nan,0.0,0,-0.5,0.0,0.5,hm,79
1,3,1.0,3.0,early,1.0,True,False,1,False,2,1,0.7,0.3,False,False,4.0,right,1.0,0.0,1,1.1685650325380266,True,1.0,nan,1,0.75,0.75,0.75,hm,79
1,4,1.0,4.0,early,1.0,True,False,1,True,1,2,0.7,0.3,False,False,1.0,left,1.0,0.0,1,0.7266007179860026,True,1.0,nan,1,0.25,1.0,0.25,hm,79
1,5,1.0,5.0,early,1.0,True,False,1,True,1,2,0.7,0.3,False,False,1.0,left,1.0,0.0,1,0.825727847055532,True,0.0,nan,0,-0.5,0.5,0.5,hm,79
1,6,1.0,6.0,early,2.0,True,False,1,True,1,2,0.7,0.3,False,False,4.0,right,0.0,1.0,2,0.9491364834830165,False,nan,0.0,0,-0.75,-0.25,0.75,hm,79
1,7,1.0,7.0,early,2.0,True,False,1,False,2,1,0.7,0.3,False,False,4.0,right,1.0,0.0,1,0.6255496131489053,True,1.0,nan,1,0.25,0.0,0.25,hm,79
1,8,1.0,8.0,early,2.0,True,False,1,True,1,2,0.7,0.3,False,False,1.0,left,1.0,0.0,1,0.9622277886373922,True,0.0,nan,0,-0.75,-0.75,0.75,hm,79
1,9,1.0,9.0,early,2.0,True,False,1,True,1,2,0.7,0.3,False,False,1.0,left,1.0,0.0,1,1.9442390104522929,True,0.0,nan,0,-0.25,-1.0,0.25,hm,79
1,10,1.0,10.0,early,2.0,True,False,1,False,2,1,0.7,0.3,False,False,1.0,left,0.0,1.0,2,0.5706624917220324,False,nan,1.0,1,0.5,-0.5,0.5,hm,79
1,11,1.0,11.0,early,3.0,True,False,1,False,2,1,0.7,0.3,False,False,4.0,right,1.0,0.0,1,0.4847680114908144,True,1.0,nan,1,0.75,0.25,0.75,hm,79
1,12,1.0,12.0,early,3.0,True,False,1,True,1,2,0.7,0.3,False,False,4.0,right,0.0,1.0,2,0.9377216559369117,False,nan,0.0,0,-0.25,0.0,0.25,hm,79
1,13,1.0,13.0,early,3.0,True,False,1,False,2,1,0.7,0.3,False,False,1.0,left,0.0,1.0,2,0.6248305781045929,False,nan,1.0,1,0.5,0.5,0.5,hm,79
1,14,1.0,14.0,early,3.0,True,False,1,True,1,2,0.7,0.3,False,False,1.0,left,1.0,0.0,1,0.6952907311497256,True,1.0,nan,1,0.5,1.0,0.5,hm,79
1,15,1.0,15.0,early,3.0,True,False,1,True,1,2,0.7,0.3,False,False,4.0,right,0.0,1.0,2,0.7135704075917602,False,nan,0.0,0,-0.5,0.5,0.5,hm,79
1,16,1.0,16.0,early,4.0,True,False,1,False,2,1,0.7,0.3,False,False,4.0,right,1.0,0.0,1,1.3792425851570442,True,0.0,nan,0,-0.25,0.25,0.25,hm,79
1,17,1.0,17.0,late,4.0,True,False,1,False,2,1,0.7,0.3,False,False,4.0,right,1.0,0.0,1,0.3186298687942326,True,1.0,nan,1,0.75,1.0,0.75,hm,79
1,18,1.0,18.0,late,4.0,True,False,1,False,2,1,0.7,0.3,False,False,1.0,left,0.0,1.0,2,0.8167947459733114,False,nan,0.0,0,-0.25,0.75,0.25,hm,79
1,19,1.0,19.0,late,4.0,True,False,1,True,1,2,0.7,0.3,False,False,1.0,left,1.0,0.0,1,2.3193096090108156,True,1.0,nan,1,0.75,1.5,0.75,hm,79
1,20,1.0,20.0,late,4.0,True,False,1,True,1,2,0.7,0.3,False,False,4.0,right,0.0,1.0,2,1.1434985100058839,False,nan,0.0,0,-0.5,1.0,0.5,hm,79
1,21,1.0,21.0,late,5.0,True,False,1,True,1,2,0.7,0.3,False,False,4.0,right,0.0,1.0,2,0.5479002828942612,False,nan,0.0,0,-0.75,0.25,0.75,hm,79
1,22,1.0,22.0,late,5.0,True,False,1,True,1,2,0.7,0.3,False,False,4.0,right,0.0,1.0,2,0.29357683553826064,False,nan,1.0,1,0.5,0.75,0.5,hm,79
1,23,1.0,23.0,late,5.0,True,False,1,True,1,2,0.7,0.3,False,False,1.0,left,1.0,0.0,1,0.43679471081122756,True,0.0,nan,0,-0.25,0.5,0.25,hm,79
1,24,1.0,24.0,late,5.0,True,False,1,True,1,2,0.7,0.3,False,False,1.0,left,1.0,0.0,1,1.004146181163378,True,0.0,nan,0,-0.5,0.0,0.5,hm,79
1,25,1.0,25.0,late,5.0,True,False,1,True,1,2,0.7,0.3,False,False,4.0,right,0.0,1.0,2,1.0585130871040747,False,nan,0.0,0,-0.5,-0.5,0.5,hm,79
1,26,1.0,26.0,late,6.0,True,False,1,True,1,2,0.7,0.3,False,False,4.0,right,0.0,1.0,2,0.3582480530021712,False,nan,0.0,0,-0.25,-0.75,0.25,hm,79
1,27,1.0,27.0,late,6.0,True,False,1,False,2,1,0.7,0.3,False,False,4.0,right,1.0,0.0,1,0.5659054826246575,True,1.0,nan,1,0.5,-0.25,0.5,hm,79
1,28,1.0,28.0,late,6.0,True,False,1,True,1,2,0.7,0.3,False,False,1.0,left,1.0,0.0,1,0.8142743112985045,True,1.0,nan,1,0.25,0.0,0.25,hm,79
1,29,1.0,29.0,late,6.0,True,False,1,True,1,2,0.7,0.3,False,False,4.0,right,0.0,1.0,2,2.3056030774023384,False,nan,0.0,0,-0.75,-0.75,0.75,hm,79
1,30,1.0,30.0,late,6.0,True,False,1,True,1,2,0.7,0.3,False,False,1.0,left,1.0,0.0,1,0.43902278097812086,True,1.0,nan,1,0.75,0.0,0.75,hm,79
1,31,1.0,31.0,late,7.0,True,False,1,True,1,2,0.7,0.3,False,False,1.0,left,1.0,0.0,1,0.44126991205848753,True,1.0,nan,1,0.25,0.25,0.25,hm,79
1,32,1.0,32.0,late,7.0,True,False,1,True,1,2,0.7,0.3,False,False,1.0,left,1.0,0.0,1,0.7251133829122409,True,1.0,nan,1,0.75,1.0,0.75,hm,79
1,33,1.0,33.0,late,7.0,True,False,1,False,2,1,0.7,0.3,True,True,4.0,right,1.0,0.0,1,1.6124586012447253,True,1.0,nan,1,0.75,1.75,0.75,hm,79
1,34,2.0,1.0,early,1.0,False,True,2,False,2,1,0.3,0.7,False,False,4.0,right,1.0,0.0,1,0.5802193232811987,False,1.0,nan,1,0.5,2.25,0.5,hm,79
1,35,2.0,2.0,early,1.0,False,True,2,False,2,1,0.3,0.7,False,False,4.0,right,1.0,0.0,1,0.4836912185419351,False,0.0,nan,0,-0.25,2.0,0.25,hm,79
1,36,2.0,3.0,early,1.0,False,True,2,False,2,1,0.3,0.7,False,False,4.0,right,1.0,0.0,1,0.37813470826949924,False,0.0,nan,0,-0.75,1.25,0.75,hm,79
1,37,2.0,4.0,early,1.0,False,True,2,False,2,1,0.3,0.7,False,False,1.0,left,0.0,1.0,2,1.582754420232959,True,nan,1.0,1,0.75,2.0,0.75,hm,79
1,38,2.0,5.0,late,1.0,False,True,2,False,2,1,0.3,0.7,False,False,1.0,left,0.0,1.0,2,1.339152277680114,True,nan,1.0,1,0.25,2.25,0.25,hm,79
1,39,2.0,6.0,late,2.0,False,True,2,False,2,1,0.3,0.7,False,False,1.0,left,0.0,1.0,2,1.394581314525567,True,nan,1.0,1,0.25,2.5,0.25,hm,79
1,40,2.0,7.0,late,2.0,False,True,2,True,1,2,0.3,0.7,True,False,4.0,right,0.0,1.0,2,0.6410777784185484,True,nan,0.0,0,-0.5,2.0,0.5,hm,79
1,41,2.0,8.0,late,2.0,False,True,2,True,1,2,0.3,0.7,True,False,1.0,left,1.0,0.0,1,0.57290141179692,False,0.0,nan,0,-0.25,1.75,0.25,hm,79
1,42,2.0,9.0,late,2.0,False,True,2,True,1,2,0.3,0.7,True,True,1.0,left,1.0,0.0,1,0.5624780433718115,False,0.0,nan,0,-0.25,1.5,0.25,hm,79
1,43,3.0,1.0,early,1.0,True,False,1,True,1,2,0.7,0.3,False,False,4.0,right,0.0,1.0,2,0.9309239599388093,False,nan,0.0,0,-0.5,1.0,0.5,hm,79
1,44,3.0,2.0,early,1.0,True,False,1,True,1,2,0.7,0.3,False,False,4.0,right,0.0,1.0,2,0.7795577055076137,False,nan,0.0,0,-0.5,0.5,0.5,hm,79
1,45,3.0,3.0,early,1.0,True,False,1,True,1,2,0.7,0.3,False,False,1.0,left,1.0,0.0,1,0.44106522749643773,True,1.0,nan,1,0.75,1.25,0.75,hm,79
1,46,3.0,4.0,early,1.0,True,False,1,True,1,2,0.7,0.3,False,False,1.0,left,1.0,0.0,1,0.5814620925812051,True,1.0,nan,1,0.5,1.75,0.5,hm,79
1,47,3.0,5.0,late,1.0,True,False,1,True,1,2,0.7,0.3,False,False,1.0,left,1.0,0.0,1,1.1137500491458923,True,1.0,nan,1,0.75,2.5,0.75,hm,79
1,48,3.0,6.0,late,2.0,True,False,1,False,2,1,0.7,0.3,True,False,4.0,right,1.0,0.0,1,0.772363543161191,True,1.0,nan,1,0.25,2.75,0.25,hm,79
1,49,3.0,7.0,late,2.0,True,False,1,True,1,2,0.7,0.3,True,False,1.0,left,1.0,0.0,1,0.8606896050041541,True,1.0,nan,1,0.25,3.0,0.25,hm,79
1,50,3.0,8.0,late,2.0,True,False,1,True,1,2,0.7,0.3,True,True,1.0,left,1.0,0.0,1,0.5986400501569733,True,0.0,nan,0,-0.5,2.5,0.5,hm,79
1,51,4.0,1.0,early,1.0,False,True,2,True,1,2,0.3,0.7,False,False,4.0,right,0.0,1.0,2,0.8001563579309732,True,nan,0.0,0,-0.5,2.0,0.5,hm,79
1,52,4.0,2.0,early,1.0,False,True,2,True,1,2,0.3,0.7,False,False,1.0,left,1.0,0.0,1,0.8945346887921914,False,0.0,nan,0,-0.25,1.75,0.25,hm,79
1,53,4.0,3.0,early,1.0,False,True,2,True,1,2,0.3,0.7,False,False,4.0,right,0.0,1.0,2,0.8088161550695077,True,nan,1.0,1,0.75,2.5,0.75,hm,79
1,54,4.0,4.0,early,1.0,False,True,2,False,2,1,0.3,0.7,False,False,1.0,left,0.0,1.0,2,0.5493298488436267,True,nan,1.0,1,0.5,3.0,0.5,hm,79
1,55,4.0,5.0,early,1.0,False,True,2,True,1,2,0.3,0.7,False,False,4.0,right,0.0,1.0,2,0.49411165446508676,True,nan,1.0,1,0.75,3.75,0.75,hm,79
1,56,4.0,6.0,early,2.0,False,True,2,False,2,1,0.3,0.7,False,False,4.0,right,1.0,0.0,1,0.6717716588173062,False,0.0,nan,0,-0.25,3.5,0.25,hm,79
1,57,4.0,7.0,early,2.0,False,True,2,False,2,1,0.3,0.7,False,False,4.0,right,1.0,0.0,1,0.5094627002254128,False,1.0,nan,1,0.25,3.75,0.25,hm,79
1,58,4.0,8.0,early,2.0,False,True,2,False,2,1,0.3,0.7,False,False,4.0,right,1.0,0.0,1,0.4727230020798743,False,0.0,nan,0,-0.5,3.25,0.5,hm,79
1,59,4.0,9.0,early,2.0,False,True,2,True,1,2,0.3,0.7,False,False,1.0,left,1.0,0.0,1,0.5596189113566652,False,0.0,nan,0,-0.75,2.5,0.75,hm,79
1,60,4.0,10.0,early,2.0,False,True,2,True,1,2,0.3,0.7,False,False,1.0,left,1.0,0.0,1,0.759897141600959,False,1.0,nan,1,0.5,3.0,0.5,hm,79
1,61,4.0,11.0,late,3.0,False,True,2,False,2,1,0.3,0.7,False,False,1.0,left,0.0,1.0,2,1.024466837872751,True,nan,0.0,0,-0.25,2.75,0.25,hm,79
1,62,4.0,12.0,late,3.0,False,True,2,False,2,1,0.3,0.7,False,False,4.0,right,1.0,0.0,1,0.4810496737482026,False,1.0,nan,1,0.25,3.0,0.25,hm,79
1,63,4.0,13.0,late,3.0,False,True,2,False,2,1,0.3,0.7,False,False,1.0,left,0.0,1.0,2,1.0027101638261229,True,nan,1.0,1,0.25,3.25,0.25,hm,79
1,64,4.0,14.0,late,3.0,False,True,2,True,1,2,0.3,0.7,False,False,1.0,left,1.0,0.0,1,0.5019840908935294,False,1.0,nan,1,0.5,3.75,0.5,hm,79
1,65,4.0,15.0,late,3.0,False,True,2,True,1,2,0.3,0.7,False,False,1.0,left,1.0,0.0,1,0.799541424610652,False,0.0,nan,0,-0.5,3.25,0.5,hm,79
1,66,4.0,16.0,late,4.0,False,True,2,True,1,2,0.3,0.7,False,False,4.0,right,0.0,1.0,2,0.6190014679450542,True,nan,1.0,1,0.5,3.75,0.5,hm,79
1,67,4.0,17.0,late,4.0,False,True,2,False,2,1,0.3,0.7,False,False,4.0,right,1.0,0.0,1,0.36958047887310386,False,0.0,nan,0,-0.75,3.0,0.75,hm,79
1,68,4.0,18.0,late,4.0,False,True,2,True,1,2,0.3,0.7,False,False,1.0,left,1.0,0.0,1,0.36922389385290444,False,0.0,nan,0,-0.75,2.25,0.75,hm,79
1,69,4.0,19.0,late,4.0,False,True,2,True,1,2,0.3,0.7,False,False,4.0,right,0.0,1.0,2,0.7262570356251672,True,nan,0.0,0,-0.5,1.75,0.5,hm,79
1,70,4.0,20.0,late,4.0,False,True,2,False,2,1,0.3,0.7,False,False,4.0,right,1.0,0.0,1,0.6225632132263854,False,0.0,nan,0,-0.75,1.0,0.75,hm,79
