sessNo,trialNo,block,blockTrialNo,trialClass,blockBin,stim1_High,stim2_High,stimHigh,stim1_left,leftStim,rightStim,stim1_pWin,stim2_pWin,reverseStatus,reverseTrial,responseKey,response_LR,selected_stim1,selected_stim2,response_stimID,RT,highChosen,stim1_isWin,stim2_isWin,isWin,payOut,accum_payOut,abs_outMag,instructCond,subID
1,1,1.0,1.0,early,1.0,False,True,2,False,2,1,0.35,0.65,False,False,4.0,right,1.0,0.0,1,1.0760853518731892,False,0.0,nan,0,-0.5,-0.5,0.5,rl,8
1,2,1.0,2.0,early,1.0,False,True,2,True,1,2,0.35,0.65,False,False,4.0,right,0.0,1.0,2,0.7144114968832582,True,nan,1.0,1,0.25,-0.25,0.25,rl,8
1,3,1.0,3.0,early,1.0,False,True,2,True,1,2,0.35,0.65,False,False,4.0,right,0.0,1.0,2,1.3359545248094946,True,nan,1.0,1,0.25,0.0,0.25,rl,8
1,4,1.0,4.0,early,1.0,False,True,2,True,1,2,0.35,0.65,False,False,1.0,left,1.0,0.0,1,0.9418377440888435,False,1.0,nan,1,0.5,0.5,0.5,rl,8
1,5,1.0,5.0,early,1.0,False,True,2,True,1,2,0.35,0.65,False,False,1.0,left,1.0,0.0,1,0.9285188838839531,False,0.0,nan,0,-0.5,0.0,0.5,rl,8
1,6,1.0,6.0,early,2.0,False,True,2,True,1,2,0.35,0.65,False,False,4.0,right,0.0,1.0,2,1.0402624809648842,True,nan,1.0,1,0.5,0.5,0.5,rl,8
1,7,1.0,7.0,early,2.0,False,True,2,False,2,1,0.35,0.65,False,False,1.0,left,0.0,1.0,2,1.667075953213498,True,nan,1.0,1,0.5,1.0,0.5,rl,8
1,8,1.0,8.0,early,2.0,False,True,2,True,1,2,0.35,0.65,False,False,1.0,left,1.0,0.0,1,1.39684835402295,False,1.0,nan,1,0.75,1.75,0.75,rl,8
1,9,1.0,9.0,late,2.0,False,True,2,True,1,2,0.35,0.65,False,False,4.0,right,0.0,1.0,2,1.4763906230218709,True,nan,1.0,1,0.5,2.25,0.5,rl,8
1,10,1.0,10.0,late,2.0,False,True,2,True,1,2,0.35,0.65,False,False,4.0,right,0.0,1.0,2,1.3149912289809436,True,nan,0.0,0,-0.25,2.0,0.25,rl,8
1,11,1.0,11.0,late,3.0,False,True,2,True,1,2,0.35,0.65,False,False,1.0,left,1.0,0.0,1,1.9852852949406952,False,0.0,nan,0,-0.75,1.25,0.75,rl,8
1,12,1.0,12.0,late,3.0,False,True,2,False,2,1,0.35,0.65,False,False,1.0,left,0.0,1.0,2,1.7040402970742434,True,nan,0.0,0,-0.5,0.75,0.5,rl,8
1,13,1.0,13.0,late,3.0,False,True,2,False,2,1,0.35,0.65,False,False,1.0,left,0.0,1.0,2,1.580242663854733,True,nan,0.0,0,-0.25,0.5,0.25,rl,8
1,14,1.0,14.0,late,3.0,False,True,2,True,1,2,0.35,0.65,False,False,4.0,right,0.0,1.0,2,0.978820689022541,True,nan,0.0,0,-0.75,-0.25,0.75,rl,8
1,15,1.0,15.0,late,3.0,False,True,2,False,2,1,0.35,0.65,True,False,1.0,left,0.0,1.0,2,0.9028880088590086,True,nan,0.0,0,-0.75,-1.0,0.75,rl,8
1,16,1.0,16.0,late,4.0,False,True,2,False,2,1,0.35,0.65,True,True,4.0,right,1.0,0.0,1,0.6325770579278469,False,0.0,nan,0,-0.75,-1.75,0.75,rl,8
1,17,2.0,1.0,early,1.0,True,False,1,True,1,2,0.65,0.35,False,False,4.0,right,0.0,1.0,2,1.320260631851852,False,nan,1.0,1,0.75,-1.0,0.75,rl,8
1,18,2.0,2.0,early,1.0,True,False,1,False,2,1,0.65,0.35,False,False,1.0,left,0.0,1.0,2,1.695829626172781,False,nan,1.0,1,0.75,-0.25,0.75,rl,8
1,19,2.0,3.0,early,1.0,True,False,1,True,1,2,0.65,0.35,False,False,1.0,left,1.0,0.0,1,1.5578679551836103,True,1.0,nan,1,0.25,0.0,0.25,rl,8
1,20,2.0,4.0,early,1.0,True,False,1,True,1,2,0.65,0.35,False,False,1.0,left,1.0,0.0,1,2.0450047799386084,True,0.0,nan,0,-0.5,-0.5,0.5,rl,8
1,21,2.0,5.0,early,1.0,True,False,1,False,2,1,0.65,0.35,False,False,4.0,right,1.0,0.0,1,1.1892442661337554,True,1.0,nan,1,0.5,0.0,0.5,rl,8
1,22,2.0,6.0,late,2.0,True,False,1,False,2,1,0.65,0.35,True,False,4.0,right,1.0,0.0,1,1.016262193908915,True,1.0,nan,1,0.75,0.75,0.75,rl,8
1,23,2.0,7.0,late,2.0,True,False,1,True,1,2,0.65,0.35,True,False,4.0,right,0.0,1.0,2,1.0324408849701285,False,nan,1.0,1,0.5,1.25,0.5,rl,8
1,24,2.0,8.0,late,2.0,True,False,1,False,2,1,0.65,0.35,True,False,1.0,left,0.0,1.0,2,1.1151398420333862,False,nan,0.0,0,-0.25,1.0,0.25,rl,8
1,25,2.0,9.0,late,2.0,True,False,1,True,1,2,0.65,0.35,True,False,1.0,left,1.0,0.0,1,0.4849810830783099,True,0.0,nan,0,-0.25,0.75,0.25,rl,8
1,26,2.0,10.0,late,2.0,True,False,1,True,1,2,0.65,0.35,True,True,1.0,left,1.0,0.0,1,0.7568765950854868,True,1.0,nan,1,0.75,1.5,0.75,rl,8
1,27,3.0,1.0,early,1.0,False,True,2,True,1,2,0.35,0.65,False,False,4.0,right,0.0,1.0,2,1.9207343310117722,True,nan,1.0,1,0.25,1.75,0.25,rl,8
1,28,3.0,2.0,early,1.0,False,True,2,True,1,2,0.35,0.65,False,False,4.0,right,0.0,1.0,2,2.010949211893603,True,nan,0.0,0,-0.5,1.25,0.5,rl,8
1,29,3.0,3.0,early,1.0,False,True,2,False,2,1,0.35,0.65,False,False,4.0,right,1.0,0.0,1,2.3777977370191365,False,0.0,nan,0,-0.75,0.5,0.75,rl,8
1,30,3.0,4.0,early,1.0,False,True,2,False,2,1,0.35,0.65,False,False,1.0,left,0.0,1.0,2,1.0619503878988326,True,nan,0.0,0,-0.25,0.25,0.25,rl,8
1,31,3.0,5.0,early,1.0,False,True,2,False,2,1,0.35,0.65,False,False,4.0,right,1.0,0.0,1,1.0008744888473302,False,0.0,nan,0,-0.25,0.0,0.25,rl,8
1,32,3.0,6.0,early,2.0,False,True,2,True,1,2,0.35,0.65,False,False,1.0,left,1.0,0.0,1,0.8333533280529082,False,0.0,nan,0,-0.75,-0.75,0.75,rl,8
1,33,3.0,7.0,early,2.0,False,True,2,False,2,1,0.35,0.65,False,False,1.0,left,0.0,1.0,2,1.1019144551828504,True,nan,0.0,0,-0.25,-1.0,0.25,rl,8
1,34,3.0,8.0,early,2.0,False,True,2,True,1,2,0.35,0.65,False,False,1.0,left,1.0,0.0,1,0.6792412819340825,False,0.0,nan,0,-0.75,-1.75,0.75,rl,8
1,35,3.0,9.0,early,2.0,False,True,2,False,2,1,0.35,0.65,False,False,1.0,left,0.0,1.0,2,0.7112857908941805,True,nan,1.0,1,0.75,-1.0,0.75,rl,8
1,36,3.0,10.0,early,2.0,False,True,2,False,2,1,0.35,0.65,False,False,1.0,left,0.0,1.0,2,1.2420074860565364,True,nan,1.0,1,0.25,-0.75,0.25,rl,8
1,37,3.0,11.0,early,3.0,False,True,2,True,1,2,0.35,0.65,False,False,4.0,right,0.0,1.0,2,0.6507547260262072,True,nan,0.0,0,-0.25,-1.0,0.25,rl,8
1,38,3.0,12.0,early,3.0,False,True,2,False,2,1,0.35,0.65,False,False,4.0,right,1.0,0.0,1,1.351570911007002,False,1.0,nan,1,0.75,-0.25,0.75,rl,8
1,39,3.0,13.0,early,3.0,False,True,2,False,2,1,0.35,0.65,False,False,4.0,right,1.0,0.0,1,1.3115747538395226,False,0.0,nan,0,-0.5,-0.75,0.5,rl,8
1,40,3.0,14.0,early,3.0,False,True,2,True,1,2,0.35,0.65,False,False,1.0,left,1.0,0.0,1,0.6044690350536257,False,1.0,nan,1,0.5,-0.25,0.5,rl,8
1,41,3.0,15.0,early,3.0,False,True,2,True,1,2,0.35,0.65,False,False,1.0,left,1.0,0.0,1,0.5309432130306959,False,0.0,nan,0,-0.75,-1.0,0.75,rl,8
1,42,3.0,16.0,early,4.0,False,True,2,True,1,2,0.35,0.65,False,False,1.0,left,1.0,0.0,1,0.8034293721430004,False,0.0,nan,0,-0.75,-1.75,0.75,rl,8
1,43,3.0,17.0,early,4.0,False,True,2,True,1,2,0.35,0.65,False,False,4.0,right,0.0,1.0,2,0.6020352761261165,True,nan,1.0,1,0.5,-1.25,0.5,rl,8
1,44,3.0,18.0,early,4.0,False,True,2,True,1,2,0.35,0.65,False,False,4.0,right,0.0,1.0,2,0.57959547592327,True,nan,1.0,1,0.75,-0.5,0.75,rl,8
1,45,3.0,19.0,early,4.0,False,True,2,False,2,1,0.35,0.65,False,False,1.0,left,0.0,1.0,2,0.6209008428268135,True,nan,1.0,1,0.25,-0.25,0.25,rl,8
1,46,3.0,20.0,late,4.0,False,True,2,False,2,1,0.35,0.65,False,False,4.0,right,1.0,0.0,1,0.6673294368665665,False,1.0,nan,1,0.25,0.0,0.25,rl,8
1,47,3.0,21.0,late,5.0,False,True,2,False,2,1,0.35,0.65,False,False,1.0,left,0.0,1.0,2,0.9771597220096737,True,nan,1.0,1,0.75,0.75,0.75,rl,8
1,48,3.0,22.0,late,5.0,False,True,2,True,1,2,0.35,0.65,False,False,4.0,right,0.0,1.0,2,0.5666599040850997,True,nan,1.0,1,0.5,1.25,0.5,rl,8
1,49,3.0,23.0,late,5.0,False,True,2,False,2,1,0.35,0.65,False,False,1.0,left,0.0,1.0,2,0.752326020039618,True,nan,1.0,1,0.25,1.5,0.25,rl,8
1,50,3.0,24.0,late,5.0,False,True,2,True,1,2,0.35,0.65,False,False,1.0,left,1.0,0.0,1,0.8876650831662118,False,1.0,nan,1,0.75,2.25,0.75,rl,8
1,51,3.0,25.0,late,5.0,False,True,2,False,2,1,0.35,0.65,False,False,4.0,right,1.0,0.0,1,0.6522686979733407,False,1.0,nan,1,0.25,2.5,0.25,rl,8
1,52,3.0,26.0,late,6.0,False,True,2,True,1,2,0.35,0.65,False,False,4.0,right,0.0,1.0,2,0.9047397780232131,True,nan,1.0,1,0.75,3.25,0.75,rl,8
1,53,3.0,27.0,late,6.0,False,True,2,True,1,2,0.35,0.65,False,False,4.0,right,0.0,1.0,2,0.9547674041241407,True,nan,0.0,0,-0.25,3.0,0.25,rl,8
1,54,3.0,28.0,late,6.0,False,True,2,False,2,1,0.35,0.65,False,False,4.0,right,1.0,0.0,1,0.8029252768028527,False,0.0,nan,0,-0.25,2.75,0.25,rl,8
1,55,3.0,29.0,late,6.0,False,True,2,True,1,2,0.35,0.65,False,False,4.0,right,0.0,1.0,2,0.6817567660473287,True,nan,0.0,0,-0.75,2.0,0.75,rl,8
1,56,3.0,30.0,late,6.0,False,True,2,False,2,1,0.35,0.65,False,False,1.0,left,0.0,1.0,2,0.49092200701124966,True,nan,0.0,0,-0.5,1.5,0.5,rl,8
1,57,3.0,31.0,late,7.0,False,True,2,False,2,1,0.35,0.65,False,False,1.0,left,0.0,1.0,2,0.562249518930912,True,nan,0.0,0,-0.75,0.75,0.75,rl,8
1,58,3.0,32.0,late,7.0,False,True,2,True,1,2,0.35,0.65,False,False,1.0,left,1.0,0.0,1,0.5416025111917406,False,0.0,nan,0,-0.25,0.5,0.25,rl,8
1,59,3.0,33.0,late,7.0,False,True,2,False,2,1,0.35,0.65,False,False,1.0,left,0.0,1.0,2,0.4918011329136789,True,nan,1.0,1,0.25,0.75,0.25,rl,8
1,60,3.0,34.0,late,7.0,False,True,2,False,2,1,0.35,0.65,False,False,4.0,right,1.0,0.0,1,0.6277287458069623,False,0.0,nan,0,-0.75,0.0,0.75,rl,8
1,61,3.0,35.0,late,7.0,False,True,2,True,1,2,0.35,0.65,False,False,4.0,right,0.0,1.0,2,0.8053051650058478,True,nan,1.0,1,0.5,0.5,0.5,rl,8
1,62,3.0,36.0,late,8.0,False,True,2,True,1,2,0.35,0.65,False,False,4.0,right,0.0,1.0,2,0.5268485301639885,True,nan,1.0,1,0.5,1.0,0.5,rl,8
1,63,3.0,37.0,late,8.0,False,True,2,False,2,1,0.35,0.65,False,False,1.0,left,0.0,1.0,2,0.8593686439562589,True,nan,1.0,1,0.5,1.5,0.5,rl,8
1,64,3.0,38.0,late,8.0,False,True,2,False,2,1,0.35,0.65,True,True,1.0,left,0.0,1.0,2,0.6719093360006809,True,nan,0.0,0,-0.75,0.75,0.75,rl,8
1,65,4.0,1.0,early,1.0,True,False,1,False,2,1,0.65,0.35,False,False,1.0,left,0.0,1.0,2,1.3246577039826661,False,nan,0.0,0,-0.75,0.0,0.75,rl,8
1,66,4.0,2.0,early,1.0,True,False,1,True,1,2,0.65,0.35,False,False,4.0,right,0.0,1.0,2,0.7003369401209056,False,nan,1.0,1,0.25,0.25,0.25,rl,8
1,67,4.0,3.0,early,1.0,True,False,1,False,2,1,0.65,0.35,False,False,1.0,left,0.0,1.0,2,1.7943296309094876,False,nan,0.0,0,-0.75,-0.5,0.75,rl,8
1,68,4.0,4.0,late,1.0,True,False,1,True,1,2,0.65,0.35,False,False,1.0,left,1.0,0.0,1,0.6152193108573556,True,1.0,nan,1,0.25,-0.25,0.25,rl,8
1,69,4.0,5.0,late,1.0,True,False,1,True,1,2,0.65,0.35,False,False,1.0,left,1.0,0.0,1,0.7376477720681578,True,0.0,nan,0,-0.75,-1.0,0.75,rl,8
1,70,4.0,6.0,late,2.0,True,False,1,False,2,1,0.65,0.35,False,False,4.0,right,1.0,0.0,1,2.2689456860534847,True,1.0,nan,1,0.25,-0.75,0.25,rl,8
