sessNo,trialNo,block,blockTrialNo,trialClass,blockBin,stim1_High,stim2_High,stimHigh,stim1_left,leftStim,rightStim,stim1_pWin,stim2_pWin,reverseStatus,reverseTrial,responseKey,response_LR,selected_stim1,selected_stim2,response_stimID,RT,highChosen,stim1_isWin,stim2_isWin,isWin,payOut,accum_payOut,abs_outMag,instructCond,subID
1,1,1.0,1.0,early,1.0,True,False,1,False,2,1,0.7,0.3,False,False,1.0,left,0.0,1.0,2.0,1.2660218579694629,False,nan,0.0,0.0,-0.25,-0.25,0.25,hm,85
1,2,1.0,2.0,early,1.0,True,False,1,False,2,1,0.7,0.3,False,False,4.0,right,1.0,0.0,1.0,0.7920892218826339,True,0.0,nan,0.0,-0.25,-0.5,0.25,hm,85
1,3,1.0,3.0,early,1.0,True,False,1,False,2,1,0.7,0.3,False,False,1.0,left,0.0,1.0,2.0,0.6906865385826677,False,nan,0.0,0.0,-0.75,-1.25,0.75,hm,85
1,4,1.0,4.0,early,1.0,True,False,1,False,2,1,0.7,0.3,False,False,4.0,right,1.0,0.0,1.0,0.6431018146686256,True,1.0,nan,1.0,0.75,-0.5,0.75,hm,85
1,5,1.0,5.0,late,1.0,True,False,1,True,1,2,0.7,0.3,False,False,1.0,left,1.0,0.0,1.0,0.7257429165765643,True,1.0,nan,1.0,0.75,0.25,0.75,hm,85
1,6,1.0,6.0,late,2.0,True,False,1,True,1,2,0.7,0.3,False,False,1.0,left,1.0,0.0,1.0,0.6502625871216878,True,1.0,nan,1.0,0.5,0.75,0.5,hm,85
1,7,1.0,7.0,late,2.0,True,False,1,False,2,1,0.7,0.3,True,False,4.0,right,1.0,0.0,1.0,0.8118152890820056,True,0.0,nan,0.0,-0.25,0.5,0.25,hm,85
1,8,1.0,8.0,late,2.0,True,False,1,False,2,1,0.7,0.3,True,True,1.0,left,0.0,1.0,2.0,0.5772736750077456,False,nan,1.0,1.0,0.5,1.0,0.5,hm,85
1,9,2.0,1.0,early,1.0,False,True,2,False,2,1,0.3,0.7,False,False,1.0,left,0.0,1.0,2.0,0.5939089301973581,True,nan,0.0,0.0,-0.75,0.25,0.75,hm,85
1,10,2.0,2.0,early,1.0,False,True,2,False,2,1,0.3,0.7,False,False,4.0,right,1.0,0.0,1.0,0.6862901956774294,False,0.0,nan,0.0,-0.5,-0.25,0.5,hm,85
1,11,2.0,3.0,early,1.0,False,True,2,True,1,2,0.3,0.7,False,False,4.0,right,0.0,1.0,2.0,0.7569609986385331,True,nan,1.0,1.0,0.5,0.25,0.5,hm,85
1,12,2.0,4.0,late,1.0,False,True,2,True,1,2,0.3,0.7,False,False,4.0,right,0.0,1.0,2.0,0.6561125501757488,True,nan,1.0,1.0,0.75,1.0,0.75,hm,85
1,13,2.0,5.0,late,1.0,False,True,2,False,2,1,0.3,0.7,False,False,1.0,left,0.0,1.0,2.0,0.7440719602163881,True,nan,1.0,1.0,0.5,1.5,0.5,hm,85
1,14,2.0,6.0,late,2.0,False,True,2,True,1,2,0.3,0.7,True,True,4.0,right,0.0,1.0,2.0,0.5663968902081251,True,nan,1.0,1.0,0.25,1.75,0.25,hm,85
1,15,3.0,1.0,early,1.0,True,False,1,True,1,2,0.7,0.3,False,False,4.0,right,0.0,1.0,2.0,0.5739479729672894,False,nan,0.0,0.0,-0.25,1.5,0.25,hm,85
1,16,3.0,2.0,early,1.0,True,False,1,False,2,1,0.7,0.3,False,False,4.0,right,1.0,0.0,1.0,0.6624519407050684,True,0.0,nan,0.0,-0.5,1.0,0.5,hm,85
1,17,3.0,3.0,early,1.0,True,False,1,True,1,2,0.7,0.3,False,False,4.0,right,0.0,1.0,2.0,0.5880173260811716,False,nan,1.0,1.0,0.5,1.5,0.5,hm,85
1,18,3.0,4.0,early,1.0,True,False,1,True,1,2,0.7,0.3,False,False,4.0,right,0.0,1.0,2.0,0.5524266541469842,False,nan,1.0,1.0,0.75,2.25,0.75,hm,85
1,19,3.0,5.0,early,1.0,True,False,1,False,2,1,0.7,0.3,False,False,1.0,left,0.0,1.0,2.0,0.6469113725470379,False,nan,0.0,0.0,-0.75,1.5,0.75,hm,85
1,20,3.0,6.0,early,2.0,True,False,1,True,1,2,0.7,0.3,False,False,4.0,right,0.0,1.0,2.0,0.5736822920152918,False,nan,0.0,0.0,-0.5,1.0,0.5,hm,85
1,21,3.0,7.0,early,2.0,True,False,1,True,1,2,0.7,0.3,False,False,1.0,left,1.0,0.0,1.0,0.6179248919943348,True,1.0,nan,1.0,0.5,1.5,0.5,hm,85
1,22,3.0,8.0,early,2.0,True,False,1,False,2,1,0.7,0.3,False,False,4.0,right,1.0,0.0,1.0,0.5816389338579029,True,0.0,nan,0.0,-0.75,0.75,0.75,hm,85
1,23,3.0,9.0,early,2.0,True,False,1,False,2,1,0.7,0.3,False,False,1.0,left,0.0,1.0,2.0,0.6431249812012538,False,nan,0.0,0.0,-0.25,0.5,0.25,hm,85
1,24,3.0,10.0,early,2.0,True,False,1,True,1,2,0.7,0.3,False,False,1.0,left,1.0,0.0,1.0,0.5396619519451633,True,1.0,nan,1.0,0.75,1.25,0.75,hm,85
1,25,3.0,11.0,early,3.0,True,False,1,True,1,2,0.7,0.3,False,False,1.0,left,1.0,0.0,1.0,0.46519771963357925,True,0.0,nan,0.0,-0.5,0.75,0.5,hm,85
1,26,3.0,12.0,early,3.0,True,False,1,False,2,1,0.7,0.3,False,False,4.0,right,1.0,0.0,1.0,1.3545750910416245,True,1.0,nan,1.0,0.25,1.0,0.25,hm,85
1,27,3.0,13.0,late,3.0,True,False,1,False,2,1,0.7,0.3,False,False,1.0,left,0.0,1.0,2.0,1.0730191164184362,False,nan,0.0,0.0,-0.25,0.75,0.25,hm,85
1,28,3.0,14.0,late,3.0,True,False,1,False,2,1,0.7,0.3,False,False,1.0,left,0.0,1.0,2.0,1.4056585321668535,False,nan,0.0,0.0,-0.75,0.0,0.75,hm,85
1,29,3.0,15.0,late,3.0,True,False,1,True,1,2,0.7,0.3,False,False,1.0,left,1.0,0.0,1.0,0.4694509585388005,True,1.0,nan,1.0,0.5,0.5,0.5,hm,85
1,30,3.0,16.0,late,4.0,True,False,1,True,1,2,0.7,0.3,False,False,1.0,left,1.0,0.0,1.0,0.5967452047625557,True,0.0,nan,0.0,-0.5,0.0,0.5,hm,85
1,31,3.0,17.0,late,4.0,True,False,1,False,2,1,0.7,0.3,False,False,1.0,left,0.0,1.0,2.0,0.5732987263472751,False,nan,0.0,0.0,-0.75,-0.75,0.75,hm,85
1,32,3.0,18.0,late,4.0,True,False,1,False,2,1,0.7,0.3,False,False,4.0,right,1.0,0.0,1.0,0.7078505160752684,True,1.0,nan,1.0,0.5,-0.25,0.5,hm,85
1,33,3.0,19.0,late,4.0,True,False,1,True,1,2,0.7,0.3,False,False,1.0,left,1.0,0.0,1.0,0.5153559697791934,True,0.0,nan,0.0,-0.75,-1.0,0.75,hm,85
1,34,3.0,20.0,late,4.0,True,False,1,False,2,1,0.7,0.3,False,False,1.0,left,0.0,1.0,2.0,0.5129563383525237,False,nan,0.0,0.0,-0.5,-1.5,0.5,hm,85
1,35,3.0,21.0,late,5.0,True,False,1,False,2,1,0.7,0.3,False,False,4.0,right,1.0,0.0,1.0,0.7174584257882088,True,1.0,nan,1.0,0.5,-1.0,0.5,hm,85
1,36,3.0,22.0,late,5.0,True,False,1,False,2,1,0.7,0.3,False,False,4.0,right,1.0,0.0,1.0,1.1947789321420714,True,1.0,nan,1.0,0.75,-0.25,0.75,hm,85
1,37,3.0,23.0,late,5.0,True,False,1,True,1,2,0.7,0.3,False,False,1.0,left,1.0,0.0,1.0,0.5913483066251501,True,1.0,nan,1.0,0.5,0.25,0.5,hm,85
1,38,3.0,24.0,late,5.0,True,False,1,False,2,1,0.7,0.3,True,True,4.0,right,1.0,0.0,1.0,0.6461319248192012,True,1.0,nan,1.0,0.25,0.5,0.25,hm,85
1,39,4.0,1.0,early,1.0,False,True,2,False,2,1,0.3,0.7,False,False,4.0,right,1.0,0.0,1.0,0.678600407554768,False,0.0,nan,0.0,-0.75,-0.25,0.75,hm,85
1,40,4.0,2.0,early,1.0,False,True,2,True,1,2,0.3,0.7,False,False,4.0,right,0.0,1.0,2.0,0.6910563216079026,True,nan,0.0,0.0,-0.75,-1.0,0.75,hm,85
1,41,4.0,3.0,early,1.0,False,True,2,True,1,2,0.3,0.7,False,False,1.0,left,1.0,0.0,1.0,0.5374538101023063,False,0.0,nan,0.0,-0.75,-1.75,0.75,hm,85
1,42,4.0,4.0,early,1.0,False,True,2,True,1,2,0.3,0.7,False,False,4.0,right,0.0,1.0,2.0,0.6280140182934701,True,nan,1.0,1.0,0.5,-1.25,0.5,hm,85
1,43,4.0,5.0,early,1.0,False,True,2,False,2,1,0.3,0.7,False,False,1.0,left,0.0,1.0,2.0,1.2327199704013765,True,nan,0.0,0.0,-0.75,-2.0,0.75,hm,85
1,44,4.0,6.0,early,2.0,False,True,2,True,1,2,0.3,0.7,False,False,1.0,left,1.0,0.0,1.0,0.5524741599801928,False,0.0,nan,0.0,-0.25,-2.25,0.25,hm,85
1,45,4.0,7.0,early,2.0,False,True,2,True,1,2,0.3,0.7,False,False,4.0,right,0.0,1.0,2.0,0.9945846274495125,True,nan,1.0,1.0,0.5,-1.75,0.5,hm,85
1,46,4.0,8.0,early,2.0,False,True,2,False,2,1,0.3,0.7,False,False,1.0,left,0.0,1.0,2.0,0.6512434947071597,True,nan,1.0,1.0,0.5,-1.25,0.5,hm,85
1,47,4.0,9.0,late,2.0,False,True,2,True,1,2,0.3,0.7,False,False,4.0,right,0.0,1.0,2.0,0.5849804712925106,True,nan,0.0,0.0,-0.5,-1.75,0.5,hm,85
1,48,4.0,10.0,late,2.0,False,True,2,True,1,2,0.3,0.7,False,False,1.0,left,1.0,0.0,1.0,0.5523902915883809,False,0.0,nan,0.0,-0.25,-2.0,0.25,hm,85
1,49,4.0,11.0,late,3.0,False,True,2,False,2,1,0.3,0.7,False,False,1.0,left,0.0,1.0,2.0,0.6037787083769217,True,nan,1.0,1.0,0.25,-1.75,0.25,hm,85
1,50,4.0,12.0,late,3.0,False,True,2,False,2,1,0.3,0.7,False,False,1.0,left,0.0,1.0,2.0,0.6233209103811532,True,nan,1.0,1.0,0.75,-1.0,0.75,hm,85
1,51,4.0,13.0,late,3.0,False,True,2,True,1,2,0.3,0.7,False,False,4.0,right,0.0,1.0,2.0,0.611392838996835,True,nan,0.0,0.0,-0.25,-1.25,0.25,hm,85
1,52,4.0,14.0,late,3.0,False,True,2,True,1,2,0.3,0.7,True,False,4.0,right,0.0,1.0,2.0,0.7233866854803637,True,nan,0.0,0.0,-0.75,-2.0,0.75,hm,85
1,53,4.0,15.0,late,3.0,False,True,2,False,2,1,0.3,0.7,True,False,4.0,right,1.0,0.0,1.0,0.6248578124213964,False,0.0,nan,0.0,-0.25,-2.25,0.25,hm,85
1,54,4.0,16.0,late,4.0,False,True,2,False,2,1,0.3,0.7,True,True,1.0,left,0.0,1.0,2.0,0.5093931070296094,True,nan,1.0,1.0,0.75,-1.5,0.75,hm,85
1,55,5.0,1.0,early,1.0,True,False,1,False,2,1,0.7,0.3,False,False,1.0,left,0.0,1.0,2.0,0.5339932148344815,False,nan,0.0,0.0,-0.5,-2.0,0.5,hm,85
1,56,5.0,2.0,early,1.0,True,False,1,False,2,1,0.7,0.3,False,False,4.0,right,1.0,0.0,1.0,0.8303023923654109,True,1.0,nan,1.0,0.25,-1.75,0.25,hm,85
1,57,5.0,3.0,early,1.0,True,False,1,False,2,1,0.7,0.3,False,False,1.0,left,0.0,1.0,2.0,0.6995997485937551,False,nan,0.0,0.0,-0.75,-2.5,0.75,hm,85
1,58,5.0,4.0,early,1.0,True,False,1,False,2,1,0.7,0.3,False,False,nan,nan,nan,nan,nan,nan,False,nan,nan,nan,nan,nan,nan,hm,85
1,59,5.0,5.0,early,1.0,True,False,1,False,2,1,0.7,0.3,False,False,4.0,right,1.0,0.0,1.0,0.6990689735393971,True,1.0,nan,1.0,0.75,-1.75,0.75,hm,85
1,60,5.0,6.0,early,2.0,True,False,1,False,2,1,0.7,0.3,False,False,4.0,right,1.0,0.0,1.0,0.49443316587712616,True,0.0,nan,0.0,-0.5,-2.25,0.5,hm,85
1,61,5.0,7.0,early,2.0,True,False,1,True,1,2,0.7,0.3,False,False,4.0,right,0.0,1.0,2.0,0.542174483067356,False,nan,1.0,1.0,0.25,-2.0,0.25,hm,85
1,62,5.0,8.0,early,2.0,True,False,1,False,2,1,0.7,0.3,False,False,1.0,left,0.0,1.0,2.0,0.47131541615817696,False,nan,0.0,0.0,-0.25,-2.25,0.25,hm,85
1,63,5.0,9.0,late,2.0,True,False,1,True,1,2,0.7,0.3,False,False,1.0,left,1.0,0.0,1.0,0.45073219120968133,True,1.0,nan,1.0,0.5,-1.75,0.5,hm,85
1,64,5.0,10.0,late,2.0,True,False,1,False,2,1,0.7,0.3,False,False,4.0,right,1.0,0.0,1.0,0.46081251988653094,True,1.0,nan,1.0,0.75,-1.0,0.75,hm,85
1,65,5.0,11.0,late,3.0,True,False,1,False,2,1,0.7,0.3,False,False,4.0,right,1.0,0.0,1.0,0.48775624926202,True,0.0,nan,0.0,-0.75,-1.75,0.75,hm,85
1,66,5.0,12.0,late,3.0,True,False,1,True,1,2,0.7,0.3,False,False,4.0,right,0.0,1.0,2.0,0.46864306612405926,False,nan,0.0,0.0,-0.5,-2.25,0.5,hm,85
1,67,5.0,13.0,late,3.0,True,False,1,True,1,2,0.7,0.3,False,False,1.0,left,1.0,0.0,1.0,0.45322742068674415,True,0.0,nan,0.0,-0.25,-2.5,0.25,hm,85
1,68,5.0,14.0,late,3.0,True,False,1,True,1,2,0.7,0.3,False,False,4.0,right,0.0,1.0,2.0,0.48257869912777096,False,nan,1.0,1.0,0.5,-2.0,0.5,hm,85
1,69,5.0,15.0,late,3.0,True,False,1,False,2,1,0.7,0.3,False,False,1.0,left,0.0,1.0,2.0,0.8805858584819362,False,nan,0.0,0.0,-0.5,-2.5,0.5,hm,85
1,70,5.0,16.0,late,4.0,True,False,1,True,1,2,0.7,0.3,False,False,1.0,left,1.0,0.0,1.0,0.5106652078684419,True,1.0,nan,1.0,0.25,-2.25,0.25,hm,85
