sessNo,trialNo,block,blockTrialNo,trialClass,blockBin,stim1_High,stim2_High,stimHigh,stim1_left,leftStim,rightStim,stim1_pWin,stim2_pWin,reverseStatus,reverseTrial,responseKey,response_LR,selected_stim1,selected_stim2,response_stimID,RT,highChosen,stim1_isWin,stim2_isWin,isWin,payOut,accum_payOut,abs_outMag,instructCond,subID
1,1,1.0,1.0,early,1.0,True,False,1,True,1,2,0.7,0.3,False,False,4.0,right,0.0,1.0,2,2.625305673107505,False,nan,1.0,1,0.5,0.5,0.5,rl,80
1,2,1.0,2.0,early,1.0,True,False,1,False,2,1,0.7,0.3,False,False,1.0,left,0.0,1.0,2,0.8882333845249377,False,nan,0.0,0,-0.5,0.0,0.5,rl,80
1,3,1.0,3.0,early,1.0,True,False,1,False,2,1,0.7,0.3,False,False,1.0,left,0.0,1.0,2,2.791237609984819,False,nan,1.0,1,0.5,0.5,0.5,rl,80
1,4,1.0,4.0,early,1.0,True,False,1,True,1,2,0.7,0.3,False,False,1.0,left,1.0,0.0,1,1.3932949707959779,True,1.0,nan,1,0.75,1.25,0.75,rl,80
1,5,1.0,5.0,early,1.0,True,False,1,True,1,2,0.7,0.3,False,False,4.0,right,0.0,1.0,2,1.3179358241031878,False,nan,0.0,0,-0.75,0.5,0.75,rl,80
1,6,1.0,6.0,early,2.0,True,False,1,False,2,1,0.7,0.3,False,False,1.0,left,0.0,1.0,2,0.7262327141943388,False,nan,0.0,0,-0.25,0.25,0.25,rl,80
1,7,1.0,7.0,late,2.0,True,False,1,False,2,1,0.7,0.3,False,False,4.0,right,1.0,0.0,1,0.7925196848809719,True,0.0,nan,0,-0.25,0.0,0.25,rl,80
1,8,1.0,8.0,late,2.0,True,False,1,False,2,1,0.7,0.3,False,False,4.0,right,1.0,0.0,1,0.4576253989362158,True,1.0,nan,1,0.5,0.5,0.5,rl,80
1,9,1.0,9.0,late,2.0,True,False,1,True,1,2,0.7,0.3,False,False,1.0,left,1.0,0.0,1,1.2911917168530636,True,0.0,nan,0,-0.25,0.25,0.25,rl,80
1,10,1.0,10.0,late,2.0,True,False,1,True,1,2,0.7,0.3,True,False,1.0,left,1.0,0.0,1,1.0606783325783908,True,1.0,nan,1,0.75,1.0,0.75,rl,80
1,11,1.0,11.0,late,3.0,True,False,1,False,2,1,0.7,0.3,True,False,4.0,right,1.0,0.0,1,0.7838618666864932,True,1.0,nan,1,0.75,1.75,0.75,rl,80
1,12,1.0,12.0,late,3.0,True,False,1,True,1,2,0.7,0.3,True,False,1.0,left,1.0,0.0,1,0.7675599844078533,True,1.0,nan,1,0.5,2.25,0.5,rl,80
1,13,1.0,13.0,late,3.0,True,False,1,False,2,1,0.7,0.3,True,True,4.0,right,1.0,0.0,1,0.6471566644613631,True,1.0,nan,1,0.75,3.0,0.75,rl,80
1,14,2.0,1.0,early,1.0,False,True,2,False,2,1,0.3,0.7,False,False,4.0,right,1.0,0.0,1,0.8737596027203836,False,0.0,nan,0,-0.25,2.75,0.25,rl,80
1,15,2.0,2.0,early,1.0,False,True,2,False,2,1,0.3,0.7,False,False,1.0,left,0.0,1.0,2,1.0037866958300583,True,nan,0.0,0,-0.75,2.0,0.75,rl,80
1,16,2.0,3.0,early,1.0,False,True,2,True,1,2,0.3,0.7,False,False,1.0,left,1.0,0.0,1,0.8194127615424804,False,1.0,nan,1,0.5,2.5,0.5,rl,80
1,17,2.0,4.0,early,1.0,False,True,2,True,1,2,0.3,0.7,False,False,1.0,left,1.0,0.0,1,0.7449225051677786,False,0.0,nan,0,-0.5,2.0,0.5,rl,80
1,18,2.0,5.0,early,1.0,False,True,2,False,2,1,0.3,0.7,False,False,4.0,right,1.0,0.0,1,0.799493386875838,False,1.0,nan,1,0.25,2.25,0.25,rl,80
1,19,2.0,6.0,early,2.0,False,True,2,False,2,1,0.3,0.7,False,False,4.0,right,1.0,0.0,1,0.662384090537671,False,1.0,nan,1,0.75,3.0,0.75,rl,80
1,20,2.0,7.0,early,2.0,False,True,2,False,2,1,0.3,0.7,False,False,4.0,right,1.0,0.0,1,0.5563047033501789,False,0.0,nan,0,-0.5,2.5,0.5,rl,80
1,21,2.0,8.0,early,2.0,False,True,2,False,2,1,0.3,0.7,False,False,4.0,right,1.0,0.0,1,0.6258871814934537,False,0.0,nan,0,-0.5,2.0,0.5,rl,80
1,22,2.0,9.0,early,2.0,False,True,2,False,2,1,0.3,0.7,False,False,4.0,right,1.0,0.0,1,0.6643699578125961,False,0.0,nan,0,-0.25,1.75,0.25,rl,80
1,23,2.0,10.0,early,2.0,False,True,2,True,1,2,0.3,0.7,False,False,4.0,right,0.0,1.0,2,0.5670958919799887,True,nan,1.0,1,0.25,2.0,0.25,rl,80
1,24,2.0,11.0,early,3.0,False,True,2,True,1,2,0.3,0.7,False,False,4.0,right,0.0,1.0,2,0.4537841592100449,True,nan,1.0,1,0.5,2.5,0.5,rl,80
1,25,2.0,12.0,early,3.0,False,True,2,True,1,2,0.3,0.7,False,False,4.0,right,0.0,1.0,2,0.6643168801092543,True,nan,0.0,0,-0.75,1.75,0.75,rl,80
1,26,2.0,13.0,early,3.0,False,True,2,True,1,2,0.3,0.7,False,False,1.0,left,1.0,0.0,1,0.5996738509275019,False,1.0,nan,1,0.25,2.0,0.25,rl,80
1,27,2.0,14.0,early,3.0,False,True,2,False,2,1,0.3,0.7,False,False,4.0,right,1.0,0.0,1,0.8894902403117158,False,0.0,nan,0,-0.5,1.5,0.5,rl,80
1,28,2.0,15.0,early,3.0,False,True,2,True,1,2,0.3,0.7,False,False,1.0,left,1.0,0.0,1,0.7860137115931138,False,0.0,nan,0,-0.5,1.0,0.5,rl,80
1,29,2.0,16.0,early,4.0,False,True,2,False,2,1,0.3,0.7,False,False,4.0,right,1.0,0.0,1,0.6816946849576198,False,0.0,nan,0,-0.75,0.25,0.75,rl,80
1,30,2.0,17.0,early,4.0,False,True,2,False,2,1,0.3,0.7,False,False,4.0,right,1.0,0.0,1,0.5478764973231591,False,1.0,nan,1,0.75,1.0,0.75,rl,80
1,31,2.0,18.0,early,4.0,False,True,2,True,1,2,0.3,0.7,False,False,1.0,left,1.0,0.0,1,0.8502192166633904,False,0.0,nan,0,-0.75,0.25,0.75,rl,80
1,32,2.0,19.0,early,4.0,False,True,2,False,2,1,0.3,0.7,False,False,4.0,right,1.0,0.0,1,0.5468557052663527,False,1.0,nan,1,0.75,1.0,0.75,rl,80
1,33,2.0,20.0,early,4.0,False,True,2,True,1,2,0.3,0.7,False,False,4.0,right,0.0,1.0,2,1.4588881196104921,True,nan,0.0,0,-0.5,0.5,0.5,rl,80
1,34,2.0,21.0,early,5.0,False,True,2,False,2,1,0.3,0.7,False,False,4.0,right,1.0,0.0,1,0.5652440384728834,False,0.0,nan,0,-0.25,0.25,0.25,rl,80
1,35,2.0,22.0,early,5.0,False,True,2,False,2,1,0.3,0.7,False,False,4.0,right,1.0,0.0,1,0.9916794155724347,False,1.0,nan,1,0.5,0.75,0.5,rl,80
1,36,2.0,23.0,early,5.0,False,True,2,True,1,2,0.3,0.7,False,False,1.0,left,1.0,0.0,1,1.521139427961316,False,0.0,nan,0,-0.25,0.5,0.25,rl,80
1,37,2.0,24.0,early,5.0,False,True,2,False,2,1,0.3,0.7,False,False,4.0,right,1.0,0.0,1,1.728268726670649,False,0.0,nan,0,-0.25,0.25,0.25,rl,80
1,38,2.0,25.0,early,5.0,False,True,2,True,1,2,0.3,0.7,False,False,4.0,right,0.0,1.0,2,2.3124826067942195,True,nan,1.0,1,0.75,1.0,0.75,rl,80
1,39,2.0,26.0,early,6.0,False,True,2,True,1,2,0.3,0.7,False,False,1.0,left,1.0,0.0,1,0.9238150703604333,False,0.0,nan,0,-0.5,0.5,0.5,rl,80
1,40,2.0,27.0,early,6.0,False,True,2,False,2,1,0.3,0.7,False,False,4.0,right,1.0,0.0,1,1.327411214413587,False,0.0,nan,0,-0.5,0.0,0.5,rl,80
1,41,2.0,28.0,early,6.0,False,True,2,True,1,2,0.3,0.7,False,False,1.0,left,1.0,0.0,1,0.9046543251024559,False,1.0,nan,1,0.5,0.5,0.5,rl,80
1,42,2.0,29.0,late,6.0,False,True,2,False,2,1,0.3,0.7,False,False,4.0,right,1.0,0.0,1,0.8224786567734554,False,0.0,nan,0,-0.25,0.25,0.25,rl,80
1,43,2.0,30.0,late,6.0,False,True,2,True,1,2,0.3,0.7,False,False,1.0,left,1.0,0.0,1,0.8700450456817634,False,0.0,nan,0,-0.75,-0.5,0.75,rl,80
1,44,2.0,31.0,late,7.0,False,True,2,False,2,1,0.3,0.7,False,False,4.0,right,1.0,0.0,1,1.089767241210211,False,0.0,nan,0,-0.75,-1.25,0.75,rl,80
1,45,2.0,32.0,late,7.0,False,True,2,False,2,1,0.3,0.7,False,False,1.0,left,0.0,1.0,2,1.5759293650626205,True,nan,1.0,1,0.5,-0.75,0.5,rl,80
1,46,2.0,33.0,late,7.0,False,True,2,True,1,2,0.3,0.7,False,False,4.0,right,0.0,1.0,2,0.8636968391365372,True,nan,0.0,0,-0.25,-1.0,0.25,rl,80
1,47,2.0,34.0,late,7.0,False,True,2,False,2,1,0.3,0.7,False,False,4.0,right,1.0,0.0,1,2.589350097638089,False,0.0,nan,0,-0.5,-1.5,0.5,rl,80
1,48,2.0,35.0,late,7.0,False,True,2,True,1,2,0.3,0.7,False,False,1.0,left,1.0,0.0,1,0.6925368985394016,False,1.0,nan,1,0.75,-0.75,0.75,rl,80
1,49,2.0,36.0,late,8.0,False,True,2,False,2,1,0.3,0.7,False,False,1.0,left,0.0,1.0,2,1.9166918125702068,True,nan,1.0,1,0.5,-0.25,0.5,rl,80
1,50,2.0,37.0,late,8.0,False,True,2,False,2,1,0.3,0.7,False,False,4.0,right,1.0,0.0,1,0.620259482297115,False,0.0,nan,0,-0.25,-0.5,0.25,rl,80
1,51,2.0,38.0,late,8.0,False,True,2,False,2,1,0.3,0.7,False,False,1.0,left,0.0,1.0,2,2.4962858827784657,True,nan,0.0,0,-0.75,-1.25,0.75,rl,80
1,52,2.0,39.0,late,8.0,False,True,2,False,2,1,0.3,0.7,False,False,4.0,right,1.0,0.0,1,0.8080459294724278,False,1.0,nan,1,0.25,-1.0,0.25,rl,80
1,53,2.0,40.0,late,8.0,False,True,2,False,2,1,0.3,0.7,False,False,4.0,right,1.0,0.0,1,0.5701289435382932,False,0.0,nan,0,-0.25,-1.25,0.25,rl,80
1,54,2.0,41.0,late,9.0,False,True,2,False,2,1,0.3,0.7,False,False,4.0,right,1.0,0.0,1,1.3562637661234476,False,0.0,nan,0,-0.5,-1.75,0.5,rl,80
1,55,2.0,42.0,late,9.0,False,True,2,False,2,1,0.3,0.7,False,False,1.0,left,0.0,1.0,2,0.8064494939753786,True,nan,0.0,0,-0.25,-2.0,0.25,rl,80
1,56,2.0,43.0,late,9.0,False,True,2,True,1,2,0.3,0.7,False,False,1.0,left,1.0,0.0,1,1.5401717312051915,False,0.0,nan,0,-0.75,-2.75,0.75,rl,80
1,57,2.0,44.0,late,9.0,False,True,2,True,1,2,0.3,0.7,False,False,4.0,right,0.0,1.0,2,2.1382837496930733,True,nan,1.0,1,0.5,-2.25,0.5,rl,80
1,58,2.0,45.0,late,9.0,False,True,2,True,1,2,0.3,0.7,False,False,4.0,right,0.0,1.0,2,2.2366108646965586,True,nan,1.0,1,0.5,-1.75,0.5,rl,80
1,59,2.0,46.0,late,10.0,False,True,2,True,1,2,0.3,0.7,False,False,4.0,right,0.0,1.0,2,1.1831373125314713,True,nan,1.0,1,0.5,-1.25,0.5,rl,80
1,60,2.0,47.0,late,10.0,False,True,2,False,2,1,0.3,0.7,False,False,4.0,right,1.0,0.0,1,1.1696253801928833,False,0.0,nan,0,-0.75,-2.0,0.75,rl,80
1,61,2.0,48.0,late,10.0,False,True,2,False,2,1,0.3,0.7,False,False,4.0,right,1.0,0.0,1,1.9380953093641438,False,0.0,nan,0,-0.5,-2.5,0.5,rl,80
1,62,2.0,49.0,late,10.0,False,True,2,True,1,2,0.3,0.7,False,False,1.0,left,1.0,0.0,1,2.2660217583179474,False,1.0,nan,1,0.5,-2.0,0.5,rl,80
1,63,2.0,50.0,late,10.0,False,True,2,True,1,2,0.3,0.7,False,False,1.0,left,1.0,0.0,1,1.4132507080794312,False,1.0,nan,1,0.25,-1.75,0.25,rl,80
1,64,2.0,51.0,late,11.0,False,True,2,False,2,1,0.3,0.7,False,False,4.0,right,1.0,0.0,1,2.5508711335714906,False,1.0,nan,1,0.75,-1.0,0.75,rl,80
1,65,2.0,52.0,late,11.0,False,True,2,False,2,1,0.3,0.7,False,False,4.0,right,1.0,0.0,1,0.4411029950133525,False,0.0,nan,0,-0.25,-1.25,0.25,rl,80
1,66,2.0,53.0,late,11.0,False,True,2,True,1,2,0.3,0.7,False,False,1.0,left,1.0,0.0,1,1.144905262219254,False,0.0,nan,0,-0.25,-1.5,0.25,rl,80
1,67,2.0,54.0,late,11.0,False,True,2,True,1,2,0.3,0.7,False,False,1.0,left,1.0,0.0,1,1.8853000369272195,False,0.0,nan,0,-0.5,-2.0,0.5,rl,80
1,68,2.0,55.0,late,11.0,False,True,2,True,1,2,0.3,0.7,False,False,4.0,right,0.0,1.0,2,1.3417720962315798,True,nan,1.0,1,0.75,-1.25,0.75,rl,80
1,69,2.0,56.0,late,12.0,False,True,2,False,2,1,0.3,0.7,False,False,1.0,left,0.0,1.0,2,0.6133555731503293,True,nan,0.0,0,-0.75,-2.0,0.75,rl,80
1,70,2.0,57.0,late,12.0,False,True,2,False,2,1,0.3,0.7,False,False,4.0,right,1.0,0.0,1,1.4039838162716478,False,0.0,nan,0,-0.5,-2.5,0.5,rl,80
