sessNo,trialNo,block,blockTrialNo,trialClass,blockBin,stim1_High,stim2_High,stimHigh,stim1_left,leftStim,rightStim,stim1_pWin,stim2_pWin,reverseStatus,reverseTrial,responseKey,response_LR,selected_stim1,selected_stim2,response_stimID,RT,highChosen,stim1_isWin,stim2_isWin,isWin,payOut,accum_payOut,abs_outMag,instructCond,subID
1,1,1.0,1.0,early,1.0,True,False,1,False,2,1,0.7,0.3,False,False,4.0,right,1.0,0.0,1,0.7625876917736605,True,1.0,nan,1,0.25,0.25,0.25,hm,81
1,2,1.0,2.0,early,1.0,True,False,1,True,1,2,0.7,0.3,False,False,4.0,right,0.0,1.0,2,1.2218367981840856,False,nan,0.0,0,-0.5,-0.25,0.5,hm,81
1,3,1.0,3.0,early,1.0,True,False,1,False,2,1,0.7,0.3,False,False,4.0,right,1.0,0.0,1,1.229356525640469,True,1.0,nan,1,0.5,0.25,0.5,hm,81
1,4,1.0,4.0,early,1.0,True,False,1,True,1,2,0.7,0.3,False,False,1.0,left,1.0,0.0,1,0.8142000066582114,True,1.0,nan,1,0.25,0.5,0.25,hm,81
1,5,1.0,5.0,early,1.0,True,False,1,False,2,1,0.7,0.3,False,False,1.0,left,0.0,1.0,2,0.6526676514185965,False,nan,1.0,1,0.25,0.75,0.25,hm,81
1,6,1.0,6.0,early,2.0,True,False,1,False,2,1,0.7,0.3,False,False,4.0,right,1.0,0.0,1,0.6971279702847824,True,1.0,nan,1,0.75,1.5,0.75,hm,81
1,7,1.0,7.0,early,2.0,True,False,1,False,2,1,0.7,0.3,False,False,4.0,right,1.0,0.0,1,1.1906546939862892,True,1.0,nan,1,0.5,2.0,0.5,hm,81
1,8,1.0,8.0,early,2.0,True,False,1,True,1,2,0.7,0.3,False,False,1.0,left,1.0,0.0,1,1.1042867695214227,True,0.0,nan,0,-0.75,1.25,0.75,hm,81
1,9,1.0,9.0,early,2.0,True,False,1,False,2,1,0.7,0.3,False,False,1.0,left,0.0,1.0,2,0.723792900913395,False,nan,1.0,1,0.75,2.0,0.75,hm,81
1,10,1.0,10.0,early,2.0,True,False,1,True,1,2,0.7,0.3,False,False,4.0,right,0.0,1.0,2,1.2740913235465996,False,nan,0.0,0,-0.5,1.5,0.5,hm,81
1,11,1.0,11.0,early,3.0,True,False,1,True,1,2,0.7,0.3,False,False,1.0,left,1.0,0.0,1,0.5548167691449635,True,1.0,nan,1,0.75,2.25,0.75,hm,81
1,12,1.0,12.0,early,3.0,True,False,1,True,1,2,0.7,0.3,False,False,4.0,right,0.0,1.0,2,0.864141694502905,False,nan,0.0,0,-0.5,1.75,0.5,hm,81
1,13,1.0,13.0,early,3.0,True,False,1,False,2,1,0.7,0.3,False,False,4.0,right,1.0,0.0,1,1.1176764179836027,True,1.0,nan,1,0.25,2.0,0.25,hm,81
1,14,1.0,14.0,early,3.0,True,False,1,True,1,2,0.7,0.3,False,False,4.0,right,0.0,1.0,2,1.22024094912922,False,nan,1.0,1,0.75,2.75,0.75,hm,81
1,15,1.0,15.0,early,3.0,True,False,1,False,2,1,0.7,0.3,False,False,1.0,left,0.0,1.0,2,0.647931129205972,False,nan,0.0,0,-0.25,2.5,0.25,hm,81
1,16,1.0,16.0,early,4.0,True,False,1,True,1,2,0.7,0.3,False,False,1.0,left,1.0,0.0,1,1.2073565649334341,True,1.0,nan,1,0.25,2.75,0.25,hm,81
1,17,1.0,17.0,early,4.0,True,False,1,False,2,1,0.7,0.3,False,False,4.0,right,1.0,0.0,1,1.4289666833356023,True,1.0,nan,1,0.5,3.25,0.5,hm,81
1,18,1.0,18.0,early,4.0,True,False,1,True,1,2,0.7,0.3,False,False,1.0,left,1.0,0.0,1,0.8544012091006152,True,0.0,nan,0,-0.5,2.75,0.5,hm,81
1,19,1.0,19.0,late,4.0,True,False,1,False,2,1,0.7,0.3,False,False,1.0,left,0.0,1.0,2,1.537705232447479,False,nan,0.0,0,-0.5,2.25,0.5,hm,81
1,20,1.0,20.0,late,4.0,True,False,1,True,1,2,0.7,0.3,False,False,1.0,left,1.0,0.0,1,1.1732739567523822,True,1.0,nan,1,0.75,3.0,0.75,hm,81
1,21,1.0,21.0,late,5.0,True,False,1,True,1,2,0.7,0.3,False,False,4.0,right,0.0,1.0,2,0.769643796083983,False,nan,0.0,0,-0.25,2.75,0.25,hm,81
1,22,1.0,22.0,late,5.0,True,False,1,False,2,1,0.7,0.3,False,False,4.0,right,1.0,0.0,1,2.0153356341761537,True,1.0,nan,1,0.25,3.0,0.25,hm,81
1,23,1.0,23.0,late,5.0,True,False,1,False,2,1,0.7,0.3,False,False,4.0,right,1.0,0.0,1,0.7554119428386912,True,1.0,nan,1,0.75,3.75,0.75,hm,81
1,24,1.0,24.0,late,5.0,True,False,1,True,1,2,0.7,0.3,False,False,4.0,right,0.0,1.0,2,0.820387807150837,False,nan,1.0,1,0.5,4.25,0.5,hm,81
1,25,1.0,25.0,late,5.0,True,False,1,False,2,1,0.7,0.3,False,False,4.0,right,1.0,0.0,1,0.9367935868212953,True,1.0,nan,1,0.25,4.5,0.25,hm,81
1,26,1.0,26.0,late,6.0,True,False,1,True,1,2,0.7,0.3,False,False,4.0,right,0.0,1.0,2,0.6094767978647724,False,nan,0.0,0,-0.75,3.75,0.75,hm,81
1,27,1.0,27.0,late,6.0,True,False,1,False,2,1,0.7,0.3,False,False,4.0,right,1.0,0.0,1,0.6080551374470815,True,0.0,nan,0,-0.5,3.25,0.5,hm,81
1,28,1.0,28.0,late,6.0,True,False,1,False,2,1,0.7,0.3,False,False,1.0,left,0.0,1.0,2,0.5464032255113125,False,nan,0.0,0,-0.75,2.5,0.75,hm,81
1,29,1.0,29.0,late,6.0,True,False,1,False,2,1,0.7,0.3,False,False,4.0,right,1.0,0.0,1,1.0361640739138238,True,1.0,nan,1,0.5,3.0,0.5,hm,81
1,30,1.0,30.0,late,6.0,True,False,1,False,2,1,0.7,0.3,False,False,4.0,right,1.0,0.0,1,0.7527955949190073,True,0.0,nan,0,-0.5,2.5,0.5,hm,81
1,31,1.0,31.0,late,7.0,True,False,1,True,1,2,0.7,0.3,False,False,4.0,right,0.0,1.0,2,0.8819414814352058,False,nan,0.0,0,-0.75,1.75,0.75,hm,81
1,32,1.0,32.0,late,7.0,True,False,1,True,1,2,0.7,0.3,False,False,4.0,right,0.0,1.0,2,1.8803230523481034,False,nan,0.0,0,-0.25,1.5,0.25,hm,81
1,33,1.0,33.0,late,7.0,True,False,1,False,2,1,0.7,0.3,False,False,4.0,right,1.0,0.0,1,1.0881860545487143,True,1.0,nan,1,0.25,1.75,0.25,hm,81
1,34,1.0,34.0,late,7.0,True,False,1,True,1,2,0.7,0.3,False,False,1.0,left,1.0,0.0,1,0.9298002373543568,True,1.0,nan,1,0.5,2.25,0.5,hm,81
1,35,1.0,35.0,late,7.0,True,False,1,False,2,1,0.7,0.3,False,False,4.0,right,1.0,0.0,1,0.7052591172396205,True,1.0,nan,1,0.5,2.75,0.5,hm,81
1,36,1.0,36.0,late,8.0,True,False,1,True,1,2,0.7,0.3,True,True,1.0,left,1.0,0.0,1,0.7247222000150941,True,1.0,nan,1,0.5,3.25,0.5,hm,81
1,37,2.0,1.0,early,1.0,False,True,2,False,2,1,0.3,0.7,False,False,4.0,right,1.0,0.0,1,0.6122937265317887,False,1.0,nan,1,0.5,3.75,0.5,hm,81
1,38,2.0,2.0,early,1.0,False,True,2,True,1,2,0.3,0.7,False,False,1.0,left,1.0,0.0,1,0.6908079154090956,False,0.0,nan,0,-0.25,3.5,0.25,hm,81
1,39,2.0,3.0,early,1.0,False,True,2,False,2,1,0.3,0.7,False,False,1.0,left,0.0,1.0,2,0.673808399005793,True,nan,1.0,1,0.25,3.75,0.25,hm,81
1,40,2.0,4.0,early,1.0,False,True,2,True,1,2,0.3,0.7,False,False,4.0,right,0.0,1.0,2,0.7574626176501624,True,nan,0.0,0,-0.25,3.5,0.25,hm,81
1,41,2.0,5.0,early,1.0,False,True,2,True,1,2,0.3,0.7,False,False,4.0,right,0.0,1.0,2,0.6254748765495606,True,nan,1.0,1,0.5,4.0,0.5,hm,81
1,42,2.0,6.0,early,2.0,False,True,2,False,2,1,0.3,0.7,False,False,4.0,right,1.0,0.0,1,0.6538297883816995,False,0.0,nan,0,-0.75,3.25,0.75,hm,81
1,43,2.0,7.0,early,2.0,False,True,2,True,1,2,0.3,0.7,False,False,1.0,left,1.0,0.0,1,1.0470948480069637,False,1.0,nan,1,0.75,4.0,0.75,hm,81
1,44,2.0,8.0,early,2.0,False,True,2,False,2,1,0.3,0.7,False,False,4.0,right,1.0,0.0,1,0.5869665877544321,False,0.0,nan,0,-0.5,3.5,0.5,hm,81
1,45,2.0,9.0,early,2.0,False,True,2,False,2,1,0.3,0.7,False,False,4.0,right,1.0,0.0,1,1.0433653353247792,False,0.0,nan,0,-0.25,3.25,0.25,hm,81
1,46,2.0,10.0,early,2.0,False,True,2,True,1,2,0.3,0.7,False,False,4.0,right,0.0,1.0,2,0.5459431212511845,True,nan,0.0,0,-0.25,3.0,0.25,hm,81
1,47,2.0,11.0,early,3.0,False,True,2,False,2,1,0.3,0.7,False,False,1.0,left,0.0,1.0,2,0.4599077386665158,True,nan,1.0,1,0.75,3.75,0.75,hm,81
1,48,2.0,12.0,early,3.0,False,True,2,False,2,1,0.3,0.7,False,False,4.0,right,1.0,0.0,1,0.5681360383168794,False,1.0,nan,1,0.25,4.0,0.25,hm,81
1,49,2.0,13.0,early,3.0,False,True,2,True,1,2,0.3,0.7,False,False,4.0,right,0.0,1.0,2,0.9573610369698144,True,nan,0.0,0,-0.5,3.5,0.5,hm,81
1,50,2.0,14.0,late,3.0,False,True,2,True,1,2,0.3,0.7,False,False,1.0,left,1.0,0.0,1,0.5891656454186887,False,1.0,nan,1,0.5,4.0,0.5,hm,81
1,51,2.0,15.0,late,3.0,False,True,2,True,1,2,0.3,0.7,False,False,4.0,right,0.0,1.0,2,1.6568619602476247,True,nan,0.0,0,-0.75,3.25,0.75,hm,81
1,52,2.0,16.0,late,4.0,False,True,2,True,1,2,0.3,0.7,False,False,1.0,left,1.0,0.0,1,0.7573221524362452,False,1.0,nan,1,0.25,3.5,0.25,hm,81
1,53,2.0,17.0,late,4.0,False,True,2,True,1,2,0.3,0.7,False,False,1.0,left,1.0,0.0,1,0.9617051948443986,False,0.0,nan,0,-0.25,3.25,0.25,hm,81
1,54,2.0,18.0,late,4.0,False,True,2,False,2,1,0.3,0.7,False,False,4.0,right,1.0,0.0,1,1.076301641878672,False,0.0,nan,0,-0.5,2.75,0.5,hm,81
1,55,2.0,19.0,late,4.0,False,True,2,False,2,1,0.3,0.7,False,False,1.0,left,0.0,1.0,2,0.8330455116229132,True,nan,1.0,1,0.75,3.5,0.75,hm,81
1,56,2.0,20.0,late,4.0,False,True,2,True,1,2,0.3,0.7,False,False,4.0,right,0.0,1.0,2,0.588823719706852,True,nan,1.0,1,0.5,4.0,0.5,hm,81
1,57,2.0,21.0,late,5.0,False,True,2,True,1,2,0.3,0.7,False,False,4.0,right,0.0,1.0,2,0.9348493606084958,True,nan,0.0,0,-0.5,3.5,0.5,hm,81
1,58,2.0,22.0,late,5.0,False,True,2,True,1,2,0.3,0.7,False,False,1.0,left,1.0,0.0,1,0.6120916794752702,False,0.0,nan,0,-0.75,2.75,0.75,hm,81
1,59,2.0,23.0,late,5.0,False,True,2,True,1,2,0.3,0.7,False,False,4.0,right,0.0,1.0,2,0.5248786177835427,True,nan,0.0,0,-0.5,2.25,0.5,hm,81
1,60,2.0,24.0,late,5.0,False,True,2,True,1,2,0.3,0.7,False,False,4.0,right,0.0,1.0,2,1.1142729957937263,True,nan,1.0,1,0.25,2.5,0.25,hm,81
1,61,2.0,25.0,late,5.0,False,True,2,False,2,1,0.3,0.7,False,False,1.0,left,0.0,1.0,2,0.630091167462524,True,nan,1.0,1,0.25,2.75,0.25,hm,81
1,62,2.0,26.0,late,6.0,False,True,2,True,1,2,0.3,0.7,True,True,4.0,right,0.0,1.0,2,0.6403512862161733,True,nan,1.0,1,0.5,3.25,0.5,hm,81
1,63,3.0,1.0,early,1.0,True,False,1,False,2,1,0.7,0.3,False,False,4.0,right,1.0,0.0,1,0.8440563420881517,True,1.0,nan,1,0.75,4.0,0.75,hm,81
1,64,3.0,2.0,early,1.0,True,False,1,False,2,1,0.7,0.3,False,False,1.0,left,0.0,1.0,2,0.7959585899952799,False,nan,0.0,0,-0.25,3.75,0.25,hm,81
1,65,3.0,3.0,early,1.0,True,False,1,True,1,2,0.7,0.3,False,False,4.0,right,0.0,1.0,2,0.45916963648051023,False,nan,1.0,1,0.25,4.0,0.25,hm,81
1,66,3.0,4.0,early,1.0,True,False,1,True,1,2,0.7,0.3,False,False,4.0,right,0.0,1.0,2,0.5277336685685441,False,nan,0.0,0,-0.75,3.25,0.75,hm,81
1,67,3.0,5.0,late,1.0,True,False,1,False,2,1,0.7,0.3,False,False,1.0,left,0.0,1.0,2,0.7101372776087373,False,nan,0.0,0,-0.5,2.75,0.5,hm,81
1,68,3.0,6.0,late,2.0,True,False,1,False,2,1,0.7,0.3,False,False,4.0,right,1.0,0.0,1,0.7905373366666026,True,0.0,nan,0,-0.5,2.25,0.5,hm,81
1,69,3.0,7.0,late,2.0,True,False,1,False,2,1,0.7,0.3,False,False,1.0,left,0.0,1.0,2,0.960138670518063,False,nan,0.0,0,-0.5,1.75,0.5,hm,81
1,70,3.0,8.0,late,2.0,True,False,1,True,1,2,0.7,0.3,False,False,1.0,left,1.0,0.0,1,1.6325987207819708,True,1.0,nan,1,0.5,2.25,0.5,hm,81
