sessNo,trialNo,block,blockTrialNo,trialClass,blockBin,stim1_High,stim2_High,stimHigh,stim1_left,leftStim,rightStim,stim1_pWin,stim2_pWin,reverseStatus,reverseTrial,responseKey,response_LR,selected_stim1,selected_stim2,response_stimID,RT,highChosen,stim1_isWin,stim2_isWin,isWin,payOut,accum_payOut,abs_outMag,instructCond,subID
1,1,1.0,1.0,early,1.0,False,True,2,True,1,2,0.3,0.7,False,False,nan,nan,nan,nan,nan,nan,False,nan,nan,nan,nan,nan,nan,rl,82
1,2,1.0,2.0,early,1.0,False,True,2,True,1,2,0.3,0.7,False,False,1.0,left,1.0,0.0,1.0,0.3849940338986926,False,0.0,nan,0.0,-0.25,-0.25,0.25,rl,82
1,3,1.0,3.0,early,1.0,False,True,2,False,2,1,0.3,0.7,False,False,1.0,left,0.0,1.0,2.0,0.6020165994996205,True,nan,1.0,1.0,0.5,0.25,0.5,rl,82
1,4,1.0,4.0,early,1.0,False,True,2,True,1,2,0.3,0.7,False,False,4.0,right,0.0,1.0,2.0,0.5404010501806624,True,nan,0.0,0.0,-0.75,-0.5,0.75,rl,82
1,5,1.0,5.0,early,1.0,False,True,2,True,1,2,0.3,0.7,False,False,4.0,right,0.0,1.0,2.0,0.5907688256702386,True,nan,1.0,1.0,0.25,-0.25,0.25,rl,82
1,6,1.0,6.0,late,2.0,False,True,2,True,1,2,0.3,0.7,False,False,1.0,left,1.0,0.0,1.0,0.608058656391222,False,0.0,nan,0.0,-0.5,-0.75,0.5,rl,82
1,7,1.0,7.0,late,2.0,False,True,2,False,2,1,0.3,0.7,False,False,4.0,right,1.0,0.0,1.0,0.819814216461964,False,0.0,nan,0.0,-0.5,-1.25,0.5,rl,82
1,8,1.0,8.0,late,2.0,False,True,2,True,1,2,0.3,0.7,False,False,4.0,right,0.0,1.0,2.0,0.6005749983596615,True,nan,1.0,1.0,0.75,-0.5,0.75,rl,82
1,9,1.0,9.0,late,2.0,False,True,2,False,2,1,0.3,0.7,False,False,1.0,left,0.0,1.0,2.0,0.9448669641860761,True,nan,1.0,1.0,0.5,0.0,0.5,rl,82
1,10,1.0,10.0,late,2.0,False,True,2,True,1,2,0.3,0.7,False,False,4.0,right,0.0,1.0,2.0,0.6984437686041929,True,nan,1.0,1.0,0.75,0.75,0.75,rl,82
1,11,1.0,11.0,late,3.0,False,True,2,False,2,1,0.3,0.7,True,True,1.0,left,0.0,1.0,2.0,0.7507727785850875,True,nan,0.0,0.0,-0.25,0.5,0.25,rl,82
1,12,2.0,1.0,early,1.0,True,False,1,True,1,2,0.7,0.3,False,False,4.0,right,0.0,1.0,2.0,0.679037868976593,False,nan,0.0,0.0,-0.75,-0.25,0.75,rl,82
1,13,2.0,2.0,early,1.0,True,False,1,False,2,1,0.7,0.3,False,False,1.0,left,0.0,1.0,2.0,0.5679665416828357,False,nan,1.0,1.0,0.5,0.25,0.5,rl,82
1,14,2.0,3.0,early,1.0,True,False,1,False,2,1,0.7,0.3,False,False,1.0,left,0.0,1.0,2.0,0.6404609605087899,False,nan,1.0,1.0,0.5,0.75,0.5,rl,82
1,15,2.0,4.0,early,1.0,True,False,1,False,2,1,0.7,0.3,False,False,1.0,left,0.0,1.0,2.0,0.7175775351934135,False,nan,0.0,0.0,-0.75,0.0,0.75,rl,82
1,16,2.0,5.0,early,1.0,True,False,1,False,2,1,0.7,0.3,False,False,1.0,left,0.0,1.0,2.0,0.8114024322130717,False,nan,0.0,0.0,-0.25,-0.25,0.25,rl,82
1,17,2.0,6.0,early,2.0,True,False,1,True,1,2,0.7,0.3,False,False,1.0,left,1.0,0.0,1.0,0.571064400835894,True,1.0,nan,1.0,0.25,0.0,0.25,rl,82
1,18,2.0,7.0,early,2.0,True,False,1,True,1,2,0.7,0.3,False,False,4.0,right,0.0,1.0,2.0,0.5787289921427146,False,nan,0.0,0.0,-0.5,-0.5,0.5,rl,82
1,19,2.0,8.0,early,2.0,True,False,1,False,2,1,0.7,0.3,False,False,1.0,left,0.0,1.0,2.0,0.6643594009219669,False,nan,1.0,1.0,0.5,0.0,0.5,rl,82
1,20,2.0,9.0,early,2.0,True,False,1,False,2,1,0.7,0.3,False,False,1.0,left,0.0,1.0,2.0,0.7905871885595843,False,nan,0.0,0.0,-0.25,-0.25,0.25,rl,82
1,21,2.0,10.0,early,2.0,True,False,1,False,2,1,0.7,0.3,False,False,1.0,left,0.0,1.0,2.0,0.591671732487157,False,nan,0.0,0.0,-0.75,-1.0,0.75,rl,82
1,22,2.0,11.0,early,3.0,True,False,1,False,2,1,0.7,0.3,False,False,4.0,right,1.0,0.0,1.0,0.6286419418174773,True,1.0,nan,1.0,0.5,-0.5,0.5,rl,82
1,23,2.0,12.0,early,3.0,True,False,1,True,1,2,0.7,0.3,False,False,1.0,left,1.0,0.0,1.0,1.0510527999140322,True,1.0,nan,1.0,0.75,0.25,0.75,rl,82
1,24,2.0,13.0,late,3.0,True,False,1,True,1,2,0.7,0.3,False,False,1.0,left,1.0,0.0,1.0,1.2026376375579275,True,0.0,nan,0.0,-0.5,-0.25,0.5,rl,82
1,25,2.0,14.0,late,3.0,True,False,1,False,2,1,0.7,0.3,False,False,1.0,left,0.0,1.0,2.0,0.5572134751710109,False,nan,0.0,0.0,-0.5,-0.75,0.5,rl,82
1,26,2.0,15.0,late,3.0,True,False,1,True,1,2,0.7,0.3,False,False,4.0,right,0.0,1.0,2.0,0.7257685045478866,False,nan,0.0,0.0,-0.25,-1.0,0.25,rl,82
1,27,2.0,16.0,late,4.0,True,False,1,False,2,1,0.7,0.3,False,False,4.0,right,1.0,0.0,1.0,0.472056659986265,True,1.0,nan,1.0,0.75,-0.25,0.75,rl,82
1,28,2.0,17.0,late,4.0,True,False,1,True,1,2,0.7,0.3,False,False,1.0,left,1.0,0.0,1.0,2.0277684183674864,True,0.0,nan,0.0,-0.25,-0.5,0.25,rl,82
1,29,2.0,18.0,late,4.0,True,False,1,True,1,2,0.7,0.3,False,False,4.0,right,0.0,1.0,2.0,1.449226517637726,False,nan,0.0,0.0,-0.25,-0.75,0.25,rl,82
1,30,2.0,19.0,late,4.0,True,False,1,True,1,2,0.7,0.3,False,False,1.0,left,1.0,0.0,1.0,1.1874606499332003,True,1.0,nan,1.0,0.75,0.0,0.75,rl,82
1,31,2.0,20.0,late,4.0,True,False,1,True,1,2,0.7,0.3,False,False,1.0,left,1.0,0.0,1.0,0.4816904035396874,True,1.0,nan,1.0,0.5,0.5,0.5,rl,82
1,32,2.0,21.0,late,5.0,True,False,1,False,2,1,0.7,0.3,False,False,4.0,right,1.0,0.0,1.0,0.8018510910333134,True,1.0,nan,1.0,0.5,1.0,0.5,rl,82
1,33,2.0,22.0,late,5.0,True,False,1,True,1,2,0.7,0.3,True,False,1.0,left,1.0,0.0,1.0,1.012193494825624,True,1.0,nan,1.0,0.5,1.5,0.5,rl,82
1,34,2.0,23.0,late,5.0,True,False,1,True,1,2,0.7,0.3,True,False,1.0,left,1.0,0.0,1.0,1.1739883059053682,True,1.0,nan,1.0,0.25,1.75,0.25,rl,82
1,35,2.0,24.0,late,5.0,True,False,1,True,1,2,0.7,0.3,True,False,1.0,left,1.0,0.0,1.0,0.7764638366643339,True,1.0,nan,1.0,0.75,2.5,0.75,rl,82
1,36,2.0,25.0,late,5.0,True,False,1,True,1,2,0.7,0.3,True,True,1.0,left,1.0,0.0,1.0,0.8451014736201614,True,0.0,nan,0.0,-0.75,1.75,0.75,rl,82
1,37,3.0,1.0,early,1.0,False,True,2,True,1,2,0.3,0.7,False,False,1.0,left,1.0,0.0,1.0,0.7085296987206675,False,0.0,nan,0.0,-0.5,1.25,0.5,rl,82
1,38,3.0,2.0,early,1.0,False,True,2,True,1,2,0.3,0.7,False,False,1.0,left,1.0,0.0,1.0,1.1138533595949411,False,1.0,nan,1.0,0.75,2.0,0.75,rl,82
1,39,3.0,3.0,early,1.0,False,True,2,True,1,2,0.3,0.7,False,False,1.0,left,1.0,0.0,1.0,0.6765584673848934,False,1.0,nan,1.0,0.75,2.75,0.75,rl,82
1,40,3.0,4.0,early,1.0,False,True,2,True,1,2,0.3,0.7,False,False,1.0,left,1.0,0.0,1.0,1.0133720536832698,False,0.0,nan,0.0,-0.75,2.0,0.75,rl,82
1,41,3.0,5.0,early,1.0,False,True,2,True,1,2,0.3,0.7,False,False,1.0,left,1.0,0.0,1.0,0.7987409155466594,False,0.0,nan,0.0,-0.25,1.75,0.25,rl,82
1,42,3.0,6.0,late,2.0,False,True,2,False,2,1,0.3,0.7,False,False,4.0,right,1.0,0.0,1.0,1.955710937269032,False,0.0,nan,0.0,-0.25,1.5,0.25,rl,82
1,43,3.0,7.0,late,2.0,False,True,2,True,1,2,0.3,0.7,False,False,4.0,right,0.0,1.0,2.0,2.0157071778085083,True,nan,0.0,0.0,-0.5,1.0,0.5,rl,82
1,44,3.0,8.0,late,2.0,False,True,2,False,2,1,0.3,0.7,False,False,1.0,left,0.0,1.0,2.0,0.7632061492768116,True,nan,0.0,0.0,-0.75,0.25,0.75,rl,82
1,45,3.0,9.0,late,2.0,False,True,2,True,1,2,0.3,0.7,False,False,4.0,right,0.0,1.0,2.0,1.0954911253065802,True,nan,1.0,1.0,0.5,0.75,0.5,rl,82
1,46,3.0,10.0,late,2.0,False,True,2,True,1,2,0.3,0.7,True,True,4.0,right,0.0,1.0,2.0,0.7369969241553918,True,nan,1.0,1.0,0.75,1.5,0.75,rl,82
1,47,4.0,1.0,early,1.0,True,False,1,True,1,2,0.7,0.3,False,False,4.0,right,0.0,1.0,2.0,0.9961710766656324,False,nan,1.0,1.0,0.25,1.75,0.25,rl,82
1,48,4.0,2.0,early,1.0,True,False,1,True,1,2,0.7,0.3,False,False,1.0,left,1.0,0.0,1.0,0.6222037085681222,True,1.0,nan,1.0,0.25,2.0,0.25,rl,82
1,49,4.0,3.0,early,1.0,True,False,1,False,2,1,0.7,0.3,False,False,1.0,left,0.0,1.0,2.0,0.7337656377349049,False,nan,0.0,0.0,-0.5,1.5,0.5,rl,82
1,50,4.0,4.0,early,1.0,True,False,1,False,2,1,0.7,0.3,False,False,1.0,left,0.0,1.0,2.0,0.7093047500238754,False,nan,1.0,1.0,0.75,2.25,0.75,rl,82
1,51,4.0,5.0,early,1.0,True,False,1,True,1,2,0.7,0.3,False,False,4.0,right,0.0,1.0,2.0,0.6582563486881554,False,nan,0.0,0.0,-0.75,1.5,0.75,rl,82
1,52,4.0,6.0,early,2.0,True,False,1,False,2,1,0.7,0.3,False,False,1.0,left,0.0,1.0,2.0,0.9322497277753428,False,nan,0.0,0.0,-0.5,1.0,0.5,rl,82
1,53,4.0,7.0,early,2.0,True,False,1,False,2,1,0.7,0.3,False,False,1.0,left,0.0,1.0,2.0,0.9680369796114974,False,nan,1.0,1.0,0.75,1.75,0.75,rl,82
1,54,4.0,8.0,early,2.0,True,False,1,False,2,1,0.7,0.3,False,False,4.0,right,1.0,0.0,1.0,0.7223539389087819,True,0.0,nan,0.0,-0.75,1.0,0.75,rl,82
1,55,4.0,9.0,early,2.0,True,False,1,True,1,2,0.7,0.3,False,False,1.0,left,1.0,0.0,1.0,1.475848927453626,True,1.0,nan,1.0,0.25,1.25,0.25,rl,82
1,56,4.0,10.0,late,2.0,True,False,1,True,1,2,0.7,0.3,False,False,4.0,right,0.0,1.0,2.0,1.2173090677824803,False,nan,1.0,1.0,0.5,1.75,0.5,rl,82
1,57,4.0,11.0,late,3.0,True,False,1,False,2,1,0.7,0.3,False,False,4.0,right,1.0,0.0,1.0,0.574658140190877,True,1.0,nan,1.0,0.25,2.0,0.25,rl,82
1,58,4.0,12.0,late,3.0,True,False,1,True,1,2,0.7,0.3,False,False,1.0,left,1.0,0.0,1.0,0.7873852268676274,True,1.0,nan,1.0,0.75,2.75,0.75,rl,82
1,59,4.0,13.0,late,3.0,True,False,1,True,1,2,0.7,0.3,False,False,1.0,left,1.0,0.0,1.0,0.9519339185790159,True,1.0,nan,1.0,0.25,3.0,0.25,rl,82
1,60,4.0,14.0,late,3.0,True,False,1,True,1,2,0.7,0.3,False,False,4.0,right,0.0,1.0,2.0,0.7982772924005985,False,nan,0.0,0.0,-0.5,2.5,0.5,rl,82
1,61,4.0,15.0,late,3.0,True,False,1,False,2,1,0.7,0.3,False,False,1.0,left,0.0,1.0,2.0,0.7690282710827887,False,nan,0.0,0.0,-0.5,2.0,0.5,rl,82
1,62,4.0,16.0,late,4.0,True,False,1,False,2,1,0.7,0.3,False,False,4.0,right,1.0,0.0,1.0,0.7895910292281769,True,1.0,nan,1.0,0.5,2.5,0.5,rl,82
1,63,4.0,17.0,late,4.0,True,False,1,False,2,1,0.7,0.3,False,False,4.0,right,1.0,0.0,1.0,0.9050205902894959,True,1.0,nan,1.0,0.5,3.0,0.5,rl,82
1,64,4.0,18.0,late,4.0,True,False,1,False,2,1,0.7,0.3,False,False,4.0,right,1.0,0.0,1.0,0.7571758222766221,True,0.0,nan,0.0,-0.75,2.25,0.75,rl,82
1,65,4.0,19.0,late,4.0,True,False,1,True,1,2,0.7,0.3,True,True,1.0,left,1.0,0.0,1.0,0.856043977662921,True,1.0,nan,1.0,0.25,2.5,0.25,rl,82
1,66,5.0,1.0,early,1.0,False,True,2,False,2,1,0.3,0.7,False,False,1.0,left,0.0,1.0,2.0,0.8555143739213236,True,nan,1.0,1.0,0.25,2.75,0.25,rl,82
1,67,5.0,2.0,early,1.0,False,True,2,True,1,2,0.3,0.7,False,False,4.0,right,0.0,1.0,2.0,0.8274096015375108,True,nan,0.0,0.0,-0.5,2.25,0.5,rl,82
1,68,5.0,3.0,late,1.0,False,True,2,False,2,1,0.3,0.7,False,False,1.0,left,0.0,1.0,2.0,0.9346332377172075,True,nan,1.0,1.0,0.25,2.5,0.25,rl,82
1,69,5.0,4.0,late,1.0,False,True,2,True,1,2,0.3,0.7,True,False,4.0,right,0.0,1.0,2.0,0.8042589404503815,True,nan,0.0,0.0,-0.5,2.0,0.5,rl,82
1,70,5.0,5.0,late,1.0,False,True,2,True,1,2,0.3,0.7,True,True,4.0,right,0.0,1.0,2.0,0.6699671593378298,True,nan,1.0,1.0,0.75,2.75,0.75,rl,82
