sessNo,trialNo,block,blockTrialNo,trialClass,blockBin,stim1_High,stim2_High,stimHigh,stim1_left,leftStim,rightStim,stim1_pWin,stim2_pWin,reverseStatus,reverseTrial,responseKey,response_LR,selected_stim1,selected_stim2,response_stimID,RT,highChosen,stim1_isWin,stim2_isWin,isWin,payOut,accum_payOut,abs_outMag,instructCond,subID
1,1,1.0,1.0,early,1.0,True,False,1,False,2,1,0.7,0.3,False,False,1.0,left,0.0,1.0,2.0,0.9529639392858371,False,nan,1.0,1.0,0.5,0.5,0.5,rl,88
1,2,1.0,2.0,early,1.0,True,False,1,False,2,1,0.7,0.3,False,False,1.0,left,0.0,1.0,2.0,1.4735877788625658,False,nan,0.0,0.0,-0.5,0.0,0.5,rl,88
1,3,1.0,3.0,early,1.0,True,False,1,False,2,1,0.7,0.3,False,False,1.0,left,0.0,1.0,2.0,0.7719270979287103,False,nan,0.0,0.0,-0.75,-0.75,0.75,rl,88
1,4,1.0,4.0,early,1.0,True,False,1,True,1,2,0.7,0.3,False,False,4.0,right,0.0,1.0,2.0,1.7717869263142347,False,nan,0.0,0.0,-0.5,-1.25,0.5,rl,88
1,5,1.0,5.0,early,1.0,True,False,1,False,2,1,0.7,0.3,False,False,1.0,left,0.0,1.0,2.0,0.6126523303100839,False,nan,1.0,1.0,0.5,-0.75,0.5,rl,88
1,6,1.0,6.0,late,2.0,True,False,1,False,2,1,0.7,0.3,False,False,4.0,right,1.0,0.0,1.0,0.7320764421019703,True,1.0,nan,1.0,0.25,-0.5,0.25,rl,88
1,7,1.0,7.0,late,2.0,True,False,1,True,1,2,0.7,0.3,False,False,1.0,left,1.0,0.0,1.0,0.9520765769993886,True,1.0,nan,1.0,0.75,0.25,0.75,rl,88
1,8,1.0,8.0,late,2.0,True,False,1,False,2,1,0.7,0.3,False,False,4.0,right,1.0,0.0,1.0,0.7554191114613786,True,1.0,nan,1.0,0.25,0.5,0.25,rl,88
1,9,1.0,9.0,late,2.0,True,False,1,True,1,2,0.7,0.3,True,False,1.0,left,1.0,0.0,1.0,1.404046559240669,True,0.0,nan,0.0,-0.75,-0.25,0.75,rl,88
1,10,1.0,10.0,late,2.0,True,False,1,False,2,1,0.7,0.3,True,True,1.0,left,0.0,1.0,2.0,0.9107127723982558,False,nan,0.0,0.0,-0.25,-0.5,0.25,rl,88
1,11,2.0,1.0,early,1.0,False,True,2,False,2,1,0.3,0.7,False,False,1.0,left,0.0,1.0,2.0,1.035200948244892,True,nan,0.0,0.0,-0.5,-1.0,0.5,rl,88
1,12,2.0,2.0,early,1.0,False,True,2,True,1,2,0.3,0.7,False,False,4.0,right,0.0,1.0,2.0,0.8498642417835072,True,nan,0.0,0.0,-0.75,-1.75,0.75,rl,88
1,13,2.0,3.0,early,1.0,False,True,2,True,1,2,0.3,0.7,False,False,1.0,left,1.0,0.0,1.0,0.4912784261396155,False,0.0,nan,0.0,-0.5,-2.25,0.5,rl,88
1,14,2.0,4.0,early,1.0,False,True,2,True,1,2,0.3,0.7,False,False,4.0,right,0.0,1.0,2.0,2.1888961255317554,True,nan,1.0,1.0,0.5,-1.75,0.5,rl,88
1,15,2.0,5.0,early,1.0,False,True,2,False,2,1,0.3,0.7,False,False,4.0,right,1.0,0.0,1.0,0.6819935562089086,False,0.0,nan,0.0,-0.75,-2.5,0.75,rl,88
1,16,2.0,6.0,early,2.0,False,True,2,False,2,1,0.3,0.7,False,False,nan,nan,nan,nan,nan,nan,False,nan,nan,nan,nan,nan,nan,rl,88
1,17,2.0,7.0,early,2.0,False,True,2,True,1,2,0.3,0.7,False,False,4.0,right,0.0,1.0,2.0,0.8075658623129129,True,nan,1.0,1.0,0.75,-1.75,0.75,rl,88
1,18,2.0,8.0,early,2.0,False,True,2,True,1,2,0.3,0.7,False,False,1.0,left,1.0,0.0,1.0,0.7850721400463954,False,0.0,nan,0.0,-0.25,-2.0,0.25,rl,88
1,19,2.0,9.0,early,2.0,False,True,2,False,2,1,0.3,0.7,False,False,4.0,right,1.0,0.0,1.0,1.336462756153196,False,0.0,nan,0.0,-0.25,-2.25,0.25,rl,88
1,20,2.0,10.0,early,2.0,False,True,2,False,2,1,0.3,0.7,False,False,4.0,right,1.0,0.0,1.0,1.025107130059041,False,0.0,nan,0.0,-0.25,-2.5,0.25,rl,88
1,21,2.0,11.0,early,3.0,False,True,2,True,1,2,0.3,0.7,False,False,1.0,left,1.0,0.0,1.0,1.0716476051602513,False,1.0,nan,1.0,0.5,-2.0,0.5,rl,88
1,22,2.0,12.0,early,3.0,False,True,2,True,1,2,0.3,0.7,False,False,4.0,right,0.0,1.0,2.0,0.6541697958018631,True,nan,1.0,1.0,0.75,-1.25,0.75,rl,88
1,23,2.0,13.0,early,3.0,False,True,2,False,2,1,0.3,0.7,False,False,4.0,right,1.0,0.0,1.0,1.079374342225492,False,0.0,nan,0.0,-0.25,-1.5,0.25,rl,88
1,24,2.0,14.0,early,3.0,False,True,2,False,2,1,0.3,0.7,False,False,4.0,right,1.0,0.0,1.0,0.5580179741373286,False,1.0,nan,1.0,0.25,-1.25,0.25,rl,88
1,25,2.0,15.0,early,3.0,False,True,2,False,2,1,0.3,0.7,False,False,1.0,left,0.0,1.0,2.0,1.1267062881961465,True,nan,1.0,1.0,0.5,-0.75,0.5,rl,88
1,26,2.0,16.0,early,4.0,False,True,2,True,1,2,0.3,0.7,False,False,1.0,left,1.0,0.0,1.0,0.7153945609461516,False,0.0,nan,0.0,-0.5,-1.25,0.5,rl,88
1,27,2.0,17.0,early,4.0,False,True,2,False,2,1,0.3,0.7,False,False,4.0,right,1.0,0.0,1.0,1.6053883353015408,False,0.0,nan,0.0,-0.5,-1.75,0.5,rl,88
1,28,2.0,18.0,early,4.0,False,True,2,False,2,1,0.3,0.7,False,False,1.0,left,0.0,1.0,2.0,1.789251481066458,True,nan,0.0,0.0,-0.5,-2.25,0.5,rl,88
1,29,2.0,19.0,early,4.0,False,True,2,True,1,2,0.3,0.7,False,False,4.0,right,0.0,1.0,2.0,0.6487462123623118,True,nan,1.0,1.0,0.25,-2.0,0.25,rl,88
1,30,2.0,20.0,early,4.0,False,True,2,True,1,2,0.3,0.7,False,False,4.0,right,0.0,1.0,2.0,1.101583322742954,True,nan,0.0,0.0,-0.75,-2.75,0.75,rl,88
1,31,2.0,21.0,early,5.0,False,True,2,False,2,1,0.3,0.7,False,False,4.0,right,1.0,0.0,1.0,0.9077070015482605,False,0.0,nan,0.0,-0.75,-3.5,0.75,rl,88
1,32,2.0,22.0,early,5.0,False,True,2,True,1,2,0.3,0.7,False,False,4.0,right,0.0,1.0,2.0,1.4193745240336284,True,nan,1.0,1.0,0.75,-2.75,0.75,rl,88
1,33,2.0,23.0,early,5.0,False,True,2,False,2,1,0.3,0.7,False,False,4.0,right,1.0,0.0,1.0,1.5068236861843616,False,0.0,nan,0.0,-0.5,-3.25,0.5,rl,88
1,34,2.0,24.0,early,5.0,False,True,2,False,2,1,0.3,0.7,False,False,4.0,right,1.0,0.0,1.0,1.433516895514913,False,1.0,nan,1.0,0.75,-2.5,0.75,rl,88
1,35,2.0,25.0,early,5.0,False,True,2,True,1,2,0.3,0.7,False,False,4.0,right,0.0,1.0,2.0,0.5805319305509329,True,nan,0.0,0.0,-0.5,-3.0,0.5,rl,88
1,36,2.0,26.0,early,6.0,False,True,2,False,2,1,0.3,0.7,False,False,1.0,left,0.0,1.0,2.0,0.8829992724349722,True,nan,1.0,1.0,0.25,-2.75,0.25,rl,88
1,37,2.0,27.0,early,6.0,False,True,2,True,1,2,0.3,0.7,False,False,4.0,right,0.0,1.0,2.0,0.5122296749614179,True,nan,0.0,0.0,-0.25,-3.0,0.25,rl,88
1,38,2.0,28.0,early,6.0,False,True,2,False,2,1,0.3,0.7,False,False,4.0,right,1.0,0.0,1.0,0.4545546517474577,False,0.0,nan,0.0,-0.5,-3.5,0.5,rl,88
1,39,2.0,29.0,early,6.0,False,True,2,True,1,2,0.3,0.7,False,False,1.0,left,1.0,0.0,1.0,0.7497304336866364,False,0.0,nan,0.0,-0.25,-3.75,0.25,rl,88
1,40,2.0,30.0,early,6.0,False,True,2,False,2,1,0.3,0.7,False,False,1.0,left,0.0,1.0,2.0,1.2287098322995007,True,nan,1.0,1.0,0.5,-3.25,0.5,rl,88
1,41,2.0,31.0,late,7.0,False,True,2,False,2,1,0.3,0.7,False,False,4.0,right,1.0,0.0,1.0,0.6140370374778286,False,0.0,nan,0.0,-0.75,-4.0,0.75,rl,88
1,42,2.0,32.0,late,7.0,False,True,2,True,1,2,0.3,0.7,False,False,4.0,right,0.0,1.0,2.0,0.4074435201473534,True,nan,0.0,0.0,-0.75,-4.75,0.75,rl,88
1,43,2.0,33.0,late,7.0,False,True,2,False,2,1,0.3,0.7,False,False,4.0,right,1.0,0.0,1.0,0.4920191653072834,False,0.0,nan,0.0,-0.25,-5.0,0.25,rl,88
1,44,2.0,34.0,late,7.0,False,True,2,False,2,1,0.3,0.7,False,False,4.0,right,1.0,0.0,1.0,0.9867543745785952,False,0.0,nan,0.0,-0.5,-5.5,0.5,rl,88
1,45,2.0,35.0,late,7.0,False,True,2,True,1,2,0.3,0.7,False,False,4.0,right,0.0,1.0,2.0,0.534869726980105,True,nan,1.0,1.0,0.25,-5.25,0.25,rl,88
1,46,2.0,36.0,late,8.0,False,True,2,False,2,1,0.3,0.7,False,False,4.0,right,1.0,0.0,1.0,1.3467515828087926,False,0.0,nan,0.0,-0.5,-5.75,0.5,rl,88
1,47,2.0,37.0,late,8.0,False,True,2,False,2,1,0.3,0.7,False,False,1.0,left,0.0,1.0,2.0,0.7018090634373948,True,nan,1.0,1.0,0.25,-5.5,0.25,rl,88
1,48,2.0,38.0,late,8.0,False,True,2,True,1,2,0.3,0.7,False,False,1.0,left,1.0,0.0,1.0,0.7607951891841367,False,1.0,nan,1.0,0.75,-4.75,0.75,rl,88
1,49,2.0,39.0,late,8.0,False,True,2,True,1,2,0.3,0.7,False,False,4.0,right,0.0,1.0,2.0,1.0204964242875576,True,nan,1.0,1.0,0.5,-4.25,0.5,rl,88
1,50,2.0,40.0,late,8.0,False,True,2,True,1,2,0.3,0.7,False,False,1.0,left,1.0,0.0,1.0,1.459931315970607,False,0.0,nan,0.0,-0.75,-5.0,0.75,rl,88
1,51,2.0,41.0,late,9.0,False,True,2,True,1,2,0.3,0.7,False,False,4.0,right,0.0,1.0,2.0,1.2982836022274569,True,nan,0.0,0.0,-0.5,-5.5,0.5,rl,88
1,52,2.0,42.0,late,9.0,False,True,2,True,1,2,0.3,0.7,False,False,1.0,left,1.0,0.0,1.0,1.0488585841376334,False,0.0,nan,0.0,-0.25,-5.75,0.25,rl,88
1,53,2.0,43.0,late,9.0,False,True,2,True,1,2,0.3,0.7,False,False,1.0,left,1.0,0.0,1.0,1.2882440345128998,False,0.0,nan,0.0,-0.5,-6.25,0.5,rl,88
1,54,2.0,44.0,late,9.0,False,True,2,True,1,2,0.3,0.7,False,False,4.0,right,0.0,1.0,2.0,0.7841340461745858,True,nan,1.0,1.0,0.5,-5.75,0.5,rl,88
1,55,2.0,45.0,late,9.0,False,True,2,False,2,1,0.3,0.7,False,False,4.0,right,1.0,0.0,1.0,0.46566486032679677,False,1.0,nan,1.0,0.5,-5.25,0.5,rl,88
1,56,2.0,46.0,late,10.0,False,True,2,False,2,1,0.3,0.7,False,False,4.0,right,1.0,0.0,1.0,0.3957562035648152,False,0.0,nan,0.0,-0.5,-5.75,0.5,rl,88
1,57,2.0,47.0,late,10.0,False,True,2,False,2,1,0.3,0.7,False,False,1.0,left,0.0,1.0,2.0,0.4495888252276927,True,nan,1.0,1.0,0.25,-5.5,0.25,rl,88
1,58,2.0,48.0,late,10.0,False,True,2,True,1,2,0.3,0.7,False,False,1.0,left,1.0,0.0,1.0,0.42992404638789594,False,0.0,nan,0.0,-0.25,-5.75,0.25,rl,88
1,59,2.0,49.0,late,10.0,False,True,2,True,1,2,0.3,0.7,False,False,1.0,left,1.0,0.0,1.0,0.7874969905242324,False,1.0,nan,1.0,0.75,-5.0,0.75,rl,88
1,60,2.0,50.0,late,10.0,False,True,2,False,2,1,0.3,0.7,False,False,1.0,left,0.0,1.0,2.0,1.1021357980789617,True,nan,0.0,0.0,-0.75,-5.75,0.75,rl,88
1,61,2.0,51.0,late,11.0,False,True,2,False,2,1,0.3,0.7,False,False,1.0,left,0.0,1.0,2.0,0.6015556111233309,True,nan,1.0,1.0,0.75,-5.0,0.75,rl,88
1,62,2.0,52.0,late,11.0,False,True,2,False,2,1,0.3,0.7,False,False,4.0,right,1.0,0.0,1.0,0.6600165332201868,False,0.0,nan,0.0,-0.25,-5.25,0.25,rl,88
1,63,2.0,53.0,late,11.0,False,True,2,True,1,2,0.3,0.7,False,False,4.0,right,0.0,1.0,2.0,1.1005795418750495,True,nan,0.0,0.0,-0.25,-5.5,0.25,rl,88
1,64,2.0,54.0,late,11.0,False,True,2,True,1,2,0.3,0.7,False,False,nan,nan,nan,nan,nan,nan,False,nan,nan,nan,nan,nan,nan,rl,88
1,65,2.0,55.0,late,11.0,False,True,2,False,2,1,0.3,0.7,False,False,1.0,left,0.0,1.0,2.0,0.4207211093744263,True,nan,1.0,1.0,0.75,-4.75,0.75,rl,88
1,66,2.0,56.0,late,12.0,False,True,2,False,2,1,0.3,0.7,False,False,1.0,left,0.0,1.0,2.0,1.4870600835420191,True,nan,0.0,0.0,-0.5,-5.25,0.5,rl,88
1,67,2.0,57.0,late,12.0,False,True,2,True,1,2,0.3,0.7,False,False,4.0,right,0.0,1.0,2.0,2.7042576670646667,True,nan,1.0,1.0,0.5,-4.75,0.5,rl,88
1,68,2.0,58.0,late,12.0,False,True,2,True,1,2,0.3,0.7,False,False,nan,nan,nan,nan,nan,nan,False,nan,nan,nan,nan,nan,nan,rl,88
1,69,2.0,59.0,late,12.0,False,True,2,False,2,1,0.3,0.7,False,False,1.0,left,0.0,1.0,2.0,0.6218435374321416,True,nan,0.0,0.0,-0.75,-5.5,0.75,rl,88
1,70,2.0,60.0,late,12.0,False,True,2,True,1,2,0.3,0.7,False,False,1.0,left,1.0,0.0,1.0,0.9551597648533061,False,0.0,nan,0.0,-0.5,-6.0,0.5,rl,88
