sessNo,trialNo,block,blockTrialNo,trialClass,blockBin,stim1_High,stim2_High,stimHigh,stim1_left,leftStim,rightStim,stim1_pWin,stim2_pWin,reverseStatus,reverseTrial,responseKey,response_LR,selected_stim1,selected_stim2,response_stimID,RT,highChosen,stim1_isWin,stim2_isWin,isWin,payOut,accum_payOut,abs_outMag,instructCond,subID
1,1,1.0,1.0,early,1.0,True,False,1,False,2,1,0.7,0.3,False,False,1.0,left,0.0,1.0,2,1.653371287160553,False,nan,0.0,0,-0.5,-0.5,0.5,hm,87
1,2,1.0,2.0,early,1.0,True,False,1,True,1,2,0.7,0.3,False,False,1.0,left,1.0,0.0,1,0.7775776537600905,True,1.0,nan,1,0.25,-0.25,0.25,hm,87
1,3,1.0,3.0,early,1.0,True,False,1,True,1,2,0.7,0.3,False,False,1.0,left,1.0,0.0,1,0.6077527772868052,True,0.0,nan,0,-0.5,-0.75,0.5,hm,87
1,4,1.0,4.0,early,1.0,True,False,1,False,2,1,0.7,0.3,False,False,1.0,left,0.0,1.0,2,0.5414607224520296,False,nan,0.0,0,-0.75,-1.5,0.75,hm,87
1,5,1.0,5.0,early,1.0,True,False,1,False,2,1,0.7,0.3,False,False,4.0,right,1.0,0.0,1,0.48626656003762037,True,1.0,nan,1,0.5,-1.0,0.5,hm,87
1,6,1.0,6.0,early,2.0,True,False,1,False,2,1,0.7,0.3,False,False,1.0,left,0.0,1.0,2,0.5167623772285879,False,nan,1.0,1,0.5,-0.5,0.5,hm,87
1,7,1.0,7.0,early,2.0,True,False,1,True,1,2,0.7,0.3,False,False,1.0,left,1.0,0.0,1,0.7325438761617988,True,0.0,nan,0,-0.75,-1.25,0.75,hm,87
1,8,1.0,8.0,early,2.0,True,False,1,True,1,2,0.7,0.3,False,False,4.0,right,0.0,1.0,2,0.7908918987959623,False,nan,1.0,1,0.75,-0.5,0.75,hm,87
1,9,1.0,9.0,early,2.0,True,False,1,True,1,2,0.7,0.3,False,False,1.0,left,1.0,0.0,1,0.6115133630810305,True,1.0,nan,1,0.25,-0.25,0.25,hm,87
1,10,1.0,10.0,early,2.0,True,False,1,True,1,2,0.7,0.3,False,False,1.0,left,1.0,0.0,1,0.654736640281044,True,1.0,nan,1,0.25,0.0,0.25,hm,87
1,11,1.0,11.0,early,3.0,True,False,1,True,1,2,0.7,0.3,False,False,4.0,right,0.0,1.0,2,0.6533929873257875,False,nan,1.0,1,0.5,0.5,0.5,hm,87
1,12,1.0,12.0,early,3.0,True,False,1,False,2,1,0.7,0.3,False,False,1.0,left,0.0,1.0,2,0.4959498338866979,False,nan,1.0,1,0.75,1.25,0.75,hm,87
1,13,1.0,13.0,early,3.0,True,False,1,False,2,1,0.7,0.3,False,False,4.0,right,1.0,0.0,1,0.5475109725957736,True,1.0,nan,1,0.25,1.5,0.25,hm,87
1,14,1.0,14.0,early,3.0,True,False,1,True,1,2,0.7,0.3,False,False,1.0,left,1.0,0.0,1,0.4880316072376445,True,1.0,nan,1,0.75,2.25,0.75,hm,87
1,15,1.0,15.0,early,3.0,True,False,1,False,2,1,0.7,0.3,False,False,1.0,left,0.0,1.0,2,0.607390032033436,False,nan,0.0,0,-0.25,2.0,0.25,hm,87
1,16,1.0,16.0,early,4.0,True,False,1,False,2,1,0.7,0.3,False,False,1.0,left,0.0,1.0,2,0.44489073217846453,False,nan,0.0,0,-0.5,1.5,0.5,hm,87
1,17,1.0,17.0,early,4.0,True,False,1,False,2,1,0.7,0.3,False,False,4.0,right,1.0,0.0,1,0.5545081137679517,True,1.0,nan,1,0.75,2.25,0.75,hm,87
1,18,1.0,18.0,late,4.0,True,False,1,False,2,1,0.7,0.3,False,False,1.0,left,0.0,1.0,2,0.5199822175782174,False,nan,0.0,0,-0.25,2.0,0.25,hm,87
1,19,1.0,19.0,late,4.0,True,False,1,True,1,2,0.7,0.3,False,False,1.0,left,1.0,0.0,1,0.5619374993257225,True,0.0,nan,0,-0.5,1.5,0.5,hm,87
1,20,1.0,20.0,late,4.0,True,False,1,True,1,2,0.7,0.3,False,False,4.0,right,0.0,1.0,2,0.5438844001619145,False,nan,0.0,0,-0.5,1.0,0.5,hm,87
1,21,1.0,21.0,late,5.0,True,False,1,True,1,2,0.7,0.3,False,False,1.0,left,1.0,0.0,1,0.7306380709633231,True,1.0,nan,1,0.25,1.25,0.25,hm,87
1,22,1.0,22.0,late,5.0,True,False,1,False,2,1,0.7,0.3,False,False,1.0,left,0.0,1.0,2,0.5462368190055713,False,nan,1.0,1,0.75,2.0,0.75,hm,87
1,23,1.0,23.0,late,5.0,True,False,1,True,1,2,0.7,0.3,False,False,1.0,left,1.0,0.0,1,0.6860421095043421,True,1.0,nan,1,0.25,2.25,0.25,hm,87
1,24,1.0,24.0,late,5.0,True,False,1,True,1,2,0.7,0.3,False,False,4.0,right,0.0,1.0,2,0.7412697020918131,False,nan,1.0,1,0.75,3.0,0.75,hm,87
1,25,1.0,25.0,late,5.0,True,False,1,True,1,2,0.7,0.3,False,False,1.0,left,1.0,0.0,1,0.5307035819860175,True,0.0,nan,0,-0.5,2.5,0.5,hm,87
1,26,1.0,26.0,late,6.0,True,False,1,False,2,1,0.7,0.3,False,False,1.0,left,0.0,1.0,2,0.4443831234239042,False,nan,0.0,0,-0.5,2.0,0.5,hm,87
1,27,1.0,27.0,late,6.0,True,False,1,True,1,2,0.7,0.3,False,False,1.0,left,1.0,0.0,1,0.46980168076697737,True,1.0,nan,1,0.5,2.5,0.5,hm,87
1,28,1.0,28.0,late,6.0,True,False,1,True,1,2,0.7,0.3,False,False,4.0,right,0.0,1.0,2,0.4582325422670692,False,nan,0.0,0,-0.75,1.75,0.75,hm,87
1,29,1.0,29.0,late,6.0,True,False,1,False,2,1,0.7,0.3,False,False,1.0,left,0.0,1.0,2,0.40493421466089785,False,nan,0.0,0,-0.25,1.5,0.25,hm,87
1,30,1.0,30.0,late,6.0,True,False,1,True,1,2,0.7,0.3,False,False,1.0,left,1.0,0.0,1,0.5902855833992362,True,0.0,nan,0,-0.5,1.0,0.5,hm,87
1,31,1.0,31.0,late,7.0,True,False,1,True,1,2,0.7,0.3,False,False,1.0,left,1.0,0.0,1,0.6006456689210609,True,1.0,nan,1,0.25,1.25,0.25,hm,87
1,32,1.0,32.0,late,7.0,True,False,1,False,2,1,0.7,0.3,False,False,4.0,right,1.0,0.0,1,0.5286062872037292,True,1.0,nan,1,0.5,1.75,0.5,hm,87
1,33,1.0,33.0,late,7.0,True,False,1,False,2,1,0.7,0.3,True,False,4.0,right,1.0,0.0,1,0.544197000330314,True,1.0,nan,1,0.25,2.0,0.25,hm,87
1,34,1.0,34.0,late,7.0,True,False,1,True,1,2,0.7,0.3,True,True,4.0,right,0.0,1.0,2,0.6230341159971431,False,nan,0.0,0,-0.75,1.25,0.75,hm,87
1,35,2.0,1.0,early,1.0,False,True,2,True,1,2,0.3,0.7,False,False,4.0,right,0.0,1.0,2,0.5238477854290977,True,nan,0.0,0,-0.75,0.5,0.75,hm,87
1,36,2.0,2.0,early,1.0,False,True,2,True,1,2,0.3,0.7,False,False,1.0,left,1.0,0.0,1,0.4545578774996102,False,0.0,nan,0,-0.75,-0.25,0.75,hm,87
1,37,2.0,3.0,early,1.0,False,True,2,False,2,1,0.3,0.7,False,False,4.0,right,1.0,0.0,1,0.6899918389972299,False,0.0,nan,0,-0.75,-1.0,0.75,hm,87
1,38,2.0,4.0,early,1.0,False,True,2,True,1,2,0.3,0.7,False,False,4.0,right,0.0,1.0,2,0.4885101845720783,True,nan,1.0,1,0.5,-0.5,0.5,hm,87
1,39,2.0,5.0,early,1.0,False,True,2,True,1,2,0.3,0.7,False,False,4.0,right,0.0,1.0,2,1.9301347435684875,True,nan,1.0,1,0.25,-0.25,0.25,hm,87
1,40,2.0,6.0,early,2.0,False,True,2,False,2,1,0.3,0.7,False,False,1.0,left,0.0,1.0,2,0.4847141159698367,True,nan,0.0,0,-0.25,-0.5,0.25,hm,87
1,41,2.0,7.0,early,2.0,False,True,2,False,2,1,0.3,0.7,False,False,4.0,right,1.0,0.0,1,0.3622675182996318,False,0.0,nan,0,-0.5,-1.0,0.5,hm,87
1,42,2.0,8.0,early,2.0,False,True,2,False,2,1,0.3,0.7,False,False,4.0,right,1.0,0.0,1,0.7467252493370324,False,0.0,nan,0,-0.75,-1.75,0.75,hm,87
1,43,2.0,9.0,early,2.0,False,True,2,False,2,1,0.3,0.7,False,False,1.0,left,0.0,1.0,2,1.2034616509918123,True,nan,0.0,0,-0.5,-2.25,0.5,hm,87
1,44,2.0,10.0,early,2.0,False,True,2,False,2,1,0.3,0.7,False,False,4.0,right,1.0,0.0,1,0.5896234341198578,False,1.0,nan,1,0.75,-1.5,0.75,hm,87
1,45,2.0,11.0,early,3.0,False,True,2,True,1,2,0.3,0.7,False,False,1.0,left,1.0,0.0,1,1.3252616414101794,False,0.0,nan,0,-0.5,-2.0,0.5,hm,87
1,46,2.0,12.0,early,3.0,False,True,2,True,1,2,0.3,0.7,False,False,1.0,left,1.0,0.0,1,0.774846947635524,False,1.0,nan,1,0.5,-1.5,0.5,hm,87
1,47,2.0,13.0,early,3.0,False,True,2,False,2,1,0.3,0.7,False,False,1.0,left,0.0,1.0,2,0.5055929330410436,True,nan,0.0,0,-0.25,-1.75,0.25,hm,87
1,48,2.0,14.0,early,3.0,False,True,2,False,2,1,0.3,0.7,False,False,4.0,right,1.0,0.0,1,0.7028181228088215,False,1.0,nan,1,0.25,-1.5,0.25,hm,87
1,49,2.0,15.0,early,3.0,False,True,2,False,2,1,0.3,0.7,False,False,4.0,right,1.0,0.0,1,1.7161622787825763,False,0.0,nan,0,-0.25,-1.75,0.25,hm,87
1,50,2.0,16.0,early,4.0,False,True,2,False,2,1,0.3,0.7,False,False,1.0,left,0.0,1.0,2,0.41977128584403545,True,nan,0.0,0,-0.75,-2.5,0.75,hm,87
1,51,2.0,17.0,early,4.0,False,True,2,True,1,2,0.3,0.7,False,False,1.0,left,1.0,0.0,1,0.5304135618498549,False,0.0,nan,0,-0.5,-3.0,0.5,hm,87
1,52,2.0,18.0,early,4.0,False,True,2,True,1,2,0.3,0.7,False,False,1.0,left,1.0,0.0,1,0.49563899321947247,False,1.0,nan,1,0.75,-2.25,0.75,hm,87
1,53,2.0,19.0,late,4.0,False,True,2,False,2,1,0.3,0.7,False,False,1.0,left,0.0,1.0,2,0.5024337945505977,True,nan,1.0,1,0.5,-1.75,0.5,hm,87
1,54,2.0,20.0,late,4.0,False,True,2,False,2,1,0.3,0.7,False,False,4.0,right,1.0,0.0,1,0.5040481134783477,False,0.0,nan,0,-0.25,-2.0,0.25,hm,87
1,55,2.0,21.0,late,5.0,False,True,2,False,2,1,0.3,0.7,False,False,1.0,left,0.0,1.0,2,0.7604588360991329,True,nan,1.0,1,0.75,-1.25,0.75,hm,87
1,56,2.0,22.0,late,5.0,False,True,2,False,2,1,0.3,0.7,False,False,1.0,left,0.0,1.0,2,0.9359976095147431,True,nan,1.0,1,0.5,-0.75,0.5,hm,87
1,57,2.0,23.0,late,5.0,False,True,2,True,1,2,0.3,0.7,False,False,1.0,left,1.0,0.0,1,0.5934611435513943,False,0.0,nan,0,-0.25,-1.0,0.25,hm,87
1,58,2.0,24.0,late,5.0,False,True,2,False,2,1,0.3,0.7,False,False,1.0,left,0.0,1.0,2,0.6501913282554597,True,nan,0.0,0,-0.75,-1.75,0.75,hm,87
1,59,2.0,25.0,late,5.0,False,True,2,False,2,1,0.3,0.7,False,False,4.0,right,1.0,0.0,1,0.6605951074743643,False,0.0,nan,0,-0.25,-2.0,0.25,hm,87
1,60,2.0,26.0,late,6.0,False,True,2,False,2,1,0.3,0.7,False,False,1.0,left,0.0,1.0,2,0.3011421635746956,True,nan,1.0,1,0.5,-1.5,0.5,hm,87
1,61,2.0,27.0,late,6.0,False,True,2,True,1,2,0.3,0.7,False,False,1.0,left,1.0,0.0,1,0.720621376298368,False,1.0,nan,1,0.5,-1.0,0.5,hm,87
1,62,2.0,28.0,late,6.0,False,True,2,True,1,2,0.3,0.7,False,False,1.0,left,1.0,0.0,1,0.8131797623354942,False,0.0,nan,0,-0.75,-1.75,0.75,hm,87
1,63,2.0,29.0,late,6.0,False,True,2,False,2,1,0.3,0.7,False,False,4.0,right,1.0,0.0,1,0.767926343716681,False,0.0,nan,0,-0.75,-2.5,0.75,hm,87
1,64,2.0,30.0,late,6.0,False,True,2,True,1,2,0.3,0.7,False,False,4.0,right,0.0,1.0,2,2.2458339283475652,True,nan,1.0,1,0.5,-2.0,0.5,hm,87
1,65,2.0,31.0,late,7.0,False,True,2,False,2,1,0.3,0.7,False,False,1.0,left,0.0,1.0,2,1.477519327076152,True,nan,1.0,1,0.25,-1.75,0.25,hm,87
1,66,2.0,32.0,late,7.0,False,True,2,False,2,1,0.3,0.7,False,False,1.0,left,0.0,1.0,2,1.263276489567943,True,nan,0.0,0,-0.25,-2.0,0.25,hm,87
1,67,2.0,33.0,late,7.0,False,True,2,True,1,2,0.3,0.7,False,False,1.0,left,1.0,0.0,1,0.4155206859577447,False,1.0,nan,1,0.75,-1.25,0.75,hm,87
1,68,2.0,34.0,late,7.0,False,True,2,False,2,1,0.3,0.7,False,False,4.0,right,1.0,0.0,1,0.5052724151173607,False,0.0,nan,0,-0.5,-1.75,0.5,hm,87
1,69,2.0,35.0,late,7.0,False,True,2,True,1,2,0.3,0.7,False,False,4.0,right,0.0,1.0,2,1.4835074089933187,True,nan,0.0,0,-0.5,-2.25,0.5,hm,87
1,70,2.0,36.0,late,8.0,False,True,2,False,2,1,0.3,0.7,False,False,1.0,left,0.0,1.0,2,2.5022792539093643,True,nan,1.0,1,0.25,-2.0,0.25,hm,87
