sessNo,trialNo,block,blockTrialNo,trialClass,blockBin,stim1_High,stim2_High,stimHigh,stim1_left,leftStim,rightStim,stim1_pWin,stim2_pWin,reverseStatus,reverseTrial,responseKey,response_LR,selected_stim1,selected_stim2,response_stimID,RT,highChosen,stim1_isWin,stim2_isWin,isWin,payOut,accum_payOut,abs_outMag,instructCond,subID
1,1,1.0,1.0,early,1.0,False,True,2,True,1,2,0.3,0.7,False,False,4.0,right,0.0,1.0,2,1.1600189085584134,True,nan,1.0,1,0.5,0.5,0.5,hm,83
1,2,1.0,2.0,early,1.0,False,True,2,False,2,1,0.3,0.7,False,False,1.0,left,0.0,1.0,2,0.5991401417413726,True,nan,1.0,1,0.75,1.25,0.75,hm,83
1,3,1.0,3.0,early,1.0,False,True,2,False,2,1,0.3,0.7,False,False,1.0,left,0.0,1.0,2,0.5486119602574036,True,nan,0.0,0,-0.25,1.0,0.25,hm,83
1,4,1.0,4.0,late,1.0,False,True,2,True,1,2,0.3,0.7,True,False,4.0,right,0.0,1.0,2,0.6482865443686023,True,nan,1.0,1,0.75,1.75,0.75,hm,83
1,5,1.0,5.0,late,1.0,False,True,2,False,2,1,0.3,0.7,True,False,1.0,left,0.0,1.0,2,1.2527042486472055,True,nan,1.0,1,0.25,2.0,0.25,hm,83
1,6,1.0,6.0,late,2.0,False,True,2,True,1,2,0.3,0.7,True,False,4.0,right,0.0,1.0,2,0.4985564926173538,True,nan,0.0,0,-0.75,1.25,0.75,hm,83
1,7,1.0,7.0,late,2.0,False,True,2,False,2,1,0.3,0.7,True,True,4.0,right,1.0,0.0,1,0.860683141858317,False,0.0,nan,0,-0.5,0.75,0.5,hm,83
1,8,2.0,1.0,early,1.0,True,False,1,True,1,2,0.7,0.3,False,False,4.0,right,0.0,1.0,2,0.5893920318922028,False,nan,0.0,0,-0.75,0.0,0.75,hm,83
1,9,2.0,2.0,early,1.0,True,False,1,True,1,2,0.7,0.3,False,False,1.0,left,1.0,0.0,1,0.45798198704142123,True,0.0,nan,0,-0.5,-0.5,0.5,hm,83
1,10,2.0,3.0,early,1.0,True,False,1,False,2,1,0.7,0.3,False,False,1.0,left,0.0,1.0,2,0.815442786552012,False,nan,1.0,1,0.75,0.25,0.75,hm,83
1,11,2.0,4.0,early,1.0,True,False,1,False,2,1,0.7,0.3,False,False,1.0,left,0.0,1.0,2,0.5440886286087334,False,nan,1.0,1,0.5,0.75,0.5,hm,83
1,12,2.0,5.0,early,1.0,True,False,1,False,2,1,0.7,0.3,False,False,1.0,left,0.0,1.0,2,0.49181504221633077,False,nan,1.0,1,0.25,1.0,0.25,hm,83
1,13,2.0,6.0,early,2.0,True,False,1,True,1,2,0.7,0.3,False,False,4.0,right,0.0,1.0,2,0.46384193759877235,False,nan,1.0,1,0.75,1.75,0.75,hm,83
1,14,2.0,7.0,early,2.0,True,False,1,True,1,2,0.7,0.3,False,False,4.0,right,0.0,1.0,2,0.5016455543227494,False,nan,0.0,0,-0.75,1.0,0.75,hm,83
1,15,2.0,8.0,early,2.0,True,False,1,True,1,2,0.7,0.3,False,False,4.0,right,0.0,1.0,2,0.443070974200964,False,nan,0.0,0,-0.25,0.75,0.25,hm,83
1,16,2.0,9.0,early,2.0,True,False,1,False,2,1,0.7,0.3,False,False,1.0,left,0.0,1.0,2,0.4521220364840701,False,nan,0.0,0,-0.75,0.0,0.75,hm,83
1,17,2.0,10.0,early,2.0,True,False,1,False,2,1,0.7,0.3,False,False,4.0,right,1.0,0.0,1,0.47688790084794164,True,1.0,nan,1,0.5,0.5,0.5,hm,83
1,18,2.0,11.0,early,3.0,True,False,1,True,1,2,0.7,0.3,False,False,1.0,left,1.0,0.0,1,0.44725150044541806,True,0.0,nan,0,-0.5,0.0,0.5,hm,83
1,19,2.0,12.0,early,3.0,True,False,1,False,2,1,0.7,0.3,False,False,1.0,left,0.0,1.0,2,0.9364859709748998,False,nan,0.0,0,-0.5,-0.5,0.5,hm,83
1,20,2.0,13.0,early,3.0,True,False,1,False,2,1,0.7,0.3,False,False,4.0,right,1.0,0.0,1,0.3734192898264155,True,0.0,nan,0,-0.25,-0.75,0.25,hm,83
1,21,2.0,14.0,late,3.0,True,False,1,True,1,2,0.7,0.3,False,False,1.0,left,1.0,0.0,1,0.3608225806383416,True,1.0,nan,1,0.75,0.0,0.75,hm,83
1,22,2.0,15.0,late,3.0,True,False,1,False,2,1,0.7,0.3,False,False,4.0,right,1.0,0.0,1,0.38047275494318455,True,0.0,nan,0,-0.75,-0.75,0.75,hm,83
1,23,2.0,16.0,late,4.0,True,False,1,True,1,2,0.7,0.3,False,False,4.0,right,0.0,1.0,2,0.5279354223748669,False,nan,1.0,1,0.5,-0.25,0.5,hm,83
1,24,2.0,17.0,late,4.0,True,False,1,False,2,1,0.7,0.3,False,False,1.0,left,0.0,1.0,2,0.3870197827927768,False,nan,0.0,0,-0.5,-0.75,0.5,hm,83
1,25,2.0,18.0,late,4.0,True,False,1,False,2,1,0.7,0.3,False,False,1.0,left,0.0,1.0,2,0.5618341648951173,False,nan,0.0,0,-0.25,-1.0,0.25,hm,83
1,26,2.0,19.0,late,4.0,True,False,1,False,2,1,0.7,0.3,False,False,4.0,right,1.0,0.0,1,0.2944476358825341,True,0.0,nan,0,-0.5,-1.5,0.5,hm,83
1,27,2.0,20.0,late,4.0,True,False,1,False,2,1,0.7,0.3,False,False,1.0,left,0.0,1.0,2,0.536561863264069,False,nan,0.0,0,-0.25,-1.75,0.25,hm,83
1,28,2.0,21.0,late,5.0,True,False,1,False,2,1,0.7,0.3,False,False,4.0,right,1.0,0.0,1,0.3452420855173841,True,1.0,nan,1,0.5,-1.25,0.5,hm,83
1,29,2.0,22.0,late,5.0,True,False,1,True,1,2,0.7,0.3,False,False,1.0,left,1.0,0.0,1,0.5039783326210454,True,1.0,nan,1,0.25,-1.0,0.25,hm,83
1,30,2.0,23.0,late,5.0,True,False,1,False,2,1,0.7,0.3,False,False,4.0,right,1.0,0.0,1,0.4094153334153816,True,1.0,nan,1,0.75,-0.25,0.75,hm,83
1,31,2.0,24.0,late,5.0,True,False,1,True,1,2,0.7,0.3,True,False,1.0,left,1.0,0.0,1,0.4141618259018287,True,1.0,nan,1,0.75,0.5,0.75,hm,83
1,32,2.0,25.0,late,5.0,True,False,1,True,1,2,0.7,0.3,True,False,1.0,left,1.0,0.0,1,0.5967070731567219,True,0.0,nan,0,-0.5,0.0,0.5,hm,83
1,33,2.0,26.0,late,6.0,True,False,1,True,1,2,0.7,0.3,True,False,4.0,right,0.0,1.0,2,0.4632208409020677,False,nan,0.0,0,-0.5,-0.5,0.5,hm,83
1,34,2.0,27.0,late,6.0,True,False,1,True,1,2,0.7,0.3,True,True,1.0,left,1.0,0.0,1,0.5685556745156646,True,1.0,nan,1,0.25,-0.25,0.25,hm,83
1,35,3.0,1.0,early,1.0,False,True,2,False,2,1,0.3,0.7,False,False,4.0,right,1.0,0.0,1,0.35917218774557114,False,0.0,nan,0,-0.25,-0.5,0.25,hm,83
1,36,3.0,2.0,early,1.0,False,True,2,False,2,1,0.3,0.7,False,False,4.0,right,1.0,0.0,1,0.5569052727660164,False,0.0,nan,0,-0.5,-1.0,0.5,hm,83
1,37,3.0,3.0,early,1.0,False,True,2,False,2,1,0.3,0.7,False,False,1.0,left,0.0,1.0,2,0.42907459812704474,True,nan,1.0,1,0.25,-0.75,0.25,hm,83
1,38,3.0,4.0,early,1.0,False,True,2,True,1,2,0.3,0.7,False,False,4.0,right,0.0,1.0,2,0.46578381781000644,True,nan,1.0,1,0.75,0.0,0.75,hm,83
1,39,3.0,5.0,late,1.0,False,True,2,True,1,2,0.3,0.7,False,False,4.0,right,0.0,1.0,2,0.45223112415988,True,nan,1.0,1,0.75,0.75,0.75,hm,83
1,40,3.0,6.0,late,2.0,False,True,2,True,1,2,0.3,0.7,True,False,4.0,right,0.0,1.0,2,0.5055601057829335,True,nan,1.0,1,0.75,1.5,0.75,hm,83
1,41,3.0,7.0,late,2.0,False,True,2,False,2,1,0.3,0.7,True,False,1.0,left,0.0,1.0,2,0.5362281482666731,True,nan,1.0,1,0.5,2.0,0.5,hm,83
1,42,3.0,8.0,late,2.0,False,True,2,True,1,2,0.3,0.7,True,True,4.0,right,0.0,1.0,2,0.39574270183220506,True,nan,1.0,1,0.25,2.25,0.25,hm,83
1,43,4.0,1.0,early,1.0,True,False,1,False,2,1,0.7,0.3,False,False,1.0,left,0.0,1.0,2,0.44517912541050464,False,nan,1.0,1,0.75,3.0,0.75,hm,83
1,44,4.0,2.0,early,1.0,True,False,1,False,2,1,0.7,0.3,False,False,1.0,left,0.0,1.0,2,0.4669661889784038,False,nan,0.0,0,-0.25,2.75,0.25,hm,83
1,45,4.0,3.0,early,1.0,True,False,1,True,1,2,0.7,0.3,False,False,4.0,right,0.0,1.0,2,0.379467211663723,False,nan,0.0,0,-0.75,2.0,0.75,hm,83
1,46,4.0,4.0,early,1.0,True,False,1,False,2,1,0.7,0.3,False,False,4.0,right,1.0,0.0,1,0.9953508654143661,True,1.0,nan,1,0.25,2.25,0.25,hm,83
1,47,4.0,5.0,early,1.0,True,False,1,False,2,1,0.7,0.3,False,False,4.0,right,1.0,0.0,1,0.5475325188599527,True,0.0,nan,0,-0.5,1.75,0.5,hm,83
1,48,4.0,6.0,late,2.0,True,False,1,True,1,2,0.7,0.3,False,False,1.0,left,1.0,0.0,1,0.3816316662123427,True,1.0,nan,1,0.25,2.0,0.25,hm,83
1,49,4.0,7.0,late,2.0,True,False,1,True,1,2,0.7,0.3,True,False,1.0,left,1.0,0.0,1,0.7446483194362372,True,1.0,nan,1,0.75,2.75,0.75,hm,83
1,50,4.0,8.0,late,2.0,True,False,1,True,1,2,0.7,0.3,True,False,1.0,left,1.0,0.0,1,0.5101107094669715,True,1.0,nan,1,0.5,3.25,0.5,hm,83
1,51,4.0,9.0,late,2.0,True,False,1,True,1,2,0.7,0.3,True,False,1.0,left,1.0,0.0,1,0.46653804869856685,True,1.0,nan,1,0.5,3.75,0.5,hm,83
1,52,4.0,10.0,late,2.0,True,False,1,True,1,2,0.7,0.3,True,True,1.0,left,1.0,0.0,1,0.409292169730179,True,0.0,nan,0,-0.75,3.0,0.75,hm,83
1,53,5.0,1.0,early,1.0,False,True,2,False,2,1,0.3,0.7,False,False,1.0,left,0.0,1.0,2,0.8677219445817173,True,nan,1.0,1,0.25,3.25,0.25,hm,83
1,54,5.0,2.0,early,1.0,False,True,2,False,2,1,0.3,0.7,False,False,1.0,left,0.0,1.0,2,0.5031003516633064,True,nan,1.0,1,0.25,3.5,0.25,hm,83
1,55,5.0,3.0,early,1.0,False,True,2,True,1,2,0.3,0.7,False,False,4.0,right,0.0,1.0,2,0.5568445706740022,True,nan,1.0,1,0.25,3.75,0.25,hm,83
1,56,5.0,4.0,late,1.0,False,True,2,False,2,1,0.3,0.7,True,False,1.0,left,0.0,1.0,2,0.4952070277649909,True,nan,1.0,1,0.75,4.5,0.75,hm,83
1,57,5.0,5.0,late,1.0,False,True,2,False,2,1,0.3,0.7,True,False,1.0,left,0.0,1.0,2,0.5626728506758809,True,nan,0.0,0,-0.75,3.75,0.75,hm,83
1,58,5.0,6.0,late,2.0,False,True,2,False,2,1,0.3,0.7,True,True,1.0,left,0.0,1.0,2,0.4921458245953545,True,nan,1.0,1,0.5,4.25,0.5,hm,83
1,59,6.0,1.0,early,1.0,True,False,1,True,1,2,0.7,0.3,False,False,4.0,right,0.0,1.0,2,0.44650665356311947,False,nan,1.0,1,0.5,4.75,0.5,hm,83
1,60,6.0,2.0,early,1.0,True,False,1,False,2,1,0.7,0.3,False,False,1.0,left,0.0,1.0,2,0.45719931134954095,False,nan,1.0,1,0.25,5.0,0.25,hm,83
1,61,6.0,3.0,early,1.0,True,False,1,True,1,2,0.7,0.3,False,False,4.0,right,0.0,1.0,2,0.4389247578801587,False,nan,1.0,1,0.5,5.5,0.5,hm,83
1,62,6.0,4.0,early,1.0,True,False,1,True,1,2,0.7,0.3,False,False,4.0,right,0.0,1.0,2,0.6099929122719914,False,nan,0.0,0,-0.25,5.25,0.25,hm,83
1,63,6.0,5.0,early,1.0,True,False,1,True,1,2,0.7,0.3,False,False,1.0,left,1.0,0.0,1,0.6149481964530423,True,1.0,nan,1,0.25,5.5,0.25,hm,83
1,64,6.0,6.0,late,2.0,True,False,1,False,2,1,0.7,0.3,False,False,4.0,right,1.0,0.0,1,1.0043558878824115,True,1.0,nan,1,0.5,6.0,0.5,hm,83
1,65,6.0,7.0,late,2.0,True,False,1,True,1,2,0.7,0.3,False,False,1.0,left,1.0,0.0,1,0.4648017344297841,True,1.0,nan,1,0.25,6.25,0.25,hm,83
1,66,6.0,8.0,late,2.0,True,False,1,True,1,2,0.7,0.3,True,False,1.0,left,1.0,0.0,1,0.5689169545657933,True,1.0,nan,1,0.5,6.75,0.5,hm,83
1,67,6.0,9.0,late,2.0,True,False,1,True,1,2,0.7,0.3,True,False,1.0,left,1.0,0.0,1,0.5878269738750532,True,1.0,nan,1,0.75,7.5,0.75,hm,83
1,68,6.0,10.0,late,2.0,True,False,1,False,2,1,0.7,0.3,True,True,4.0,right,1.0,0.0,1,0.5807541545946151,True,0.0,nan,0,-0.75,6.75,0.75,hm,83
1,69,7.0,1.0,early,1.0,False,True,2,False,2,1,0.3,0.7,False,False,4.0,right,1.0,0.0,1,0.6121025296160951,False,0.0,nan,0,-0.5,6.25,0.5,hm,83
1,70,7.0,2.0,late,1.0,False,True,2,True,1,2,0.3,0.7,False,False,4.0,right,0.0,1.0,2,0.5126285264268517,True,nan,0.0,0,-0.5,5.75,0.5,hm,83
