sessNo,trialNo,block,blockTrialNo,trialClass,blockBin,stim1_High,stim2_High,stimHigh,stim1_left,leftStim,rightStim,stim1_pWin,stim2_pWin,reverseStatus,reverseTrial,responseKey,response_LR,selected_stim1,selected_stim2,response_stimID,RT,highChosen,stim1_isWin,stim2_isWin,isWin,payOut,accum_payOut,abs_outMag,instructCond,subID
1,1,1.0,1.0,early,1.0,False,True,2,True,1,2,0.3,0.7,False,False,4.0,right,0.0,1.0,2,1.0568691832886543,True,nan,1.0,1,0.5,0.5,0.5,rl,84
1,2,1.0,2.0,early,1.0,False,True,2,False,2,1,0.3,0.7,False,False,1.0,left,0.0,1.0,2,1.2139677728700917,True,nan,0.0,0,-0.25,0.25,0.25,rl,84
1,3,1.0,3.0,early,1.0,False,True,2,True,1,2,0.3,0.7,False,False,1.0,left,1.0,0.0,1,0.8795653625857085,False,0.0,nan,0,-0.5,-0.25,0.5,rl,84
1,4,1.0,4.0,early,1.0,False,True,2,True,1,2,0.3,0.7,False,False,4.0,right,0.0,1.0,2,0.3766568028368056,True,nan,1.0,1,0.75,0.5,0.75,rl,84
1,5,1.0,5.0,early,1.0,False,True,2,True,1,2,0.3,0.7,False,False,4.0,right,0.0,1.0,2,0.37721250389586203,True,nan,1.0,1,0.75,1.25,0.75,rl,84
1,6,1.0,6.0,late,2.0,False,True,2,True,1,2,0.3,0.7,False,False,4.0,right,0.0,1.0,2,0.40054549608612433,True,nan,0.0,0,-0.25,1.0,0.25,rl,84
1,7,1.0,7.0,late,2.0,False,True,2,False,2,1,0.3,0.7,True,False,1.0,left,0.0,1.0,2,0.5319973830773961,True,nan,1.0,1,0.75,1.75,0.75,rl,84
1,8,1.0,8.0,late,2.0,False,True,2,True,1,2,0.3,0.7,True,False,1.0,left,1.0,0.0,1,0.8943956890434492,False,0.0,nan,0,-0.25,1.5,0.25,rl,84
1,9,1.0,9.0,late,2.0,False,True,2,False,2,1,0.3,0.7,True,False,4.0,right,1.0,0.0,1,0.8727438757778145,False,0.0,nan,0,-0.5,1.0,0.5,rl,84
1,10,1.0,10.0,late,2.0,False,True,2,False,2,1,0.3,0.7,True,True,1.0,left,0.0,1.0,2,0.4282944787410088,True,nan,1.0,1,0.5,1.5,0.5,rl,84
1,11,2.0,1.0,early,1.0,True,False,1,True,1,2,0.7,0.3,False,False,1.0,left,1.0,0.0,1,1.0391453992633615,True,1.0,nan,1,0.25,1.75,0.25,rl,84
1,12,2.0,2.0,early,1.0,True,False,1,True,1,2,0.7,0.3,False,False,1.0,left,1.0,0.0,1,2.2704184941831045,True,1.0,nan,1,0.5,2.25,0.5,rl,84
1,13,2.0,3.0,early,1.0,True,False,1,True,1,2,0.7,0.3,False,False,4.0,right,0.0,1.0,2,0.899524267151719,False,nan,0.0,0,-0.75,1.5,0.75,rl,84
1,14,2.0,4.0,early,1.0,True,False,1,True,1,2,0.7,0.3,False,False,1.0,left,1.0,0.0,1,1.229966391081689,True,1.0,nan,1,0.75,2.25,0.75,rl,84
1,15,2.0,5.0,early,1.0,True,False,1,False,2,1,0.7,0.3,False,False,1.0,left,0.0,1.0,2,1.0261977117042989,False,nan,1.0,1,0.75,3.0,0.75,rl,84
1,16,2.0,6.0,early,2.0,True,False,1,False,2,1,0.7,0.3,False,False,1.0,left,0.0,1.0,2,1.143021025462076,False,nan,1.0,1,0.5,3.5,0.5,rl,84
1,17,2.0,7.0,early,2.0,True,False,1,False,2,1,0.7,0.3,False,False,1.0,left,0.0,1.0,2,1.3301207264012191,False,nan,0.0,0,-0.25,3.25,0.25,rl,84
1,18,2.0,8.0,early,2.0,True,False,1,True,1,2,0.7,0.3,False,False,4.0,right,0.0,1.0,2,0.4098179324064404,False,nan,0.0,0,-0.25,3.0,0.25,rl,84
1,19,2.0,9.0,early,2.0,True,False,1,False,2,1,0.7,0.3,False,False,4.0,right,1.0,0.0,1,0.9271747191378381,True,0.0,nan,0,-0.5,2.5,0.5,rl,84
1,20,2.0,10.0,late,2.0,True,False,1,True,1,2,0.7,0.3,False,False,4.0,right,0.0,1.0,2,0.8827508931281045,False,nan,0.0,0,-0.5,2.0,0.5,rl,84
1,21,2.0,11.0,late,3.0,True,False,1,False,2,1,0.7,0.3,False,False,1.0,left,0.0,1.0,2,0.7850868022360373,False,nan,0.0,0,-0.25,1.75,0.25,rl,84
1,22,2.0,12.0,late,3.0,True,False,1,False,2,1,0.7,0.3,False,False,4.0,right,1.0,0.0,1,0.4997491280955728,True,1.0,nan,1,0.5,2.25,0.5,rl,84
1,23,2.0,13.0,late,3.0,True,False,1,False,2,1,0.7,0.3,False,False,4.0,right,1.0,0.0,1,0.49826119825593196,True,0.0,nan,0,-0.5,1.75,0.5,rl,84
1,24,2.0,14.0,late,3.0,True,False,1,True,1,2,0.7,0.3,False,False,1.0,left,1.0,0.0,1,0.413039825449232,True,1.0,nan,1,0.5,2.25,0.5,rl,84
1,25,2.0,15.0,late,3.0,True,False,1,True,1,2,0.7,0.3,True,False,1.0,left,1.0,0.0,1,1.3414109879813623,True,1.0,nan,1,0.25,2.5,0.25,rl,84
1,26,2.0,16.0,late,4.0,True,False,1,True,1,2,0.7,0.3,True,False,1.0,left,1.0,0.0,1,0.8105053595209029,True,0.0,nan,0,-0.25,2.25,0.25,rl,84
1,27,2.0,17.0,late,4.0,True,False,1,False,2,1,0.7,0.3,True,False,4.0,right,1.0,0.0,1,1.5930705400242005,True,1.0,nan,1,0.75,3.0,0.75,rl,84
1,28,2.0,18.0,late,4.0,True,False,1,True,1,2,0.7,0.3,True,True,1.0,left,1.0,0.0,1,1.600485556613421,True,0.0,nan,0,-0.75,2.25,0.75,rl,84
1,29,3.0,1.0,early,1.0,False,True,2,False,2,1,0.3,0.7,False,False,4.0,right,1.0,0.0,1,1.251317627262324,False,0.0,nan,0,-0.5,1.75,0.5,rl,84
1,30,3.0,2.0,early,1.0,False,True,2,False,2,1,0.3,0.7,False,False,4.0,right,1.0,0.0,1,0.5341348526708316,False,1.0,nan,1,0.5,2.25,0.5,rl,84
1,31,3.0,3.0,early,1.0,False,True,2,True,1,2,0.3,0.7,False,False,4.0,right,0.0,1.0,2,0.9619654163252562,True,nan,0.0,0,-0.75,1.5,0.75,rl,84
1,32,3.0,4.0,early,1.0,False,True,2,False,2,1,0.3,0.7,False,False,1.0,left,0.0,1.0,2,0.568017953686649,True,nan,0.0,0,-0.75,0.75,0.75,rl,84
1,33,3.0,5.0,early,1.0,False,True,2,True,1,2,0.3,0.7,False,False,1.0,left,1.0,0.0,1,1.1289912603970151,False,0.0,nan,0,-0.25,0.5,0.25,rl,84
1,34,3.0,6.0,early,2.0,False,True,2,True,1,2,0.3,0.7,False,False,1.0,left,1.0,0.0,1,0.664822833990911,False,1.0,nan,1,0.5,1.0,0.5,rl,84
1,35,3.0,7.0,early,2.0,False,True,2,False,2,1,0.3,0.7,False,False,4.0,right,1.0,0.0,1,0.7755378350266255,False,0.0,nan,0,-0.5,0.5,0.5,rl,84
1,36,3.0,8.0,early,2.0,False,True,2,True,1,2,0.3,0.7,False,False,1.0,left,1.0,0.0,1,1.2070034752832726,False,1.0,nan,1,0.25,0.75,0.25,rl,84
1,37,3.0,9.0,late,2.0,False,True,2,True,1,2,0.3,0.7,False,False,1.0,left,1.0,0.0,1,0.8923365161172114,False,1.0,nan,1,0.5,1.25,0.5,rl,84
1,38,3.0,10.0,late,2.0,False,True,2,False,2,1,0.3,0.7,False,False,4.0,right,1.0,0.0,1,1.948228897206718,False,0.0,nan,0,-0.75,0.5,0.75,rl,84
1,39,3.0,11.0,late,3.0,False,True,2,True,1,2,0.3,0.7,False,False,1.0,left,1.0,0.0,1,0.6577473962097429,False,0.0,nan,0,-0.25,0.25,0.25,rl,84
1,40,3.0,12.0,late,3.0,False,True,2,True,1,2,0.3,0.7,False,False,1.0,left,1.0,0.0,1,0.609941271628486,False,0.0,nan,0,-0.5,-0.25,0.5,rl,84
1,41,3.0,13.0,late,3.0,False,True,2,False,2,1,0.3,0.7,False,False,1.0,left,0.0,1.0,2,1.5157838155864738,True,nan,1.0,1,0.5,0.25,0.5,rl,84
1,42,3.0,14.0,late,3.0,False,True,2,False,2,1,0.3,0.7,False,False,1.0,left,0.0,1.0,2,0.7979456362954807,True,nan,1.0,1,0.25,0.5,0.25,rl,84
1,43,3.0,15.0,late,3.0,False,True,2,False,2,1,0.3,0.7,False,False,1.0,left,0.0,1.0,2,0.7220465516147669,True,nan,1.0,1,0.25,0.75,0.25,rl,84
1,44,3.0,16.0,late,4.0,False,True,2,False,2,1,0.3,0.7,True,False,1.0,left,0.0,1.0,2,2.6128499780315906,True,nan,1.0,1,0.75,1.5,0.75,rl,84
1,45,3.0,17.0,late,4.0,False,True,2,True,1,2,0.3,0.7,True,True,4.0,right,0.0,1.0,2,0.9621328597713728,True,nan,0.0,0,-0.75,0.75,0.75,rl,84
1,46,4.0,1.0,early,1.0,True,False,1,True,1,2,0.7,0.3,False,False,1.0,left,1.0,0.0,1,1.1907151300401893,True,0.0,nan,0,-0.75,0.0,0.75,rl,84
1,47,4.0,2.0,early,1.0,True,False,1,False,2,1,0.7,0.3,False,False,1.0,left,0.0,1.0,2,0.38729928416432813,False,nan,0.0,0,-0.75,-0.75,0.75,rl,84
1,48,4.0,3.0,early,1.0,True,False,1,False,2,1,0.7,0.3,False,False,4.0,right,1.0,0.0,1,0.6573521006794181,True,0.0,nan,0,-0.25,-1.0,0.25,rl,84
1,49,4.0,4.0,early,1.0,True,False,1,True,1,2,0.7,0.3,False,False,1.0,left,1.0,0.0,1,0.43682470961357467,True,1.0,nan,1,0.5,-0.5,0.5,rl,84
1,50,4.0,5.0,late,1.0,True,False,1,False,2,1,0.7,0.3,False,False,4.0,right,1.0,0.0,1,0.8107214817719068,True,1.0,nan,1,0.25,-0.25,0.25,rl,84
1,51,4.0,6.0,late,2.0,True,False,1,False,2,1,0.7,0.3,True,False,4.0,right,1.0,0.0,1,0.8160946269636042,True,1.0,nan,1,0.25,0.0,0.25,rl,84
1,52,4.0,7.0,late,2.0,True,False,1,True,1,2,0.7,0.3,True,False,1.0,left,1.0,0.0,1,0.6955289086326957,True,1.0,nan,1,0.75,0.75,0.75,rl,84
1,53,4.0,8.0,late,2.0,True,False,1,True,1,2,0.7,0.3,True,False,1.0,left,1.0,0.0,1,0.49537800427060574,True,0.0,nan,0,-0.25,0.5,0.25,rl,84
1,54,4.0,9.0,late,2.0,True,False,1,False,2,1,0.7,0.3,True,True,4.0,right,1.0,0.0,1,0.6561354233126622,True,0.0,nan,0,-0.5,0.0,0.5,rl,84
1,55,5.0,1.0,early,1.0,False,True,2,True,1,2,0.3,0.7,False,False,1.0,left,1.0,0.0,1,1.484393598191673,False,1.0,nan,1,0.25,0.25,0.25,rl,84
1,56,5.0,2.0,early,1.0,False,True,2,True,1,2,0.3,0.7,False,False,1.0,left,1.0,0.0,1,0.9208957373048179,False,0.0,nan,0,-0.5,-0.25,0.5,rl,84
1,57,5.0,3.0,early,1.0,False,True,2,False,2,1,0.3,0.7,False,False,4.0,right,1.0,0.0,1,0.8331064098456409,False,0.0,nan,0,-0.25,-0.5,0.25,rl,84
1,58,5.0,4.0,early,1.0,False,True,2,False,2,1,0.3,0.7,False,False,1.0,left,0.0,1.0,2,0.4981362755061127,True,nan,0.0,0,-0.5,-1.0,0.5,rl,84
1,59,5.0,5.0,early,1.0,False,True,2,True,1,2,0.3,0.7,False,False,4.0,right,0.0,1.0,2,1.8380810338421725,True,nan,1.0,1,0.75,-0.25,0.75,rl,84
1,60,5.0,6.0,late,2.0,False,True,2,False,2,1,0.3,0.7,False,False,1.0,left,0.0,1.0,2,1.3081944349396508,True,nan,1.0,1,0.25,0.0,0.25,rl,84
1,61,5.0,7.0,late,2.0,False,True,2,False,2,1,0.3,0.7,True,False,1.0,left,0.0,1.0,2,0.661843455338385,True,nan,0.0,0,-0.5,-0.5,0.5,rl,84
1,62,5.0,8.0,late,2.0,False,True,2,True,1,2,0.3,0.7,True,False,1.0,left,1.0,0.0,1,0.8243442214443348,False,0.0,nan,0,-0.75,-1.25,0.75,rl,84
1,63,5.0,9.0,late,2.0,False,True,2,False,2,1,0.3,0.7,True,False,4.0,right,1.0,0.0,1,0.5842702296504285,False,1.0,nan,1,0.25,-1.0,0.25,rl,84
1,64,5.0,10.0,late,2.0,False,True,2,False,2,1,0.3,0.7,True,True,4.0,right,1.0,0.0,1,0.9517886095563881,False,1.0,nan,1,0.75,-0.25,0.75,rl,84
1,65,6.0,1.0,early,1.0,True,False,1,False,2,1,0.7,0.3,False,False,1.0,left,0.0,1.0,2,0.9525208446430042,False,nan,0.0,0,-0.5,-0.75,0.5,rl,84
1,66,6.0,2.0,early,1.0,True,False,1,False,2,1,0.7,0.3,False,False,1.0,left,0.0,1.0,2,0.7117726804572158,False,nan,0.0,0,-0.75,-1.5,0.75,rl,84
1,67,6.0,3.0,early,1.0,True,False,1,False,2,1,0.7,0.3,False,False,4.0,right,1.0,0.0,1,0.4883060854044743,True,1.0,nan,1,0.5,-1.0,0.5,rl,84
1,68,6.0,4.0,late,1.0,True,False,1,True,1,2,0.7,0.3,False,False,4.0,right,0.0,1.0,2,1.1327606435806956,False,nan,0.0,0,-0.5,-1.5,0.5,rl,84
1,69,6.0,5.0,late,1.0,True,False,1,False,2,1,0.7,0.3,False,False,1.0,left,0.0,1.0,2,1.5828083986707497,False,nan,0.0,0,-0.75,-2.25,0.75,rl,84
1,70,6.0,6.0,late,2.0,True,False,1,False,2,1,0.7,0.3,False,False,4.0,right,1.0,0.0,1,0.5805633078271057,True,1.0,nan,1,0.25,-2.0,0.25,rl,84
