sessNo,trialNo,block,blockTrialNo,trialClass,blockBin,stim1_High,stim2_High,stimHigh,stim1_left,leftStim,rightStim,stim1_pWin,stim2_pWin,reverseStatus,reverseTrial,responseKey,response_LR,selected_stim1,selected_stim2,response_stimID,RT,highChosen,stim1_isWin,stim2_isWin,isWin,payOut,accum_payOut,abs_outMag,instructCond,subID
1,1,1.0,1.0,early,1.0,True,False,1,True,1,2,0.7,0.3,False,False,nan,nan,nan,nan,nan,nan,False,nan,nan,nan,nan,nan,nan,hm,89
1,2,1.0,2.0,early,1.0,True,False,1,True,1,2,0.7,0.3,False,False,1.0,left,1.0,0.0,1.0,0.5635893535800278,True,0.0,nan,0.0,-0.5,-0.5,0.5,hm,89
1,3,1.0,3.0,early,1.0,True,False,1,True,1,2,0.7,0.3,False,False,4.0,right,0.0,1.0,2.0,1.4974028675351292,False,nan,0.0,0.0,-0.5,-1.0,0.5,hm,89
1,4,1.0,4.0,early,1.0,True,False,1,False,2,1,0.7,0.3,False,False,1.0,left,0.0,1.0,2.0,0.6368791360873729,False,nan,0.0,0.0,-0.5,-1.5,0.5,hm,89
1,5,1.0,5.0,early,1.0,True,False,1,True,1,2,0.7,0.3,False,False,4.0,right,0.0,1.0,2.0,0.45659447042271495,False,nan,1.0,1.0,0.25,-1.25,0.25,hm,89
1,6,1.0,6.0,early,2.0,True,False,1,True,1,2,0.7,0.3,False,False,4.0,right,0.0,1.0,2.0,0.5859135799109936,False,nan,1.0,1.0,0.75,-0.5,0.75,hm,89
1,7,1.0,7.0,late,2.0,True,False,1,True,1,2,0.7,0.3,False,False,4.0,right,0.0,1.0,2.0,0.43253158940933645,False,nan,1.0,1.0,0.5,0.0,0.5,hm,89
1,8,1.0,8.0,late,2.0,True,False,1,False,2,1,0.7,0.3,False,False,1.0,left,0.0,1.0,2.0,1.1116739152930677,False,nan,0.0,0.0,-0.25,-0.25,0.25,hm,89
1,9,1.0,9.0,late,2.0,True,False,1,True,1,2,0.7,0.3,False,False,1.0,left,1.0,0.0,1.0,0.719144589966163,True,1.0,nan,1.0,0.75,0.5,0.75,hm,89
1,10,1.0,10.0,late,2.0,True,False,1,True,1,2,0.7,0.3,False,False,1.0,left,1.0,0.0,1.0,0.7131242509931326,True,1.0,nan,1.0,0.75,1.25,0.75,hm,89
1,11,1.0,11.0,late,3.0,True,False,1,True,1,2,0.7,0.3,False,False,1.0,left,1.0,0.0,1.0,0.4580832801293582,True,1.0,nan,1.0,0.25,1.5,0.25,hm,89
1,12,1.0,12.0,late,3.0,True,False,1,False,2,1,0.7,0.3,True,False,4.0,right,1.0,0.0,1.0,0.5370400401297957,True,1.0,nan,1.0,0.75,2.25,0.75,hm,89
1,13,1.0,13.0,late,3.0,True,False,1,True,1,2,0.7,0.3,True,True,1.0,left,1.0,0.0,1.0,0.6935046319849789,True,0.0,nan,0.0,-0.25,2.0,0.25,hm,89
1,14,2.0,1.0,early,1.0,False,True,2,True,1,2,0.3,0.7,False,False,4.0,right,0.0,1.0,2.0,0.6700393857900053,True,nan,0.0,0.0,-0.75,1.25,0.75,hm,89
1,15,2.0,2.0,early,1.0,False,True,2,False,2,1,0.3,0.7,False,False,1.0,left,0.0,1.0,2.0,1.0141095279250294,True,nan,0.0,0.0,-0.5,0.75,0.5,hm,89
1,16,2.0,3.0,early,1.0,False,True,2,False,2,1,0.3,0.7,False,False,4.0,right,1.0,0.0,1.0,0.8518844128120691,False,0.0,nan,0.0,-0.5,0.25,0.5,hm,89
1,17,2.0,4.0,early,1.0,False,True,2,True,1,2,0.3,0.7,False,False,1.0,left,1.0,0.0,1.0,0.714609541464597,False,1.0,nan,1.0,0.75,1.0,0.75,hm,89
1,18,2.0,5.0,early,1.0,False,True,2,True,1,2,0.3,0.7,False,False,1.0,left,1.0,0.0,1.0,0.7685849741101265,False,0.0,nan,0.0,-0.75,0.25,0.75,hm,89
1,19,2.0,6.0,late,2.0,False,True,2,True,1,2,0.3,0.7,False,False,4.0,right,0.0,1.0,2.0,0.6365504073910415,True,nan,1.0,1.0,0.25,0.5,0.25,hm,89
1,20,2.0,7.0,late,2.0,False,True,2,False,2,1,0.3,0.7,False,False,1.0,left,0.0,1.0,2.0,0.7758589393924922,True,nan,1.0,1.0,0.25,0.75,0.25,hm,89
1,21,2.0,8.0,late,2.0,False,True,2,False,2,1,0.3,0.7,False,False,1.0,left,0.0,1.0,2.0,0.7836334754247218,True,nan,1.0,1.0,0.5,1.25,0.5,hm,89
1,22,2.0,9.0,late,2.0,False,True,2,True,1,2,0.3,0.7,True,False,4.0,right,0.0,1.0,2.0,0.5793566007632762,True,nan,1.0,1.0,0.25,1.5,0.25,hm,89
1,23,2.0,10.0,late,2.0,False,True,2,True,1,2,0.3,0.7,True,True,4.0,right,0.0,1.0,2.0,0.6916768299415708,True,nan,1.0,1.0,0.5,2.0,0.5,hm,89
1,24,3.0,1.0,early,1.0,True,False,1,False,2,1,0.7,0.3,False,False,1.0,left,0.0,1.0,2.0,0.6883654969278723,False,nan,0.0,0.0,-0.25,1.75,0.25,hm,89
1,25,3.0,2.0,early,1.0,True,False,1,False,2,1,0.7,0.3,False,False,1.0,left,0.0,1.0,2.0,0.9484247856307775,False,nan,0.0,0.0,-0.75,1.0,0.75,hm,89
1,26,3.0,3.0,early,1.0,True,False,1,True,1,2,0.7,0.3,False,False,1.0,left,1.0,0.0,1.0,0.5894835558719933,True,0.0,nan,0.0,-0.5,0.5,0.5,hm,89
1,27,3.0,4.0,early,1.0,True,False,1,True,1,2,0.7,0.3,False,False,1.0,left,1.0,0.0,1.0,0.5648347691167146,True,1.0,nan,1.0,0.75,1.25,0.75,hm,89
1,28,3.0,5.0,late,1.0,True,False,1,True,1,2,0.7,0.3,False,False,1.0,left,1.0,0.0,1.0,0.8777912247460335,True,1.0,nan,1.0,0.5,1.75,0.5,hm,89
1,29,3.0,6.0,late,2.0,True,False,1,True,1,2,0.7,0.3,True,False,1.0,left,1.0,0.0,1.0,0.5583273486699909,True,1.0,nan,1.0,0.25,2.0,0.25,hm,89
1,30,3.0,7.0,late,2.0,True,False,1,True,1,2,0.7,0.3,True,False,1.0,left,1.0,0.0,1.0,0.5045073365326971,True,0.0,nan,0.0,-0.5,1.5,0.5,hm,89
1,31,3.0,8.0,late,2.0,True,False,1,True,1,2,0.7,0.3,True,True,1.0,left,1.0,0.0,1.0,1.0074534316081554,True,1.0,nan,1.0,0.25,1.75,0.25,hm,89
1,32,4.0,1.0,early,1.0,False,True,2,False,2,1,0.3,0.7,False,False,4.0,right,1.0,0.0,1.0,0.8939200441818684,False,0.0,nan,0.0,-0.25,1.5,0.25,hm,89
1,33,4.0,2.0,early,1.0,False,True,2,False,2,1,0.3,0.7,False,False,4.0,right,1.0,0.0,1.0,0.8884166977368295,False,0.0,nan,0.0,-0.5,1.0,0.5,hm,89
1,34,4.0,3.0,early,1.0,False,True,2,False,2,1,0.3,0.7,False,False,1.0,left,0.0,1.0,2.0,0.6950321500189602,True,nan,0.0,0.0,-0.75,0.25,0.75,hm,89
1,35,4.0,4.0,late,1.0,False,True,2,True,1,2,0.3,0.7,False,False,4.0,right,0.0,1.0,2.0,0.9437780103180557,True,nan,1.0,1.0,0.5,0.75,0.5,hm,89
1,36,4.0,5.0,late,1.0,False,True,2,True,1,2,0.3,0.7,False,False,4.0,right,0.0,1.0,2.0,0.6949122124351561,True,nan,0.0,0.0,-0.5,0.25,0.5,hm,89
1,37,4.0,6.0,late,2.0,False,True,2,False,2,1,0.3,0.7,True,False,1.0,left,0.0,1.0,2.0,1.1770073492079973,True,nan,1.0,1.0,0.75,1.0,0.75,hm,89
1,38,4.0,7.0,late,2.0,False,True,2,False,2,1,0.3,0.7,True,True,1.0,left,0.0,1.0,2.0,0.6951189509127289,True,nan,1.0,1.0,0.25,1.25,0.25,hm,89
1,39,5.0,1.0,early,1.0,True,False,1,True,1,2,0.7,0.3,False,False,4.0,right,0.0,1.0,2.0,1.3832175938878208,False,nan,0.0,0.0,-0.75,0.5,0.75,hm,89
1,40,5.0,2.0,early,1.0,True,False,1,False,2,1,0.7,0.3,False,False,4.0,right,1.0,0.0,1.0,0.7488160929642618,True,0.0,nan,0.0,-0.25,0.25,0.25,hm,89
1,41,5.0,3.0,early,1.0,True,False,1,True,1,2,0.7,0.3,False,False,1.0,left,1.0,0.0,1.0,0.6901369956322014,True,1.0,nan,1.0,0.5,0.75,0.5,hm,89
1,42,5.0,4.0,early,1.0,True,False,1,True,1,2,0.7,0.3,False,False,1.0,left,1.0,0.0,1.0,0.847683078609407,True,0.0,nan,0.0,-0.75,0.0,0.75,hm,89
1,43,5.0,5.0,early,1.0,True,False,1,False,2,1,0.7,0.3,False,False,1.0,left,0.0,1.0,2.0,0.6951479821000248,False,nan,0.0,0.0,-0.25,-0.25,0.25,hm,89
1,44,5.0,6.0,late,2.0,True,False,1,True,1,2,0.7,0.3,False,False,1.0,left,1.0,0.0,1.0,0.6396863793488592,True,1.0,nan,1.0,0.25,0.0,0.25,hm,89
1,45,5.0,7.0,late,2.0,True,False,1,True,1,2,0.7,0.3,False,False,1.0,left,1.0,0.0,1.0,1.148572464240715,True,0.0,nan,0.0,-0.5,-0.5,0.5,hm,89
1,46,5.0,8.0,late,2.0,True,False,1,True,1,2,0.7,0.3,False,False,1.0,left,1.0,0.0,1.0,0.41768308146856725,True,1.0,nan,1.0,0.5,0.0,0.5,hm,89
1,47,5.0,9.0,late,2.0,True,False,1,True,1,2,0.7,0.3,True,False,1.0,left,1.0,0.0,1.0,0.6612223605625331,True,1.0,nan,1.0,0.5,0.5,0.5,hm,89
1,48,5.0,10.0,late,2.0,True,False,1,True,1,2,0.7,0.3,True,False,1.0,left,1.0,0.0,1.0,0.6190321887843311,True,1.0,nan,1.0,0.75,1.25,0.75,hm,89
1,49,5.0,11.0,late,3.0,True,False,1,True,1,2,0.7,0.3,True,True,1.0,left,1.0,0.0,1.0,0.5162527158390731,True,0.0,nan,0.0,-0.5,0.75,0.5,hm,89
1,50,6.0,1.0,early,1.0,False,True,2,False,2,1,0.3,0.7,False,False,4.0,right,1.0,0.0,1.0,0.9499605144374073,False,0.0,nan,0.0,-0.75,0.0,0.75,hm,89
1,51,6.0,2.0,early,1.0,False,True,2,False,2,1,0.3,0.7,False,False,4.0,right,1.0,0.0,1.0,0.7134424226824194,False,1.0,nan,1.0,0.75,0.75,0.75,hm,89
1,52,6.0,3.0,early,1.0,False,True,2,True,1,2,0.3,0.7,False,False,1.0,left,1.0,0.0,1.0,1.141454798867926,False,1.0,nan,1.0,0.25,1.0,0.25,hm,89
1,53,6.0,4.0,early,1.0,False,True,2,True,1,2,0.3,0.7,False,False,1.0,left,1.0,0.0,1.0,0.8385317528154701,False,0.0,nan,0.0,-0.5,0.5,0.5,hm,89
1,54,6.0,5.0,early,1.0,False,True,2,True,1,2,0.3,0.7,False,False,1.0,left,1.0,0.0,1.0,1.0162745628040284,False,0.0,nan,0.0,-0.75,-0.25,0.75,hm,89
1,55,6.0,6.0,early,2.0,False,True,2,False,2,1,0.3,0.7,False,False,4.0,right,1.0,0.0,1.0,0.746704722288996,False,0.0,nan,0.0,-0.75,-1.0,0.75,hm,89
1,56,6.0,7.0,early,2.0,False,True,2,True,1,2,0.3,0.7,False,False,1.0,left,1.0,0.0,1.0,0.697074901079759,False,0.0,nan,0.0,-0.75,-1.75,0.75,hm,89
1,57,6.0,8.0,early,2.0,False,True,2,True,1,2,0.3,0.7,False,False,1.0,left,1.0,0.0,1.0,0.777643927372992,False,1.0,nan,1.0,0.5,-1.25,0.5,hm,89
1,58,6.0,9.0,early,2.0,False,True,2,False,2,1,0.3,0.7,False,False,4.0,right,1.0,0.0,1.0,0.6568620866164565,False,1.0,nan,1.0,0.25,-1.0,0.25,hm,89
1,59,6.0,10.0,early,2.0,False,True,2,True,1,2,0.3,0.7,False,False,1.0,left,1.0,0.0,1.0,0.661527922609821,False,0.0,nan,0.0,-0.5,-1.5,0.5,hm,89
1,60,6.0,11.0,late,3.0,False,True,2,True,1,2,0.3,0.7,False,False,1.0,left,1.0,0.0,1.0,0.7728429050184786,False,0.0,nan,0.0,-0.5,-2.0,0.5,hm,89
1,61,6.0,12.0,late,3.0,False,True,2,True,1,2,0.3,0.7,False,False,1.0,left,1.0,0.0,1.0,0.41663238126784563,False,0.0,nan,0.0,-0.25,-2.25,0.25,hm,89
1,62,6.0,13.0,late,3.0,False,True,2,False,2,1,0.3,0.7,False,False,4.0,right,1.0,0.0,1.0,0.6832501150202006,False,0.0,nan,0.0,-0.75,-3.0,0.75,hm,89
1,63,6.0,14.0,late,3.0,False,True,2,False,2,1,0.3,0.7,False,False,4.0,right,1.0,0.0,1.0,0.8201358490623534,False,0.0,nan,0.0,-0.5,-3.5,0.5,hm,89
1,64,6.0,15.0,late,3.0,False,True,2,False,2,1,0.3,0.7,False,False,1.0,left,0.0,1.0,2.0,0.38380291289649904,True,nan,0.0,0.0,-0.25,-3.75,0.25,hm,89
1,65,6.0,16.0,late,4.0,False,True,2,False,2,1,0.3,0.7,False,False,1.0,left,0.0,1.0,2.0,0.7750489939935505,True,nan,0.0,0.0,-0.5,-4.25,0.5,hm,89
1,66,6.0,17.0,late,4.0,False,True,2,True,1,2,0.3,0.7,False,False,1.0,left,1.0,0.0,1.0,0.6531973923556507,False,0.0,nan,0.0,-0.5,-4.75,0.5,hm,89
1,67,6.0,18.0,late,4.0,False,True,2,True,1,2,0.3,0.7,False,False,1.0,left,1.0,0.0,1.0,0.6293787849135697,False,0.0,nan,0.0,-0.5,-5.25,0.5,hm,89
1,68,6.0,19.0,late,4.0,False,True,2,True,1,2,0.3,0.7,False,False,1.0,left,1.0,0.0,1.0,0.6053030006587505,False,1.0,nan,1.0,0.25,-5.0,0.25,hm,89
1,69,6.0,20.0,late,4.0,False,True,2,True,1,2,0.3,0.7,False,False,1.0,left,1.0,0.0,1.0,0.5813169497996569,False,0.0,nan,0.0,-0.75,-5.75,0.75,hm,89
1,70,6.0,21.0,late,5.0,False,True,2,True,1,2,0.3,0.7,False,False,1.0,left,1.0,0.0,1.0,0.9823369176592678,False,1.0,nan,1.0,0.75,-5.0,0.75,hm,89
