sessNo,trialNo,block,blockTrialNo,trialClass,blockBin,stim1_High,stim2_High,stimHigh,stim1_left,leftStim,rightStim,stim1_pWin,stim2_pWin,reverseStatus,reverseTrial,responseKey,response_LR,selected_stim1,selected_stim2,response_stimID,RT,highChosen,stim1_isWin,stim2_isWin,isWin,payOut,accum_payOut,abs_outMag,instructCond,subID
1,1,1.0,1.0,early,1.0,True,False,1,False,2,1,0.7,0.3,False,False,4.0,right,1.0,0.0,1.0,1.4412011118838564,True,1.0,nan,1.0,0.5,0.5,0.5,rl,86
1,2,1.0,2.0,early,1.0,True,False,1,False,2,1,0.7,0.3,False,False,4.0,right,1.0,0.0,1.0,0.6696778136538342,True,0.0,nan,0.0,-0.75,-0.25,0.75,rl,86
1,3,1.0,3.0,early,1.0,True,False,1,True,1,2,0.7,0.3,False,False,4.0,right,0.0,1.0,2.0,1.0669855814194307,False,nan,0.0,0.0,-0.5,-0.75,0.5,rl,86
1,4,1.0,4.0,early,1.0,True,False,1,False,2,1,0.7,0.3,False,False,1.0,left,0.0,1.0,2.0,0.36378653219435364,False,nan,0.0,0.0,-0.25,-1.0,0.25,rl,86
1,5,1.0,5.0,early,1.0,True,False,1,False,2,1,0.7,0.3,False,False,1.0,left,0.0,1.0,2.0,0.5471813640324399,False,nan,0.0,0.0,-0.75,-1.75,0.75,rl,86
1,6,1.0,6.0,early,2.0,True,False,1,True,1,2,0.7,0.3,False,False,4.0,right,0.0,1.0,2.0,0.5295672540087253,False,nan,1.0,1.0,0.25,-1.5,0.25,rl,86
1,7,1.0,7.0,early,2.0,True,False,1,False,2,1,0.7,0.3,False,False,4.0,right,1.0,0.0,1.0,1.7866817668545991,True,0.0,nan,0.0,-0.5,-2.0,0.5,rl,86
1,8,1.0,8.0,early,2.0,True,False,1,False,2,1,0.7,0.3,False,False,4.0,right,1.0,0.0,1.0,0.7500937653239816,True,1.0,nan,1.0,0.25,-1.75,0.25,rl,86
1,9,1.0,9.0,early,2.0,True,False,1,True,1,2,0.7,0.3,False,False,1.0,left,1.0,0.0,1.0,0.6165126197738573,True,1.0,nan,1.0,0.5,-1.25,0.5,rl,86
1,10,1.0,10.0,early,2.0,True,False,1,False,2,1,0.7,0.3,False,False,1.0,left,0.0,1.0,2.0,0.5010561251547188,False,nan,0.0,0.0,-0.75,-2.0,0.75,rl,86
1,11,1.0,11.0,early,3.0,True,False,1,False,2,1,0.7,0.3,False,False,1.0,left,0.0,1.0,2.0,0.7198853290174156,False,nan,1.0,1.0,0.25,-1.75,0.25,rl,86
1,12,1.0,12.0,early,3.0,True,False,1,True,1,2,0.7,0.3,False,False,4.0,right,0.0,1.0,2.0,0.5269814113853499,False,nan,0.0,0.0,-0.75,-2.5,0.75,rl,86
1,13,1.0,13.0,early,3.0,True,False,1,False,2,1,0.7,0.3,False,False,4.0,right,1.0,0.0,1.0,1.0036415279610083,True,1.0,nan,1.0,0.75,-1.75,0.75,rl,86
1,14,1.0,14.0,late,3.0,True,False,1,False,2,1,0.7,0.3,False,False,4.0,right,1.0,0.0,1.0,0.5740104343276471,True,1.0,nan,1.0,0.5,-1.25,0.5,rl,86
1,15,1.0,15.0,late,3.0,True,False,1,True,1,2,0.7,0.3,False,False,1.0,left,1.0,0.0,1.0,0.639645618153736,True,1.0,nan,1.0,0.25,-1.0,0.25,rl,86
1,16,1.0,16.0,late,4.0,True,False,1,False,2,1,0.7,0.3,False,False,1.0,left,0.0,1.0,2.0,0.6170897277770564,False,nan,1.0,1.0,0.5,-0.5,0.5,rl,86
1,17,1.0,17.0,late,4.0,True,False,1,True,1,2,0.7,0.3,False,False,4.0,right,0.0,1.0,2.0,0.5204883600817993,False,nan,0.0,0.0,-0.5,-1.0,0.5,rl,86
1,18,1.0,18.0,late,4.0,True,False,1,False,2,1,0.7,0.3,False,False,1.0,left,0.0,1.0,2.0,0.6150276223197579,False,nan,0.0,0.0,-0.25,-1.25,0.25,rl,86
1,19,1.0,19.0,late,4.0,True,False,1,False,2,1,0.7,0.3,False,False,4.0,right,1.0,0.0,1.0,0.8875938496785238,True,1.0,nan,1.0,0.75,-0.5,0.75,rl,86
1,20,1.0,20.0,late,4.0,True,False,1,True,1,2,0.7,0.3,False,False,4.0,right,0.0,1.0,2.0,0.3690916443010792,False,nan,0.0,0.0,-0.5,-1.0,0.5,rl,86
1,21,1.0,21.0,late,5.0,True,False,1,True,1,2,0.7,0.3,False,False,4.0,right,0.0,1.0,2.0,0.6179398476378992,False,nan,0.0,0.0,-0.5,-1.5,0.5,rl,86
1,22,1.0,22.0,late,5.0,True,False,1,True,1,2,0.7,0.3,False,False,1.0,left,1.0,0.0,1.0,0.5743640888249502,True,1.0,nan,1.0,0.25,-1.25,0.25,rl,86
1,23,1.0,23.0,late,5.0,True,False,1,True,1,2,0.7,0.3,False,False,1.0,left,1.0,0.0,1.0,0.4388671674532816,True,1.0,nan,1.0,0.5,-0.75,0.5,rl,86
1,24,1.0,24.0,late,5.0,True,False,1,False,2,1,0.7,0.3,False,False,4.0,right,1.0,0.0,1.0,0.3843524558469653,True,1.0,nan,1.0,0.5,-0.25,0.5,rl,86
1,25,1.0,25.0,late,5.0,True,False,1,False,2,1,0.7,0.3,True,False,4.0,right,1.0,0.0,1.0,0.49988959287293255,True,1.0,nan,1.0,0.75,0.5,0.75,rl,86
1,26,1.0,26.0,late,6.0,True,False,1,True,1,2,0.7,0.3,True,False,1.0,left,1.0,0.0,1.0,0.9712824260350317,True,1.0,nan,1.0,0.25,0.75,0.25,rl,86
1,27,1.0,27.0,late,6.0,True,False,1,True,1,2,0.7,0.3,True,True,4.0,right,0.0,1.0,2.0,1.1117788972333074,False,nan,0.0,0.0,-0.5,0.25,0.5,rl,86
1,28,2.0,1.0,early,1.0,False,True,2,False,2,1,0.3,0.7,False,False,1.0,left,0.0,1.0,2.0,0.43337261851411313,True,nan,0.0,0.0,-0.5,-0.25,0.5,rl,86
1,29,2.0,2.0,early,1.0,False,True,2,True,1,2,0.3,0.7,False,False,1.0,left,1.0,0.0,1.0,0.43382539018057287,False,0.0,nan,0.0,-0.25,-0.5,0.25,rl,86
1,30,2.0,3.0,early,1.0,False,True,2,True,1,2,0.3,0.7,False,False,1.0,left,1.0,0.0,1.0,0.36452727136202157,False,1.0,nan,1.0,0.25,-0.25,0.25,rl,86
1,31,2.0,4.0,early,1.0,False,True,2,True,1,2,0.3,0.7,False,False,1.0,left,1.0,0.0,1.0,0.8308756881160662,False,0.0,nan,0.0,-0.25,-0.5,0.25,rl,86
1,32,2.0,5.0,early,1.0,False,True,2,True,1,2,0.3,0.7,False,False,4.0,right,0.0,1.0,2.0,0.5205581525806338,True,nan,1.0,1.0,0.5,0.0,0.5,rl,86
1,33,2.0,6.0,late,2.0,False,True,2,False,2,1,0.3,0.7,False,False,4.0,right,1.0,0.0,1.0,0.6997880125418305,False,0.0,nan,0.0,-0.5,-0.5,0.5,rl,86
1,34,2.0,7.0,late,2.0,False,True,2,False,2,1,0.3,0.7,False,False,1.0,left,0.0,1.0,2.0,0.42344800324644893,True,nan,0.0,0.0,-0.5,-1.0,0.5,rl,86
1,35,2.0,8.0,late,2.0,False,True,2,True,1,2,0.3,0.7,False,False,4.0,right,0.0,1.0,2.0,0.8700166885973886,True,nan,1.0,1.0,0.25,-0.75,0.25,rl,86
1,36,2.0,9.0,late,2.0,False,True,2,False,2,1,0.3,0.7,False,False,1.0,left,0.0,1.0,2.0,0.5424565855646506,True,nan,0.0,0.0,-0.25,-1.0,0.25,rl,86
1,37,2.0,10.0,late,2.0,False,True,2,True,1,2,0.3,0.7,True,False,4.0,right,0.0,1.0,2.0,0.5760223945835605,True,nan,1.0,1.0,0.75,-0.25,0.75,rl,86
1,38,2.0,11.0,late,3.0,False,True,2,True,1,2,0.3,0.7,True,True,1.0,left,1.0,0.0,1.0,0.620682576787658,False,1.0,nan,1.0,0.75,0.5,0.75,rl,86
1,39,3.0,1.0,early,1.0,True,False,1,False,2,1,0.7,0.3,False,False,1.0,left,0.0,1.0,2.0,0.8310563275590539,False,nan,0.0,0.0,-0.25,0.25,0.25,rl,86
1,40,3.0,2.0,early,1.0,True,False,1,True,1,2,0.7,0.3,False,False,1.0,left,1.0,0.0,1.0,0.4019310830626637,True,1.0,nan,1.0,0.75,1.0,0.75,rl,86
1,41,3.0,3.0,early,1.0,True,False,1,True,1,2,0.7,0.3,False,False,4.0,right,0.0,1.0,2.0,0.5791472232667729,False,nan,0.0,0.0,-0.75,0.25,0.75,rl,86
1,42,3.0,4.0,early,1.0,True,False,1,True,1,2,0.7,0.3,False,False,1.0,left,1.0,0.0,1.0,0.6496617262018844,True,1.0,nan,1.0,0.25,0.5,0.25,rl,86
1,43,3.0,5.0,early,1.0,True,False,1,True,1,2,0.7,0.3,False,False,4.0,right,0.0,1.0,2.0,0.6231631441041827,False,nan,0.0,0.0,-0.5,0.0,0.5,rl,86
1,44,3.0,6.0,early,2.0,True,False,1,True,1,2,0.7,0.3,False,False,1.0,left,1.0,0.0,1.0,0.3858917036559433,True,1.0,nan,1.0,0.75,0.75,0.75,rl,86
1,45,3.0,7.0,early,2.0,True,False,1,False,2,1,0.7,0.3,False,False,1.0,left,0.0,1.0,2.0,0.44290281797293574,False,nan,0.0,0.0,-0.75,0.0,0.75,rl,86
1,46,3.0,8.0,early,2.0,True,False,1,False,2,1,0.7,0.3,False,False,4.0,right,1.0,0.0,1.0,0.4768809307133779,True,0.0,nan,0.0,-0.5,-0.5,0.5,rl,86
1,47,3.0,9.0,early,2.0,True,False,1,False,2,1,0.7,0.3,False,False,1.0,left,0.0,1.0,2.0,0.54822913184762,False,nan,0.0,0.0,-0.5,-1.0,0.5,rl,86
1,48,3.0,10.0,early,2.0,True,False,1,True,1,2,0.7,0.3,False,False,1.0,left,1.0,0.0,1.0,0.39155222987756133,True,0.0,nan,0.0,-0.5,-1.5,0.5,rl,86
1,49,3.0,11.0,early,3.0,True,False,1,False,2,1,0.7,0.3,False,False,4.0,right,1.0,0.0,1.0,0.47425579314585775,True,1.0,nan,1.0,0.25,-1.25,0.25,rl,86
1,50,3.0,12.0,early,3.0,True,False,1,False,2,1,0.7,0.3,False,False,4.0,right,1.0,0.0,1.0,1.5706501291133463,True,1.0,nan,1.0,0.25,-1.0,0.25,rl,86
1,51,3.0,13.0,early,3.0,True,False,1,True,1,2,0.7,0.3,False,False,nan,nan,nan,nan,nan,nan,False,nan,nan,nan,nan,nan,nan,rl,86
1,52,3.0,14.0,early,3.0,True,False,1,True,1,2,0.7,0.3,False,False,1.0,left,1.0,0.0,1.0,0.4312072905013338,True,1.0,nan,1.0,0.25,-0.75,0.25,rl,86
1,53,3.0,15.0,early,3.0,True,False,1,False,2,1,0.7,0.3,False,False,1.0,left,0.0,1.0,2.0,0.5015329431043938,False,nan,0.0,0.0,-0.25,-1.0,0.25,rl,86
1,54,3.0,16.0,early,4.0,True,False,1,False,2,1,0.7,0.3,False,False,1.0,left,0.0,1.0,2.0,0.45478221063967794,False,nan,0.0,0.0,-0.75,-1.75,0.75,rl,86
1,55,3.0,17.0,late,4.0,True,False,1,False,2,1,0.7,0.3,False,False,4.0,right,1.0,0.0,1.0,0.5346351301996037,True,0.0,nan,0.0,-0.75,-2.5,0.75,rl,86
1,56,3.0,18.0,late,4.0,True,False,1,False,2,1,0.7,0.3,False,False,4.0,right,1.0,0.0,1.0,0.6277547888457775,True,1.0,nan,1.0,0.5,-2.0,0.5,rl,86
1,57,3.0,19.0,late,4.0,True,False,1,False,2,1,0.7,0.3,False,False,4.0,right,1.0,0.0,1.0,0.699622915009968,True,1.0,nan,1.0,0.5,-1.5,0.5,rl,86
1,58,3.0,20.0,late,4.0,True,False,1,False,2,1,0.7,0.3,False,False,1.0,left,0.0,1.0,2.0,1.5400880383094773,False,nan,0.0,0.0,-0.5,-2.0,0.5,rl,86
1,59,3.0,21.0,late,5.0,True,False,1,True,1,2,0.7,0.3,False,False,1.0,left,1.0,0.0,1.0,1.3387084335554391,True,1.0,nan,1.0,0.5,-1.5,0.5,rl,86
1,60,3.0,22.0,late,5.0,True,False,1,True,1,2,0.7,0.3,False,False,4.0,right,0.0,1.0,2.0,1.7891365285031497,False,nan,0.0,0.0,-0.25,-1.75,0.25,rl,86
1,61,3.0,23.0,late,5.0,True,False,1,False,2,1,0.7,0.3,False,False,1.0,left,0.0,1.0,2.0,0.4897567731095478,False,nan,0.0,0.0,-0.75,-2.5,0.75,rl,86
1,62,3.0,24.0,late,5.0,True,False,1,False,2,1,0.7,0.3,False,False,1.0,left,0.0,1.0,2.0,0.5502375732176006,False,nan,0.0,0.0,-0.25,-2.75,0.25,rl,86
1,63,3.0,25.0,late,5.0,True,False,1,False,2,1,0.7,0.3,False,False,1.0,left,0.0,1.0,2.0,0.03655779722612351,False,nan,0.0,0.0,-0.25,-3.0,0.25,rl,86
1,64,3.0,26.0,late,6.0,True,False,1,False,2,1,0.7,0.3,False,False,1.0,left,0.0,1.0,2.0,0.6620108988136053,False,nan,1.0,1.0,0.5,-2.5,0.5,rl,86
1,65,3.0,27.0,late,6.0,True,False,1,False,2,1,0.7,0.3,False,False,1.0,left,0.0,1.0,2.0,0.7983884376008064,False,nan,0.0,0.0,-0.75,-3.25,0.75,rl,86
1,66,3.0,28.0,late,6.0,True,False,1,True,1,2,0.7,0.3,False,False,4.0,right,0.0,1.0,2.0,2.526314570219256,False,nan,0.0,0.0,-0.25,-3.5,0.25,rl,86
1,67,3.0,29.0,late,6.0,True,False,1,True,1,2,0.7,0.3,False,False,1.0,left,1.0,0.0,1.0,1.579790898016654,True,1.0,nan,1.0,0.5,-3.0,0.5,rl,86
1,68,3.0,30.0,late,6.0,True,False,1,False,2,1,0.7,0.3,False,False,1.0,left,0.0,1.0,2.0,0.4461015445413068,False,nan,0.0,0.0,-0.5,-3.5,0.5,rl,86
1,69,3.0,31.0,late,7.0,True,False,1,False,2,1,0.7,0.3,False,False,nan,nan,nan,nan,nan,nan,False,nan,nan,nan,nan,nan,nan,rl,86
1,70,3.0,32.0,late,7.0,True,False,1,False,2,1,0.7,0.3,False,False,1.0,left,0.0,1.0,2.0,0.6668119210517034,False,nan,1.0,1.0,0.5,-3.0,0.5,rl,86
