sessNo,trialNo,block,blockTrialNo,trialClass,blockBin,stim1_High,stim2_High,stimHigh,stim1_left,leftStim,rightStim,stim1_pWin,stim2_pWin,reverseStatus,reverseTrial,responseKey,response_LR,selected_stim1,selected_stim2,response_stimID,RT,highChosen,stim1_isWin,stim2_isWin,isWin,payOut,accum_payOut,abs_outMag,instructCond,subID
1,1,1.0,1.0,early,1.0,True,False,1,True,1,2,0.7,0.3,False,False,nan,nan,nan,nan,nan,nan,False,nan,nan,nan,nan,nan,nan,hm,93
1,2,1.0,2.0,early,1.0,True,False,1,False,2,1,0.7,0.3,False,False,nan,nan,nan,nan,nan,nan,False,nan,nan,nan,nan,nan,nan,hm,93
1,3,1.0,3.0,early,1.0,True,False,1,True,1,2,0.7,0.3,False,False,4.0,right,0.0,1.0,2.0,0.9493017395725474,False,nan,0.0,0.0,-0.25,-0.25,0.25,hm,93
1,4,1.0,4.0,early,1.0,True,False,1,True,1,2,0.7,0.3,False,False,1.0,left,1.0,0.0,1.0,0.3552455825265497,True,0.0,nan,0.0,-0.5,-0.75,0.5,hm,93
1,5,1.0,5.0,early,1.0,True,False,1,False,2,1,0.7,0.3,False,False,1.0,left,0.0,1.0,2.0,0.678961161756888,False,nan,0.0,0.0,-0.25,-1.0,0.25,hm,93
1,6,1.0,6.0,early,2.0,True,False,1,True,1,2,0.7,0.3,False,False,1.0,left,1.0,0.0,1.0,0.657428469392471,True,1.0,nan,1.0,0.5,-0.5,0.5,hm,93
1,7,1.0,7.0,late,2.0,True,False,1,False,2,1,0.7,0.3,False,False,4.0,right,1.0,0.0,1.0,1.0956509702373296,True,1.0,nan,1.0,0.5,0.0,0.5,hm,93
1,8,1.0,8.0,late,2.0,True,False,1,False,2,1,0.7,0.3,False,False,4.0,right,1.0,0.0,1.0,0.6055774625856429,True,1.0,nan,1.0,0.75,0.75,0.75,hm,93
1,9,1.0,9.0,late,2.0,True,False,1,True,1,2,0.7,0.3,True,False,1.0,left,1.0,0.0,1.0,0.7299652767833322,True,0.0,nan,0.0,-0.25,0.5,0.25,hm,93
1,10,1.0,10.0,late,2.0,True,False,1,False,2,1,0.7,0.3,True,False,4.0,right,1.0,0.0,1.0,0.6449374023359269,True,1.0,nan,1.0,0.75,1.25,0.75,hm,93
1,11,1.0,11.0,late,3.0,True,False,1,False,2,1,0.7,0.3,True,False,4.0,right,1.0,0.0,1.0,0.5829289729008451,True,1.0,nan,1.0,0.5,1.75,0.5,hm,93
1,12,1.0,12.0,late,3.0,True,False,1,False,2,1,0.7,0.3,True,True,4.0,right,1.0,0.0,1.0,0.5354411592707038,True,1.0,nan,1.0,0.75,2.5,0.75,hm,93
1,13,2.0,1.0,early,1.0,False,True,2,False,2,1,0.3,0.7,False,False,4.0,right,1.0,0.0,1.0,0.5223747455747798,False,1.0,nan,1.0,0.25,2.75,0.25,hm,93
1,14,2.0,2.0,early,1.0,False,True,2,False,2,1,0.3,0.7,False,False,4.0,right,1.0,0.0,1.0,0.5688960232073441,False,1.0,nan,1.0,0.75,3.5,0.75,hm,93
1,15,2.0,3.0,early,1.0,False,True,2,True,1,2,0.3,0.7,False,False,1.0,left,1.0,0.0,1.0,0.7985101391095668,False,0.0,nan,0.0,-0.5,3.0,0.5,hm,93
1,16,2.0,4.0,early,1.0,False,True,2,True,1,2,0.3,0.7,False,False,4.0,right,0.0,1.0,2.0,0.4849150337977335,True,nan,1.0,1.0,0.25,3.25,0.25,hm,93
1,17,2.0,5.0,late,1.0,False,True,2,True,1,2,0.3,0.7,False,False,4.0,right,0.0,1.0,2.0,0.6343110807938501,True,nan,1.0,1.0,0.5,3.75,0.5,hm,93
1,18,2.0,6.0,late,2.0,False,True,2,True,1,2,0.3,0.7,False,False,4.0,right,0.0,1.0,2.0,0.5043961835326627,True,nan,1.0,1.0,0.25,4.0,0.25,hm,93
1,19,2.0,7.0,late,2.0,False,True,2,True,1,2,0.3,0.7,True,False,4.0,right,0.0,1.0,2.0,0.4632764798589051,True,nan,0.0,0.0,-0.75,3.25,0.75,hm,93
1,20,2.0,8.0,late,2.0,False,True,2,False,2,1,0.3,0.7,True,False,4.0,right,1.0,0.0,1.0,0.631798263755627,False,0.0,nan,0.0,-0.5,2.75,0.5,hm,93
1,21,2.0,9.0,late,2.0,False,True,2,False,2,1,0.3,0.7,True,True,1.0,left,0.0,1.0,2.0,0.7414719201624393,True,nan,0.0,0.0,-0.75,2.0,0.75,hm,93
1,22,3.0,1.0,early,1.0,True,False,1,False,2,1,0.7,0.3,False,False,4.0,right,1.0,0.0,1.0,0.5407594519201666,True,1.0,nan,1.0,0.75,2.75,0.75,hm,93
1,23,3.0,2.0,early,1.0,True,False,1,True,1,2,0.7,0.3,False,False,1.0,left,1.0,0.0,1.0,0.5153415556997061,True,0.0,nan,0.0,-0.25,2.5,0.25,hm,93
1,24,3.0,3.0,early,1.0,True,False,1,False,2,1,0.7,0.3,False,False,1.0,left,0.0,1.0,2.0,0.7297139657894149,False,nan,0.0,0.0,-0.5,2.0,0.5,hm,93
1,25,3.0,4.0,early,1.0,True,False,1,True,1,2,0.7,0.3,False,False,4.0,right,0.0,1.0,2.0,0.6644742687931284,False,nan,1.0,1.0,0.25,2.25,0.25,hm,93
1,26,3.0,5.0,early,1.0,True,False,1,True,1,2,0.7,0.3,False,False,4.0,right,0.0,1.0,2.0,0.5854376844363287,False,nan,0.0,0.0,-0.25,2.0,0.25,hm,93
1,27,3.0,6.0,early,2.0,True,False,1,False,2,1,0.7,0.3,False,False,4.0,right,1.0,0.0,1.0,0.6456587853608653,True,0.0,nan,0.0,-0.5,1.5,0.5,hm,93
1,28,3.0,7.0,early,2.0,True,False,1,True,1,2,0.7,0.3,False,False,1.0,left,1.0,0.0,1.0,0.6681213576812297,True,1.0,nan,1.0,0.75,2.25,0.75,hm,93
1,29,3.0,8.0,late,2.0,True,False,1,False,2,1,0.7,0.3,False,False,1.0,left,0.0,1.0,2.0,1.1356431465828791,False,nan,0.0,0.0,-0.75,1.5,0.75,hm,93
1,30,3.0,9.0,late,2.0,True,False,1,True,1,2,0.7,0.3,False,False,4.0,right,0.0,1.0,2.0,0.4661804859060794,False,nan,0.0,0.0,-0.75,0.75,0.75,hm,93
1,31,3.0,10.0,late,2.0,True,False,1,True,1,2,0.7,0.3,False,False,1.0,left,1.0,0.0,1.0,0.847065071342513,True,1.0,nan,1.0,0.5,1.25,0.5,hm,93
1,32,3.0,11.0,late,3.0,True,False,1,False,2,1,0.7,0.3,False,False,4.0,right,1.0,0.0,1.0,0.6771667952416465,True,1.0,nan,1.0,0.5,1.75,0.5,hm,93
1,33,3.0,12.0,late,3.0,True,False,1,True,1,2,0.7,0.3,False,False,1.0,left,1.0,0.0,1.0,0.6747029500547796,True,0.0,nan,0.0,-0.25,1.5,0.25,hm,93
1,34,3.0,13.0,late,3.0,True,False,1,False,2,1,0.7,0.3,True,False,4.0,right,1.0,0.0,1.0,0.5081720070447773,True,1.0,nan,1.0,0.25,1.75,0.25,hm,93
1,35,3.0,14.0,late,3.0,True,False,1,False,2,1,0.7,0.3,True,False,4.0,right,1.0,0.0,1.0,0.5987697782693431,True,0.0,nan,0.0,-0.5,1.25,0.5,hm,93
1,36,3.0,15.0,late,3.0,True,False,1,False,2,1,0.7,0.3,True,True,4.0,right,1.0,0.0,1.0,0.7204990326426923,True,1.0,nan,1.0,0.5,1.75,0.5,hm,93
1,37,4.0,1.0,early,1.0,False,True,2,False,2,1,0.3,0.7,False,False,4.0,right,1.0,0.0,1.0,0.824808650300838,False,0.0,nan,0.0,-0.75,1.0,0.75,hm,93
1,38,4.0,2.0,early,1.0,False,True,2,False,2,1,0.3,0.7,False,False,4.0,right,1.0,0.0,1.0,0.6513245733221993,False,0.0,nan,0.0,-0.75,0.25,0.75,hm,93
1,39,4.0,3.0,early,1.0,False,True,2,True,1,2,0.3,0.7,False,False,1.0,left,1.0,0.0,1.0,0.7720116347773001,False,0.0,nan,0.0,-0.25,0.0,0.25,hm,93
1,40,4.0,4.0,early,1.0,False,True,2,False,2,1,0.3,0.7,False,False,4.0,right,1.0,0.0,1.0,0.6088961170753464,False,0.0,nan,0.0,-0.5,-0.5,0.5,hm,93
1,41,4.0,5.0,late,1.0,False,True,2,False,2,1,0.3,0.7,False,False,1.0,left,0.0,1.0,2.0,0.6388654699549079,True,nan,1.0,1.0,0.5,0.0,0.5,hm,93
1,42,4.0,6.0,late,2.0,False,True,2,True,1,2,0.3,0.7,False,False,4.0,right,0.0,1.0,2.0,0.8096206082263961,True,nan,0.0,0.0,-0.75,-0.75,0.75,hm,93
1,43,4.0,7.0,late,2.0,False,True,2,True,1,2,0.3,0.7,False,False,4.0,right,0.0,1.0,2.0,1.3480138657614589,True,nan,1.0,1.0,0.5,-0.25,0.5,hm,93
1,44,4.0,8.0,late,2.0,False,True,2,False,2,1,0.3,0.7,True,True,1.0,left,0.0,1.0,2.0,1.1506473238114268,True,nan,1.0,1.0,0.5,0.25,0.5,hm,93
1,45,5.0,1.0,early,1.0,True,False,1,True,1,2,0.7,0.3,False,False,4.0,right,0.0,1.0,2.0,0.5068773300154135,False,nan,0.0,0.0,-0.5,-0.25,0.5,hm,93
1,46,5.0,2.0,early,1.0,True,False,1,True,1,2,0.7,0.3,False,False,1.0,left,1.0,0.0,1.0,1.066471033031121,True,0.0,nan,0.0,-0.25,-0.5,0.25,hm,93
1,47,5.0,3.0,early,1.0,True,False,1,False,2,1,0.7,0.3,False,False,1.0,left,0.0,1.0,2.0,0.728091733995825,False,nan,1.0,1.0,0.5,0.0,0.5,hm,93
1,48,5.0,4.0,early,1.0,True,False,1,False,2,1,0.7,0.3,False,False,1.0,left,0.0,1.0,2.0,0.6125783954048529,False,nan,0.0,0.0,-0.5,-0.5,0.5,hm,93
1,49,5.0,5.0,early,1.0,True,False,1,False,2,1,0.7,0.3,False,False,4.0,right,1.0,0.0,1.0,1.5171843077987432,True,0.0,nan,0.0,-0.75,-1.25,0.75,hm,93
1,50,5.0,6.0,early,2.0,True,False,1,False,2,1,0.7,0.3,False,False,1.0,left,0.0,1.0,2.0,0.6150580756366253,False,nan,0.0,0.0,-0.25,-1.5,0.25,hm,93
1,51,5.0,7.0,early,2.0,True,False,1,True,1,2,0.7,0.3,False,False,1.0,left,1.0,0.0,1.0,1.7611818010918796,True,1.0,nan,1.0,0.75,-0.75,0.75,hm,93
1,52,5.0,8.0,early,2.0,True,False,1,False,2,1,0.7,0.3,False,False,4.0,right,1.0,0.0,1.0,1.0666897939518094,True,1.0,nan,1.0,0.25,-0.5,0.25,hm,93
1,53,5.0,9.0,early,2.0,True,False,1,False,2,1,0.7,0.3,False,False,4.0,right,1.0,0.0,1.0,0.5641102636000142,True,0.0,nan,0.0,-0.5,-1.0,0.5,hm,93
1,54,5.0,10.0,early,2.0,True,False,1,True,1,2,0.7,0.3,False,False,4.0,right,0.0,1.0,2.0,1.064053814043291,False,nan,1.0,1.0,0.25,-0.75,0.25,hm,93
1,55,5.0,11.0,early,3.0,True,False,1,False,2,1,0.7,0.3,False,False,1.0,left,0.0,1.0,2.0,1.2786751891253516,False,nan,0.0,0.0,-0.5,-1.25,0.5,hm,93
1,56,5.0,12.0,early,3.0,True,False,1,True,1,2,0.7,0.3,False,False,1.0,left,1.0,0.0,1.0,0.6471625460544601,True,1.0,nan,1.0,0.25,-1.0,0.25,hm,93
1,57,5.0,13.0,early,3.0,True,False,1,True,1,2,0.7,0.3,False,False,1.0,left,1.0,0.0,1.0,0.7835910029243678,True,0.0,nan,0.0,-0.75,-1.75,0.75,hm,93
1,58,5.0,14.0,late,3.0,True,False,1,True,1,2,0.7,0.3,False,False,4.0,right,0.0,1.0,2.0,1.0168566063512117,False,nan,0.0,0.0,-0.5,-2.25,0.5,hm,93
1,59,5.0,15.0,late,3.0,True,False,1,False,2,1,0.7,0.3,False,False,4.0,right,1.0,0.0,1.0,1.1839681747369468,True,1.0,nan,1.0,0.25,-2.0,0.25,hm,93
1,60,5.0,16.0,late,4.0,True,False,1,True,1,2,0.7,0.3,False,False,1.0,left,1.0,0.0,1.0,0.9859828857006505,True,1.0,nan,1.0,0.75,-1.25,0.75,hm,93
1,61,5.0,17.0,late,4.0,True,False,1,False,2,1,0.7,0.3,False,False,4.0,right,1.0,0.0,1.0,0.4947076595854014,True,0.0,nan,0.0,-0.5,-1.75,0.5,hm,93
1,62,5.0,18.0,late,4.0,True,False,1,False,2,1,0.7,0.3,False,False,1.0,left,0.0,1.0,2.0,0.4252361429389566,False,nan,1.0,1.0,0.75,-1.0,0.75,hm,93
1,63,5.0,19.0,late,4.0,True,False,1,True,1,2,0.7,0.3,False,False,4.0,right,0.0,1.0,2.0,0.6303651751950383,False,nan,1.0,1.0,0.5,-0.5,0.5,hm,93
1,64,5.0,20.0,late,4.0,True,False,1,True,1,2,0.7,0.3,False,False,4.0,right,0.0,1.0,2.0,0.577045010519214,False,nan,0.0,0.0,-0.75,-1.25,0.75,hm,93
1,65,5.0,21.0,late,5.0,True,False,1,True,1,2,0.7,0.3,False,False,1.0,left,1.0,0.0,1.0,0.8976246268721297,True,0.0,nan,0.0,-0.75,-2.0,0.75,hm,93
1,66,5.0,22.0,late,5.0,True,False,1,True,1,2,0.7,0.3,False,False,4.0,right,0.0,1.0,2.0,0.5151324720354751,False,nan,1.0,1.0,0.25,-1.75,0.25,hm,93
1,67,5.0,23.0,late,5.0,True,False,1,False,2,1,0.7,0.3,False,False,1.0,left,0.0,1.0,2.0,0.8065432945732027,False,nan,0.0,0.0,-0.25,-2.0,0.25,hm,93
1,68,5.0,24.0,late,5.0,True,False,1,False,2,1,0.7,0.3,False,False,4.0,right,1.0,0.0,1.0,0.9100608571898192,True,0.0,nan,0.0,-0.75,-2.75,0.75,hm,93
1,69,5.0,25.0,late,5.0,True,False,1,False,2,1,0.7,0.3,False,False,1.0,left,0.0,1.0,2.0,0.555175086366944,False,nan,0.0,0.0,-0.25,-3.0,0.25,hm,93
1,70,5.0,26.0,late,6.0,True,False,1,False,2,1,0.7,0.3,False,False,4.0,right,1.0,0.0,1.0,0.3478511148132384,True,1.0,nan,1.0,0.5,-2.5,0.5,hm,93
