sessNo,trialNo,block,blockTrialNo,trialClass,blockBin,stim1_High,stim2_High,stimHigh,stim1_left,leftStim,rightStim,stim1_pWin,stim2_pWin,reverseStatus,reverseTrial,responseKey,response_LR,selected_stim1,selected_stim2,response_stimID,RT,highChosen,stim1_isWin,stim2_isWin,isWin,payOut,accum_payOut,abs_outMag,instructCond,subID
1,1,1.0,1.0,early,1.0,False,True,2,False,2,1,0.3,0.7,False,False,nan,nan,nan,nan,nan,nan,False,nan,nan,nan,nan,nan,nan,hm,91
1,2,1.0,2.0,early,1.0,False,True,2,True,1,2,0.3,0.7,False,False,4.0,right,0.0,1.0,2.0,1.9945098657905191,True,nan,1.0,1.0,0.75,0.75,0.75,hm,91
1,3,1.0,3.0,early,1.0,False,True,2,True,1,2,0.3,0.7,False,False,4.0,right,0.0,1.0,2.0,0.8697282234011254,True,nan,0.0,0.0,-0.5,0.25,0.5,hm,91
1,4,1.0,4.0,early,1.0,False,True,2,False,2,1,0.3,0.7,False,False,4.0,right,1.0,0.0,1.0,1.1978638856086263,False,0.0,nan,0.0,-0.75,-0.5,0.75,hm,91
1,5,1.0,5.0,early,1.0,False,True,2,True,1,2,0.3,0.7,False,False,4.0,right,0.0,1.0,2.0,1.1771352713118404,True,nan,1.0,1.0,0.25,-0.25,0.25,hm,91
1,6,1.0,6.0,early,2.0,False,True,2,True,1,2,0.3,0.7,False,False,4.0,right,0.0,1.0,2.0,1.0604149359098756,True,nan,0.0,0.0,-0.5,-0.75,0.5,hm,91
1,7,1.0,7.0,late,2.0,False,True,2,True,1,2,0.3,0.7,False,False,1.0,left,1.0,0.0,1.0,0.6257357152262557,False,0.0,nan,0.0,-0.75,-1.5,0.75,hm,91
1,8,1.0,8.0,late,2.0,False,True,2,True,1,2,0.3,0.7,False,False,1.0,left,1.0,0.0,1.0,0.8222415829134206,False,0.0,nan,0.0,-0.5,-2.0,0.5,hm,91
1,9,1.0,9.0,late,2.0,False,True,2,False,2,1,0.3,0.7,False,False,1.0,left,0.0,1.0,2.0,1.6850682835809039,True,nan,1.0,1.0,0.25,-1.75,0.25,hm,91
1,10,1.0,10.0,late,2.0,False,True,2,False,2,1,0.3,0.7,False,False,1.0,left,0.0,1.0,2.0,0.7003701046035076,True,nan,1.0,1.0,0.5,-1.25,0.5,hm,91
1,11,1.0,11.0,late,3.0,False,True,2,True,1,2,0.3,0.7,False,False,4.0,right,0.0,1.0,2.0,0.9968965874192008,True,nan,0.0,0.0,-0.25,-1.5,0.25,hm,91
1,12,1.0,12.0,late,3.0,False,True,2,True,1,2,0.3,0.7,True,False,4.0,right,0.0,1.0,2.0,0.7434730245325909,True,nan,1.0,1.0,0.5,-1.0,0.5,hm,91
1,13,1.0,13.0,late,3.0,False,True,2,False,2,1,0.3,0.7,True,True,1.0,left,0.0,1.0,2.0,1.334405535059318,True,nan,0.0,0.0,-0.5,-1.5,0.5,hm,91
1,14,2.0,1.0,early,1.0,True,False,1,False,2,1,0.7,0.3,False,False,1.0,left,0.0,1.0,2.0,0.3306153425234015,False,nan,0.0,0.0,-0.5,-2.0,0.5,hm,91
1,15,2.0,2.0,early,1.0,True,False,1,False,2,1,0.7,0.3,False,False,1.0,left,0.0,1.0,2.0,0.7919549387894449,False,nan,0.0,0.0,-0.5,-2.5,0.5,hm,91
1,16,2.0,3.0,early,1.0,True,False,1,True,1,2,0.7,0.3,False,False,1.0,left,1.0,0.0,1.0,0.45886842005711515,True,0.0,nan,0.0,-0.25,-2.75,0.25,hm,91
1,17,2.0,4.0,early,1.0,True,False,1,True,1,2,0.7,0.3,False,False,1.0,left,1.0,0.0,1.0,1.4261507742990034,True,0.0,nan,0.0,-0.75,-3.5,0.75,hm,91
1,18,2.0,5.0,early,1.0,True,False,1,False,2,1,0.7,0.3,False,False,4.0,right,1.0,0.0,1.0,0.40257445712268236,True,1.0,nan,1.0,0.75,-2.75,0.75,hm,91
1,19,2.0,6.0,early,2.0,True,False,1,True,1,2,0.7,0.3,False,False,4.0,right,0.0,1.0,2.0,0.33810012970229764,False,nan,1.0,1.0,0.25,-2.5,0.25,hm,91
1,20,2.0,7.0,early,2.0,True,False,1,False,2,1,0.7,0.3,False,False,4.0,right,1.0,0.0,1.0,0.40048156705472593,True,1.0,nan,1.0,0.5,-2.0,0.5,hm,91
1,21,2.0,8.0,early,2.0,True,False,1,True,1,2,0.7,0.3,False,False,4.0,right,0.0,1.0,2.0,0.6743827264577931,False,nan,1.0,1.0,0.5,-1.5,0.5,hm,91
1,22,2.0,9.0,early,2.0,True,False,1,True,1,2,0.7,0.3,False,False,4.0,right,0.0,1.0,2.0,0.41450953149114866,False,nan,0.0,0.0,-0.25,-1.75,0.25,hm,91
1,23,2.0,10.0,early,2.0,True,False,1,False,2,1,0.7,0.3,False,False,1.0,left,0.0,1.0,2.0,0.6552223867979592,False,nan,1.0,1.0,0.25,-1.5,0.25,hm,91
1,24,2.0,11.0,early,3.0,True,False,1,False,2,1,0.7,0.3,False,False,1.0,left,0.0,1.0,2.0,0.6889197643365605,False,nan,0.0,0.0,-0.5,-2.0,0.5,hm,91
1,25,2.0,12.0,early,3.0,True,False,1,False,2,1,0.7,0.3,False,False,1.0,left,0.0,1.0,2.0,0.38737175293397286,False,nan,1.0,1.0,0.75,-1.25,0.75,hm,91
1,26,2.0,13.0,early,3.0,True,False,1,False,2,1,0.7,0.3,False,False,1.0,left,0.0,1.0,2.0,0.6256993528375006,False,nan,1.0,1.0,0.5,-0.75,0.5,hm,91
1,27,2.0,14.0,late,3.0,True,False,1,False,2,1,0.7,0.3,False,False,4.0,right,1.0,0.0,1.0,1.267265316703174,True,1.0,nan,1.0,0.5,-0.25,0.5,hm,91
1,28,2.0,15.0,late,3.0,True,False,1,True,1,2,0.7,0.3,False,False,4.0,right,0.0,1.0,2.0,1.0360383529363162,False,nan,0.0,0.0,-0.5,-0.75,0.5,hm,91
1,29,2.0,16.0,late,4.0,True,False,1,False,2,1,0.7,0.3,False,False,4.0,right,1.0,0.0,1.0,0.4624243097816816,True,0.0,nan,0.0,-0.75,-1.5,0.75,hm,91
1,30,2.0,17.0,late,4.0,True,False,1,True,1,2,0.7,0.3,False,False,1.0,left,1.0,0.0,1.0,0.5549566187904702,True,1.0,nan,1.0,0.25,-1.25,0.25,hm,91
1,31,2.0,18.0,late,4.0,True,False,1,True,1,2,0.7,0.3,False,False,1.0,left,1.0,0.0,1.0,0.8163728693178882,True,1.0,nan,1.0,0.75,-0.5,0.75,hm,91
1,32,2.0,19.0,late,4.0,True,False,1,False,2,1,0.7,0.3,False,False,1.0,left,0.0,1.0,2.0,0.9301264443419086,False,nan,0.0,0.0,-0.5,-1.0,0.5,hm,91
1,33,2.0,20.0,late,4.0,True,False,1,True,1,2,0.7,0.3,False,False,1.0,left,1.0,0.0,1.0,0.7065710648637378,True,1.0,nan,1.0,0.75,-0.25,0.75,hm,91
1,34,2.0,21.0,late,5.0,True,False,1,False,2,1,0.7,0.3,False,False,1.0,left,0.0,1.0,2.0,0.575182317791473,False,nan,1.0,1.0,0.75,0.5,0.75,hm,91
1,35,2.0,22.0,late,5.0,True,False,1,False,2,1,0.7,0.3,False,False,1.0,left,0.0,1.0,2.0,0.48248813750387853,False,nan,1.0,1.0,0.5,1.0,0.5,hm,91
1,36,2.0,23.0,late,5.0,True,False,1,True,1,2,0.7,0.3,False,False,1.0,left,1.0,0.0,1.0,0.4491757907427427,True,0.0,nan,0.0,-0.5,0.5,0.5,hm,91
1,37,2.0,24.0,late,5.0,True,False,1,True,1,2,0.7,0.3,False,False,1.0,left,1.0,0.0,1.0,0.5738462932503126,True,1.0,nan,1.0,0.25,0.75,0.25,hm,91
1,38,2.0,25.0,late,5.0,True,False,1,False,2,1,0.7,0.3,False,False,4.0,right,1.0,0.0,1.0,0.5546158680185727,True,1.0,nan,1.0,0.25,1.0,0.25,hm,91
1,39,2.0,26.0,late,6.0,True,False,1,False,2,1,0.7,0.3,True,False,4.0,right,1.0,0.0,1.0,0.42022839685557756,True,1.0,nan,1.0,0.5,1.5,0.5,hm,91
1,40,2.0,27.0,late,6.0,True,False,1,False,2,1,0.7,0.3,True,True,4.0,right,1.0,0.0,1.0,0.7177923807305433,True,0.0,nan,0.0,-0.25,1.25,0.25,hm,91
1,41,3.0,1.0,early,1.0,False,True,2,False,2,1,0.3,0.7,False,False,1.0,left,0.0,1.0,2.0,0.4796958579427155,True,nan,1.0,1.0,0.25,1.5,0.25,hm,91
1,42,3.0,2.0,early,1.0,False,True,2,True,1,2,0.3,0.7,False,False,1.0,left,1.0,0.0,1.0,0.4513179459825096,False,0.0,nan,0.0,-0.5,1.0,0.5,hm,91
1,43,3.0,3.0,early,1.0,False,True,2,False,2,1,0.3,0.7,False,False,4.0,right,1.0,0.0,1.0,0.3297268099598796,False,0.0,nan,0.0,-0.25,0.75,0.25,hm,91
1,44,3.0,4.0,early,1.0,False,True,2,False,2,1,0.3,0.7,False,False,1.0,left,0.0,1.0,2.0,0.5381586614184926,True,nan,1.0,1.0,0.75,1.5,0.75,hm,91
1,45,3.0,5.0,early,1.0,False,True,2,True,1,2,0.3,0.7,False,False,1.0,left,1.0,0.0,1.0,0.5926104588199905,False,1.0,nan,1.0,0.5,2.0,0.5,hm,91
1,46,3.0,6.0,early,2.0,False,True,2,True,1,2,0.3,0.7,False,False,1.0,left,1.0,0.0,1.0,0.47023166653821136,False,0.0,nan,0.0,-0.25,1.75,0.25,hm,91
1,47,3.0,7.0,early,2.0,False,True,2,True,1,2,0.3,0.7,False,False,1.0,left,1.0,0.0,1.0,0.6899519869846245,False,1.0,nan,1.0,0.25,2.0,0.25,hm,91
1,48,3.0,8.0,early,2.0,False,True,2,False,2,1,0.3,0.7,False,False,1.0,left,0.0,1.0,2.0,0.3429351544243673,True,nan,0.0,0.0,-0.75,1.25,0.75,hm,91
1,49,3.0,9.0,early,2.0,False,True,2,False,2,1,0.3,0.7,False,False,1.0,left,0.0,1.0,2.0,0.43808379595202496,True,nan,1.0,1.0,0.5,1.75,0.5,hm,91
1,50,3.0,10.0,early,2.0,False,True,2,True,1,2,0.3,0.7,False,False,1.0,left,1.0,0.0,1.0,0.5414582549512943,False,0.0,nan,0.0,-0.5,1.25,0.5,hm,91
1,51,3.0,11.0,early,3.0,False,True,2,False,2,1,0.3,0.7,False,False,4.0,right,1.0,0.0,1.0,0.3770624292362754,False,0.0,nan,0.0,-0.75,0.5,0.75,hm,91
1,52,3.0,12.0,early,3.0,False,True,2,False,2,1,0.3,0.7,False,False,4.0,right,1.0,0.0,1.0,0.4110169827017671,False,1.0,nan,1.0,0.75,1.25,0.75,hm,91
1,53,3.0,13.0,late,3.0,False,True,2,False,2,1,0.3,0.7,False,False,nan,nan,nan,nan,nan,nan,False,nan,nan,nan,nan,nan,nan,hm,91
1,54,3.0,14.0,late,3.0,False,True,2,False,2,1,0.3,0.7,False,False,1.0,left,0.0,1.0,2.0,0.3880397652044394,True,nan,1.0,1.0,0.75,2.0,0.75,hm,91
1,55,3.0,15.0,late,3.0,False,True,2,False,2,1,0.3,0.7,False,False,1.0,left,0.0,1.0,2.0,0.4589716423217851,True,nan,0.0,0.0,-0.25,1.75,0.25,hm,91
1,56,3.0,16.0,late,4.0,False,True,2,False,2,1,0.3,0.7,False,False,4.0,right,1.0,0.0,1.0,0.36448485491837346,False,0.0,nan,0.0,-0.75,1.0,0.75,hm,91
1,57,3.0,17.0,late,4.0,False,True,2,False,2,1,0.3,0.7,False,False,4.0,right,1.0,0.0,1.0,0.3680501284852653,False,0.0,nan,0.0,-0.25,0.75,0.25,hm,91
1,58,3.0,18.0,late,4.0,False,True,2,False,2,1,0.3,0.7,False,False,4.0,right,1.0,0.0,1.0,0.38364842027408486,False,0.0,nan,0.0,-0.5,0.25,0.5,hm,91
1,59,3.0,19.0,late,4.0,False,True,2,False,2,1,0.3,0.7,False,False,1.0,left,0.0,1.0,2.0,0.4450867814798585,True,nan,1.0,1.0,0.25,0.5,0.25,hm,91
1,60,3.0,20.0,late,4.0,False,True,2,False,2,1,0.3,0.7,False,False,1.0,left,0.0,1.0,2.0,1.1413725687416445,True,nan,0.0,0.0,-0.5,0.0,0.5,hm,91
1,61,3.0,21.0,late,5.0,False,True,2,False,2,1,0.3,0.7,False,False,1.0,left,0.0,1.0,2.0,0.5811545468968689,True,nan,1.0,1.0,0.5,0.5,0.5,hm,91
1,62,3.0,22.0,late,5.0,False,True,2,False,2,1,0.3,0.7,True,False,1.0,left,0.0,1.0,2.0,0.5758629396000288,True,nan,1.0,1.0,0.5,1.0,0.5,hm,91
1,63,3.0,23.0,late,5.0,False,True,2,True,1,2,0.3,0.7,True,False,4.0,right,0.0,1.0,2.0,1.174979040308699,True,nan,0.0,0.0,-0.75,0.25,0.75,hm,91
1,64,3.0,24.0,late,5.0,False,True,2,False,2,1,0.3,0.7,True,False,4.0,right,1.0,0.0,1.0,1.795689708007103,False,0.0,nan,0.0,-0.5,-0.25,0.5,hm,91
1,65,3.0,25.0,late,5.0,False,True,2,True,1,2,0.3,0.7,True,True,1.0,left,1.0,0.0,1.0,0.9102224351834138,False,1.0,nan,1.0,0.25,0.0,0.25,hm,91
1,66,4.0,1.0,early,1.0,True,False,1,True,1,2,0.7,0.3,False,False,4.0,right,0.0,1.0,2.0,0.5184317722823835,False,nan,1.0,1.0,0.25,0.25,0.25,hm,91
1,67,4.0,2.0,early,1.0,True,False,1,True,1,2,0.7,0.3,False,False,4.0,right,0.0,1.0,2.0,0.9360309338360366,False,nan,1.0,1.0,0.25,0.5,0.25,hm,91
1,68,4.0,3.0,late,1.0,True,False,1,False,2,1,0.7,0.3,False,False,4.0,right,1.0,0.0,1.0,1.3836012078177191,True,1.0,nan,1.0,0.75,1.25,0.75,hm,91
1,69,4.0,4.0,late,1.0,True,False,1,False,2,1,0.7,0.3,False,False,1.0,left,0.0,1.0,2.0,0.6395757095724548,False,nan,0.0,0.0,-0.75,0.5,0.75,hm,91
1,70,4.0,5.0,late,1.0,True,False,1,True,1,2,0.7,0.3,False,False,1.0,left,1.0,0.0,1.0,1.0751138450675626,True,1.0,nan,1.0,0.5,1.0,0.5,hm,91
