sessNo,trialNo,block,blockTrialNo,trialClass,blockBin,stim1_High,stim2_High,stimHigh,stim1_left,leftStim,rightStim,stim1_pWin,stim2_pWin,reverseStatus,reverseTrial,responseKey,response_LR,selected_stim1,selected_stim2,response_stimID,RT,highChosen,stim1_isWin,stim2_isWin,isWin,payOut,accum_payOut,abs_outMag,instructCond,subID
1,1,1.0,1.0,early,1.0,False,True,2,False,2,1,0.3,0.7,False,False,4.0,right,1.0,0.0,1,2.0412540097604506,False,0.0,nan,0,-0.75,-0.75,0.75,rl,90
1,2,1.0,2.0,early,1.0,False,True,2,True,1,2,0.3,0.7,False,False,4.0,right,0.0,1.0,2,1.49480472371215,True,nan,1.0,1,0.25,-0.5,0.25,rl,90
1,3,1.0,3.0,late,1.0,False,True,2,False,2,1,0.3,0.7,False,False,1.0,left,0.0,1.0,2,0.8022833233990241,True,nan,1.0,1,0.25,-0.25,0.25,rl,90
1,4,1.0,4.0,late,1.0,False,True,2,False,2,1,0.3,0.7,False,False,1.0,left,0.0,1.0,2,0.8387621304718778,True,nan,0.0,0,-0.75,-1.0,0.75,rl,90
1,5,1.0,5.0,late,1.0,False,True,2,False,2,1,0.3,0.7,True,True,1.0,left,0.0,1.0,2,1.5973531113413628,True,nan,0.0,0,-0.5,-1.5,0.5,rl,90
1,6,2.0,1.0,early,1.0,True,False,1,False,2,1,0.7,0.3,False,False,4.0,right,1.0,0.0,1,0.7979339125449769,True,1.0,nan,1,0.75,-0.75,0.75,rl,90
1,7,2.0,2.0,early,1.0,True,False,1,False,2,1,0.7,0.3,False,False,4.0,right,1.0,0.0,1,0.8079889927466866,True,0.0,nan,0,-0.5,-1.25,0.5,rl,90
1,8,2.0,3.0,early,1.0,True,False,1,False,2,1,0.7,0.3,False,False,1.0,left,0.0,1.0,2,1.8358771854254883,False,nan,1.0,1,0.25,-1.0,0.25,rl,90
1,9,2.0,4.0,early,1.0,True,False,1,True,1,2,0.7,0.3,False,False,1.0,left,1.0,0.0,1,1.2523291722754948,True,1.0,nan,1,0.25,-0.75,0.25,rl,90
1,10,2.0,5.0,early,1.0,True,False,1,True,1,2,0.7,0.3,False,False,4.0,right,0.0,1.0,2,1.331432323291665,False,nan,0.0,0,-0.75,-1.5,0.75,rl,90
1,11,2.0,6.0,early,2.0,True,False,1,True,1,2,0.7,0.3,False,False,4.0,right,0.0,1.0,2,0.9359722848166712,False,nan,0.0,0,-0.25,-1.75,0.25,rl,90
1,12,2.0,7.0,early,2.0,True,False,1,True,1,2,0.7,0.3,False,False,1.0,left,1.0,0.0,1,0.9010731889866292,True,1.0,nan,1,0.25,-1.5,0.25,rl,90
1,13,2.0,8.0,early,2.0,True,False,1,True,1,2,0.7,0.3,False,False,4.0,right,0.0,1.0,2,0.8218638832622673,False,nan,0.0,0,-0.75,-2.25,0.75,rl,90
1,14,2.0,9.0,early,2.0,True,False,1,False,2,1,0.7,0.3,False,False,4.0,right,1.0,0.0,1,0.6408410620351788,True,1.0,nan,1,0.5,-1.75,0.5,rl,90
1,15,2.0,10.0,early,2.0,True,False,1,False,2,1,0.7,0.3,False,False,4.0,right,1.0,0.0,1,1.371713639178779,True,0.0,nan,0,-0.5,-2.25,0.5,rl,90
1,16,2.0,11.0,early,3.0,True,False,1,True,1,2,0.7,0.3,False,False,4.0,right,0.0,1.0,2,0.8211363422451541,False,nan,0.0,0,-0.5,-2.75,0.5,rl,90
1,17,2.0,12.0,early,3.0,True,False,1,False,2,1,0.7,0.3,False,False,4.0,right,1.0,0.0,1,1.0405728014593478,True,1.0,nan,1,0.5,-2.25,0.5,rl,90
1,18,2.0,13.0,early,3.0,True,False,1,False,2,1,0.7,0.3,False,False,1.0,left,0.0,1.0,2,0.5961610701342579,False,nan,0.0,0,-0.75,-3.0,0.75,rl,90
1,19,2.0,14.0,early,3.0,True,False,1,True,1,2,0.7,0.3,False,False,4.0,right,0.0,1.0,2,1.1496101160300896,False,nan,0.0,0,-0.25,-3.25,0.25,rl,90
1,20,2.0,15.0,early,3.0,True,False,1,True,1,2,0.7,0.3,False,False,1.0,left,1.0,0.0,1,0.47619157933513634,True,1.0,nan,1,0.75,-2.5,0.75,rl,90
1,21,2.0,16.0,early,4.0,True,False,1,True,1,2,0.7,0.3,False,False,1.0,left,1.0,0.0,1,0.6821235165698454,True,0.0,nan,0,-0.5,-3.0,0.5,rl,90
1,22,2.0,17.0,early,4.0,True,False,1,False,2,1,0.7,0.3,False,False,1.0,left,0.0,1.0,2,0.5592180561507121,False,nan,1.0,1,0.75,-2.25,0.75,rl,90
1,23,2.0,18.0,late,4.0,True,False,1,False,2,1,0.7,0.3,False,False,1.0,left,0.0,1.0,2,1.2260154123650864,False,nan,0.0,0,-0.5,-2.75,0.5,rl,90
1,24,2.0,19.0,late,4.0,True,False,1,False,2,1,0.7,0.3,False,False,4.0,right,1.0,0.0,1,1.2694165625434835,True,1.0,nan,1,0.75,-2.0,0.75,rl,90
1,25,2.0,20.0,late,4.0,True,False,1,False,2,1,0.7,0.3,False,False,1.0,left,0.0,1.0,2,0.4633629872696474,False,nan,0.0,0,-0.25,-2.25,0.25,rl,90
1,26,2.0,21.0,late,5.0,True,False,1,True,1,2,0.7,0.3,False,False,1.0,left,1.0,0.0,1,1.823557960044127,True,1.0,nan,1,0.5,-1.75,0.5,rl,90
1,27,2.0,22.0,late,5.0,True,False,1,True,1,2,0.7,0.3,False,False,4.0,right,0.0,1.0,2,1.2048038234352134,False,nan,1.0,1,0.25,-1.5,0.25,rl,90
1,28,2.0,23.0,late,5.0,True,False,1,False,2,1,0.7,0.3,False,False,1.0,left,0.0,1.0,2,0.8306876274291426,False,nan,0.0,0,-0.25,-1.75,0.25,rl,90
1,29,2.0,24.0,late,5.0,True,False,1,False,2,1,0.7,0.3,False,False,4.0,right,1.0,0.0,1,0.5507265586347785,True,1.0,nan,1,0.5,-1.25,0.5,rl,90
1,30,2.0,25.0,late,5.0,True,False,1,True,1,2,0.7,0.3,False,False,1.0,left,1.0,0.0,1,1.0872093244979624,True,0.0,nan,0,-0.75,-2.0,0.75,rl,90
1,31,2.0,26.0,late,6.0,True,False,1,False,2,1,0.7,0.3,False,False,1.0,left,0.0,1.0,2,1.021833561710082,False,nan,1.0,1,0.25,-1.75,0.25,rl,90
1,32,2.0,27.0,late,6.0,True,False,1,True,1,2,0.7,0.3,False,False,1.0,left,1.0,0.0,1,0.8267012539436109,True,1.0,nan,1,0.5,-1.25,0.5,rl,90
1,33,2.0,28.0,late,6.0,True,False,1,False,2,1,0.7,0.3,False,False,1.0,left,0.0,1.0,2,1.2972897997533437,False,nan,0.0,0,-0.5,-1.75,0.5,rl,90
1,34,2.0,29.0,late,6.0,True,False,1,False,2,1,0.7,0.3,False,False,4.0,right,1.0,0.0,1,0.44240007014013827,True,1.0,nan,1,0.25,-1.5,0.25,rl,90
1,35,2.0,30.0,late,6.0,True,False,1,True,1,2,0.7,0.3,False,False,4.0,right,0.0,1.0,2,0.45209006025106646,False,nan,1.0,1,0.5,-1.0,0.5,rl,90
1,36,2.0,31.0,late,7.0,True,False,1,True,1,2,0.7,0.3,False,False,1.0,left,1.0,0.0,1,0.49865209904965013,True,0.0,nan,0,-0.75,-1.75,0.75,rl,90
1,37,2.0,32.0,late,7.0,True,False,1,False,2,1,0.7,0.3,False,False,4.0,right,1.0,0.0,1,0.9535364915500395,True,1.0,nan,1,0.5,-1.25,0.5,rl,90
1,38,2.0,33.0,late,7.0,True,False,1,False,2,1,0.7,0.3,False,False,4.0,right,1.0,0.0,1,0.6926340063801035,True,0.0,nan,0,-0.25,-1.5,0.25,rl,90
1,39,2.0,34.0,late,7.0,True,False,1,True,1,2,0.7,0.3,True,False,1.0,left,1.0,0.0,1,1.2071181135543156,True,1.0,nan,1,0.75,-0.75,0.75,rl,90
1,40,2.0,35.0,late,7.0,True,False,1,True,1,2,0.7,0.3,True,True,4.0,right,0.0,1.0,2,0.5083365174941719,False,nan,0.0,0,-0.75,-1.5,0.75,rl,90
1,41,3.0,1.0,early,1.0,False,True,2,True,1,2,0.3,0.7,False,False,1.0,left,1.0,0.0,1,0.6357063408649992,False,0.0,nan,0,-0.5,-2.0,0.5,rl,90
1,42,3.0,2.0,early,1.0,False,True,2,True,1,2,0.3,0.7,False,False,4.0,right,0.0,1.0,2,0.4307262771180831,True,nan,1.0,1,0.5,-1.5,0.5,rl,90
1,43,3.0,3.0,early,1.0,False,True,2,True,1,2,0.3,0.7,False,False,1.0,left,1.0,0.0,1,1.318204917915864,False,0.0,nan,0,-0.25,-1.75,0.25,rl,90
1,44,3.0,4.0,early,1.0,False,True,2,True,1,2,0.3,0.7,False,False,4.0,right,0.0,1.0,2,0.8635680242150556,True,nan,0.0,0,-0.25,-2.0,0.25,rl,90
1,45,3.0,5.0,early,1.0,False,True,2,False,2,1,0.3,0.7,False,False,4.0,right,1.0,0.0,1,1.0511231725977268,False,1.0,nan,1,0.25,-1.75,0.25,rl,90
1,46,3.0,6.0,early,2.0,False,True,2,True,1,2,0.3,0.7,False,False,4.0,right,0.0,1.0,2,1.2676758597954176,True,nan,1.0,1,0.5,-1.25,0.5,rl,90
1,47,3.0,7.0,early,2.0,False,True,2,False,2,1,0.3,0.7,False,False,1.0,left,0.0,1.0,2,0.8004654972464778,True,nan,1.0,1,0.75,-0.5,0.75,rl,90
1,48,3.0,8.0,early,2.0,False,True,2,False,2,1,0.3,0.7,False,False,1.0,left,0.0,1.0,2,0.8245112997537944,True,nan,0.0,0,-0.5,-1.0,0.5,rl,90
1,49,3.0,9.0,early,2.0,False,True,2,False,2,1,0.3,0.7,False,False,4.0,right,1.0,0.0,1,0.469513509364333,False,1.0,nan,1,0.75,-0.25,0.75,rl,90
1,50,3.0,10.0,early,2.0,False,True,2,True,1,2,0.3,0.7,False,False,4.0,right,0.0,1.0,2,1.281064549984876,True,nan,0.0,0,-0.75,-1.0,0.75,rl,90
1,51,3.0,11.0,late,3.0,False,True,2,True,1,2,0.3,0.7,False,False,4.0,right,0.0,1.0,2,1.463485856918851,True,nan,1.0,1,0.5,-0.5,0.5,rl,90
1,52,3.0,12.0,late,3.0,False,True,2,True,1,2,0.3,0.7,False,False,1.0,left,1.0,0.0,1,0.729296384844929,False,1.0,nan,1,0.25,-0.25,0.25,rl,90
1,53,3.0,13.0,late,3.0,False,True,2,False,2,1,0.3,0.7,False,False,1.0,left,0.0,1.0,2,0.5143606509664096,True,nan,1.0,1,0.75,0.5,0.75,rl,90
1,54,3.0,14.0,late,3.0,False,True,2,True,1,2,0.3,0.7,False,False,1.0,left,1.0,0.0,1,0.9255773335462436,False,0.0,nan,0,-0.5,0.0,0.5,rl,90
1,55,3.0,15.0,late,3.0,False,True,2,False,2,1,0.3,0.7,False,False,4.0,right,1.0,0.0,1,1.1176516817649826,False,0.0,nan,0,-0.5,-0.5,0.5,rl,90
1,56,3.0,16.0,late,4.0,False,True,2,True,1,2,0.3,0.7,False,False,4.0,right,0.0,1.0,2,1.0089527720119804,True,nan,1.0,1,0.75,0.25,0.75,rl,90
1,57,3.0,17.0,late,4.0,False,True,2,False,2,1,0.3,0.7,False,False,1.0,left,0.0,1.0,2,1.544101566018071,True,nan,0.0,0,-0.25,0.0,0.25,rl,90
1,58,3.0,18.0,late,4.0,False,True,2,True,1,2,0.3,0.7,False,False,4.0,right,0.0,1.0,2,1.612569304794306,True,nan,1.0,1,0.5,0.5,0.5,rl,90
1,59,3.0,19.0,late,4.0,False,True,2,False,2,1,0.3,0.7,True,False,1.0,left,0.0,1.0,2,1.2566700790484902,True,nan,0.0,0,-0.25,0.25,0.25,rl,90
1,60,3.0,20.0,late,4.0,False,True,2,False,2,1,0.3,0.7,True,True,4.0,right,1.0,0.0,1,0.7499997800914571,False,0.0,nan,0,-0.75,-0.5,0.75,rl,90
1,61,4.0,1.0,early,1.0,True,False,1,False,2,1,0.7,0.3,False,False,1.0,left,0.0,1.0,2,1.529804402613081,False,nan,0.0,0,-0.5,-1.0,0.5,rl,90
1,62,4.0,2.0,early,1.0,True,False,1,False,2,1,0.7,0.3,False,False,4.0,right,1.0,0.0,1,0.701167144725332,True,0.0,nan,0,-0.25,-1.25,0.25,rl,90
1,63,4.0,3.0,early,1.0,True,False,1,False,2,1,0.7,0.3,False,False,1.0,left,0.0,1.0,2,0.5938209744635969,False,nan,1.0,1,0.5,-0.75,0.5,rl,90
1,64,4.0,4.0,early,1.0,True,False,1,False,2,1,0.7,0.3,False,False,1.0,left,0.0,1.0,2,0.7839402577665169,False,nan,1.0,1,0.5,-0.25,0.5,rl,90
1,65,4.0,5.0,early,1.0,True,False,1,True,1,2,0.7,0.3,False,False,1.0,left,1.0,0.0,1,0.46868538530543447,True,1.0,nan,1,0.25,0.0,0.25,rl,90
1,66,4.0,6.0,late,2.0,True,False,1,True,1,2,0.7,0.3,False,False,4.0,right,0.0,1.0,2,0.807130371191306,False,nan,0.0,0,-0.75,-0.75,0.75,rl,90
1,67,4.0,7.0,late,2.0,True,False,1,False,2,1,0.7,0.3,False,False,4.0,right,1.0,0.0,1,1.2998207979253493,True,1.0,nan,1,0.25,-0.5,0.25,rl,90
1,68,4.0,8.0,late,2.0,True,False,1,False,2,1,0.7,0.3,False,False,4.0,right,1.0,0.0,1,0.6182688159751706,True,0.0,nan,0,-0.75,-1.25,0.75,rl,90
1,69,4.0,9.0,late,2.0,True,False,1,True,1,2,0.7,0.3,False,False,1.0,left,1.0,0.0,1,1.1990565132873598,True,1.0,nan,1,0.75,-0.5,0.75,rl,90
1,70,4.0,10.0,late,2.0,True,False,1,True,1,2,0.7,0.3,True,False,1.0,left,1.0,0.0,1,0.6220469854888506,True,1.0,nan,1,0.5,0.0,0.5,rl,90
