sessNo,trialNo,block,blockTrialNo,trialClass,blockBin,stim1_High,stim2_High,stimHigh,stim1_left,leftStim,rightStim,stim1_pWin,stim2_pWin,reverseStatus,reverseTrial,responseKey,response_LR,selected_stim1,selected_stim2,response_stimID,RT,highChosen,stim1_isWin,stim2_isWin,isWin,payOut,accum_payOut,abs_outMag,instructCond,subID
1,1,1.0,1.0,early,1.0,True,False,1,True,1,2,0.65,0.35,False,False,1.0,left,1.0,0.0,1,1.000827956944704,True,1.0,nan,1,0.5,0.5,0.5,hm,9
1,2,1.0,2.0,early,1.0,True,False,1,True,1,2,0.65,0.35,False,False,1.0,left,1.0,0.0,1,0.513871758012101,True,0.0,nan,0,-0.25,0.25,0.25,hm,9
1,3,1.0,3.0,early,1.0,True,False,1,True,1,2,0.65,0.35,False,False,4.0,right,0.0,1.0,2,0.3575038181152195,False,nan,0.0,0,-0.25,0.0,0.25,hm,9
1,4,1.0,4.0,early,1.0,True,False,1,False,2,1,0.65,0.35,False,False,1.0,left,0.0,1.0,2,0.5262736128643155,False,nan,0.0,0,-0.75,-0.75,0.75,hm,9
1,5,1.0,5.0,early,1.0,True,False,1,False,2,1,0.65,0.35,False,False,4.0,right,1.0,0.0,1,0.8482420449145138,True,0.0,nan,0,-0.75,-1.5,0.75,hm,9
1,6,1.0,6.0,early,2.0,True,False,1,False,2,1,0.65,0.35,False,False,4.0,right,1.0,0.0,1,0.5756563150789589,True,0.0,nan,0,-0.5,-2.0,0.5,hm,9
1,7,1.0,7.0,early,2.0,True,False,1,False,2,1,0.65,0.35,False,False,1.0,left,0.0,1.0,2,0.49439547513611615,False,nan,0.0,0,-0.25,-2.25,0.25,hm,9
1,8,1.0,8.0,early,2.0,True,False,1,True,1,2,0.65,0.35,False,False,4.0,right,0.0,1.0,2,0.744102189084515,False,nan,1.0,1,0.5,-1.75,0.5,hm,9
1,9,1.0,9.0,early,2.0,True,False,1,False,2,1,0.65,0.35,False,False,1.0,left,0.0,1.0,2,0.8144573729950935,False,nan,0.0,0,-0.5,-2.25,0.5,hm,9
1,10,1.0,10.0,early,2.0,True,False,1,False,2,1,0.65,0.35,False,False,1.0,left,0.0,1.0,2,0.7966400210279971,False,nan,1.0,1,0.5,-1.75,0.5,hm,9
1,11,1.0,11.0,late,3.0,True,False,1,True,1,2,0.65,0.35,False,False,4.0,right,0.0,1.0,2,0.7694473641458899,False,nan,1.0,1,0.75,-1.0,0.75,hm,9
1,12,1.0,12.0,late,3.0,True,False,1,False,2,1,0.65,0.35,False,False,1.0,left,0.0,1.0,2,0.7360846442170441,False,nan,0.0,0,-0.5,-1.5,0.5,hm,9
1,13,1.0,13.0,late,3.0,True,False,1,True,1,2,0.65,0.35,False,False,4.0,right,0.0,1.0,2,0.46746341697871685,False,nan,0.0,0,-0.25,-1.75,0.25,hm,9
1,14,1.0,14.0,late,3.0,True,False,1,False,2,1,0.65,0.35,False,False,4.0,right,1.0,0.0,1,0.853293219814077,True,1.0,nan,1,0.5,-1.25,0.5,hm,9
1,15,1.0,15.0,late,3.0,True,False,1,True,1,2,0.65,0.35,False,False,1.0,left,1.0,0.0,1,0.6340937581844628,True,1.0,nan,1,0.25,-1.0,0.25,hm,9
1,16,1.0,16.0,late,4.0,True,False,1,False,2,1,0.65,0.35,False,False,4.0,right,1.0,0.0,1,0.6376691800542176,True,1.0,nan,1,0.25,-0.75,0.25,hm,9
1,17,1.0,17.0,late,4.0,True,False,1,True,1,2,0.65,0.35,True,False,1.0,left,1.0,0.0,1,0.46915981196798384,True,0.0,nan,0,-0.5,-1.25,0.5,hm,9
1,18,1.0,18.0,late,4.0,True,False,1,True,1,2,0.65,0.35,True,False,4.0,right,0.0,1.0,2,0.8832556270062923,False,nan,0.0,0,-0.75,-2.0,0.75,hm,9
1,19,1.0,19.0,late,4.0,True,False,1,False,2,1,0.65,0.35,True,False,4.0,right,1.0,0.0,1,0.8045822519343346,True,1.0,nan,1,0.75,-1.25,0.75,hm,9
1,20,1.0,20.0,late,4.0,True,False,1,False,2,1,0.65,0.35,True,True,4.0,right,1.0,0.0,1,0.7258768740575761,True,1.0,nan,1,0.5,-0.75,0.5,hm,9
1,21,2.0,1.0,early,1.0,False,True,2,False,2,1,0.35,0.65,False,False,4.0,right,1.0,0.0,1,0.4097069171257317,False,0.0,nan,0,-0.5,-1.25,0.5,hm,9
1,22,2.0,2.0,early,1.0,False,True,2,False,2,1,0.35,0.65,False,False,1.0,left,0.0,1.0,2,0.5458838390186429,True,nan,1.0,1,0.25,-1.0,0.25,hm,9
1,23,2.0,3.0,early,1.0,False,True,2,True,1,2,0.35,0.65,False,False,4.0,right,0.0,1.0,2,0.849405919900164,True,nan,1.0,1,0.25,-0.75,0.25,hm,9
1,24,2.0,4.0,late,1.0,False,True,2,True,1,2,0.35,0.65,False,False,4.0,right,0.0,1.0,2,0.4894863779190928,True,nan,1.0,1,0.25,-0.5,0.25,hm,9
1,25,2.0,5.0,late,1.0,False,True,2,True,1,2,0.35,0.65,True,False,4.0,right,0.0,1.0,2,0.4669392630457878,True,nan,1.0,1,0.75,0.25,0.75,hm,9
1,26,2.0,6.0,late,2.0,False,True,2,True,1,2,0.35,0.65,True,True,4.0,right,0.0,1.0,2,0.4458546550013125,True,nan,0.0,0,-0.75,-0.5,0.75,hm,9
1,27,3.0,1.0,early,1.0,True,False,1,True,1,2,0.65,0.35,False,False,1.0,left,1.0,0.0,1,0.3789257719181478,True,0.0,nan,0,-0.5,-1.0,0.5,hm,9
1,28,3.0,2.0,early,1.0,True,False,1,False,2,1,0.65,0.35,False,False,1.0,left,0.0,1.0,2,0.5101029421202838,False,nan,0.0,0,-0.75,-1.75,0.75,hm,9
1,29,3.0,3.0,early,1.0,True,False,1,True,1,2,0.65,0.35,False,False,4.0,right,0.0,1.0,2,0.5091809360310435,False,nan,0.0,0,-0.25,-2.0,0.25,hm,9
1,30,3.0,4.0,early,1.0,True,False,1,True,1,2,0.65,0.35,False,False,1.0,left,1.0,0.0,1,0.4183501999359578,True,0.0,nan,0,-0.75,-2.75,0.75,hm,9
1,31,3.0,5.0,early,1.0,True,False,1,False,2,1,0.65,0.35,False,False,4.0,right,1.0,0.0,1,0.8745699299033731,True,1.0,nan,1,0.25,-2.5,0.25,hm,9
1,32,3.0,6.0,early,2.0,True,False,1,False,2,1,0.65,0.35,False,False,4.0,right,1.0,0.0,1,0.6455878000706434,True,0.0,nan,0,-0.25,-2.75,0.25,hm,9
1,33,3.0,7.0,early,2.0,True,False,1,True,1,2,0.65,0.35,False,False,4.0,right,0.0,1.0,2,0.9003734390717,False,nan,0.0,0,-0.25,-3.0,0.25,hm,9
1,34,3.0,8.0,early,2.0,True,False,1,True,1,2,0.65,0.35,False,False,1.0,left,1.0,0.0,1,0.4066154700703919,True,1.0,nan,1,0.5,-2.5,0.5,hm,9
1,35,3.0,9.0,early,2.0,True,False,1,False,2,1,0.65,0.35,False,False,4.0,right,1.0,0.0,1,0.6553808748722076,True,1.0,nan,1,0.25,-2.25,0.25,hm,9
1,36,3.0,10.0,late,2.0,True,False,1,False,2,1,0.65,0.35,False,False,4.0,right,1.0,0.0,1,0.4736753790639341,True,1.0,nan,1,0.25,-2.0,0.25,hm,9
1,37,3.0,11.0,late,3.0,True,False,1,False,2,1,0.65,0.35,True,False,4.0,right,1.0,0.0,1,0.6414971989579499,True,1.0,nan,1,0.75,-1.25,0.75,hm,9
1,38,3.0,12.0,late,3.0,True,False,1,False,2,1,0.65,0.35,True,False,4.0,right,1.0,0.0,1,0.5629171950276941,True,0.0,nan,0,-0.25,-1.5,0.25,hm,9
1,39,3.0,13.0,late,3.0,True,False,1,True,1,2,0.65,0.35,True,False,1.0,left,1.0,0.0,1,0.8332049329765141,True,0.0,nan,0,-0.5,-2.0,0.5,hm,9
1,40,3.0,14.0,late,3.0,True,False,1,True,1,2,0.65,0.35,True,False,4.0,right,0.0,1.0,2,0.6608414771035314,False,nan,1.0,1,0.75,-1.25,0.75,hm,9
1,41,3.0,15.0,late,3.0,True,False,1,True,1,2,0.65,0.35,True,False,4.0,right,0.0,1.0,2,0.7186983588617295,False,nan,0.0,0,-0.25,-1.5,0.25,hm,9
1,42,3.0,16.0,late,4.0,True,False,1,False,2,1,0.65,0.35,True,False,4.0,right,1.0,0.0,1,0.5349643449299037,True,0.0,nan,0,-0.5,-2.0,0.5,hm,9
1,43,3.0,17.0,late,4.0,True,False,1,False,2,1,0.65,0.35,True,False,1.0,left,0.0,1.0,2,0.6671325820498168,False,nan,0.0,0,-0.25,-2.25,0.25,hm,9
1,44,3.0,18.0,late,4.0,True,False,1,True,1,2,0.65,0.35,True,False,4.0,right,0.0,1.0,2,0.5743378489278257,False,nan,1.0,1,0.5,-1.75,0.5,hm,9
1,45,3.0,19.0,late,4.0,True,False,1,False,2,1,0.65,0.35,True,True,1.0,left,0.0,1.0,2,0.5495102209970355,False,nan,1.0,1,0.5,-1.25,0.5,hm,9
1,46,4.0,1.0,early,1.0,False,True,2,False,2,1,0.35,0.65,False,False,1.0,left,0.0,1.0,2,0.6421911080833524,True,nan,1.0,1,0.75,-0.5,0.75,hm,9
1,47,4.0,2.0,early,1.0,False,True,2,False,2,1,0.35,0.65,False,False,1.0,left,0.0,1.0,2,0.5538136491086334,True,nan,0.0,0,-0.5,-1.0,0.5,hm,9
1,48,4.0,3.0,early,1.0,False,True,2,True,1,2,0.35,0.65,False,False,1.0,left,1.0,0.0,1,0.5685246440116316,False,1.0,nan,1,0.75,-0.25,0.75,hm,9
1,49,4.0,4.0,early,1.0,False,True,2,False,2,1,0.35,0.65,False,False,4.0,right,1.0,0.0,1,0.5147645459510386,False,0.0,nan,0,-0.75,-1.0,0.75,hm,9
1,50,4.0,5.0,early,1.0,False,True,2,False,2,1,0.35,0.65,False,False,1.0,left,0.0,1.0,2,0.960797615814954,True,nan,0.0,0,-0.5,-1.5,0.5,hm,9
1,51,4.0,6.0,early,2.0,False,True,2,True,1,2,0.35,0.65,False,False,1.0,left,1.0,0.0,1,0.6792144130449742,False,1.0,nan,1,0.75,-0.75,0.75,hm,9
1,52,4.0,7.0,early,2.0,False,True,2,True,1,2,0.35,0.65,False,False,1.0,left,1.0,0.0,1,0.5243765921331942,False,1.0,nan,1,0.5,-0.25,0.5,hm,9
1,53,4.0,8.0,early,2.0,False,True,2,False,2,1,0.35,0.65,False,False,4.0,right,1.0,0.0,1,0.588345062918961,False,0.0,nan,0,-0.75,-1.0,0.75,hm,9
1,54,4.0,9.0,early,2.0,False,True,2,False,2,1,0.35,0.65,False,False,1.0,left,0.0,1.0,2,0.7230004169978201,True,nan,1.0,1,0.75,-0.25,0.75,hm,9
1,55,4.0,10.0,early,2.0,False,True,2,False,2,1,0.35,0.65,False,False,1.0,left,0.0,1.0,2,0.5370626640506089,True,nan,1.0,1,0.25,0.0,0.25,hm,9
1,56,4.0,11.0,early,3.0,False,True,2,True,1,2,0.35,0.65,False,False,4.0,right,0.0,1.0,2,0.6783457440324128,True,nan,1.0,1,0.5,0.5,0.5,hm,9
1,57,4.0,12.0,early,3.0,False,True,2,True,1,2,0.35,0.65,True,False,4.0,right,0.0,1.0,2,1.0417788799386472,True,nan,1.0,1,0.75,1.25,0.75,hm,9
1,58,4.0,13.0,late,3.0,False,True,2,False,2,1,0.35,0.65,True,False,1.0,left,0.0,1.0,2,0.47500930493697524,True,nan,1.0,1,0.25,1.5,0.25,hm,9
1,59,4.0,14.0,late,3.0,False,True,2,True,1,2,0.35,0.65,True,False,4.0,right,0.0,1.0,2,0.9279303059447557,True,nan,1.0,1,0.25,1.75,0.25,hm,9
1,60,4.0,15.0,late,3.0,False,True,2,False,2,1,0.35,0.65,True,False,1.0,left,0.0,1.0,2,0.534360527060926,True,nan,0.0,0,-0.75,1.0,0.75,hm,9
1,61,4.0,16.0,late,4.0,False,True,2,False,2,1,0.35,0.65,True,False,4.0,right,1.0,0.0,1,0.40382558992132545,False,0.0,nan,0,-0.75,0.25,0.75,hm,9
1,62,4.0,17.0,late,4.0,False,True,2,True,1,2,0.35,0.65,True,False,4.0,right,0.0,1.0,2,0.4496428759302944,True,nan,1.0,1,0.5,0.75,0.5,hm,9
1,63,4.0,18.0,late,4.0,False,True,2,True,1,2,0.35,0.65,True,False,4.0,right,0.0,1.0,2,0.3850618228316307,True,nan,0.0,0,-0.25,0.5,0.25,hm,9
1,64,4.0,19.0,late,4.0,False,True,2,False,2,1,0.35,0.65,True,False,4.0,right,1.0,0.0,1,0.639929907862097,False,0.0,nan,0,-0.75,-0.25,0.75,hm,9
1,65,4.0,20.0,late,4.0,False,True,2,False,2,1,0.35,0.65,True,False,1.0,left,0.0,1.0,2,0.885638833977282,True,nan,1.0,1,0.5,0.25,0.5,hm,9
1,66,4.0,21.0,late,5.0,False,True,2,True,1,2,0.35,0.65,True,False,1.0,left,1.0,0.0,1,0.5710149640217423,False,0.0,nan,0,-0.75,-0.5,0.75,hm,9
1,67,4.0,22.0,late,5.0,False,True,2,True,1,2,0.35,0.65,True,False,4.0,right,0.0,1.0,2,0.46780652506276965,True,nan,1.0,1,0.75,0.25,0.75,hm,9
1,68,4.0,23.0,late,5.0,False,True,2,False,2,1,0.35,0.65,True,False,1.0,left,0.0,1.0,2,0.6159110399894416,True,nan,0.0,0,-0.75,-0.5,0.75,hm,9
1,69,4.0,24.0,late,5.0,False,True,2,False,2,1,0.35,0.65,True,False,4.0,right,1.0,0.0,1,0.4658350241370499,False,1.0,nan,1,0.5,0.0,0.5,hm,9
1,70,4.0,25.0,late,5.0,False,True,2,False,2,1,0.35,0.65,True,False,4.0,right,1.0,0.0,1,0.862261489033699,False,1.0,nan,1,0.25,0.25,0.25,hm,9
