sessNo,trialNo,block,blockTrialNo,trialClass,blockBin,stim1_High,stim2_High,stimHigh,stim1_left,leftStim,rightStim,stim1_pWin,stim2_pWin,reverseStatus,reverseTrial,responseKey,response_LR,selected_stim1,selected_stim2,response_stimID,RT,highChosen,stim1_isWin,stim2_isWin,isWin,payOut,accum_payOut,abs_outMag,instructCond,subID
1,1,1.0,1.0,early,1.0,False,True,2,False,2,1,0.3,0.7,False,False,1.0,left,0.0,1.0,2.0,1.1198140708729625,True,nan,1.0,1.0,0.5,0.5,0.5,rl,94
1,2,1.0,2.0,early,1.0,False,True,2,False,2,1,0.3,0.7,False,False,1.0,left,0.0,1.0,2.0,0.5023191284853965,True,nan,1.0,1.0,0.75,1.25,0.75,rl,94
1,3,1.0,3.0,early,1.0,False,True,2,False,2,1,0.3,0.7,False,False,1.0,left,0.0,1.0,2.0,0.6302165000233799,True,nan,0.0,0.0,-0.5,0.75,0.5,rl,94
1,4,1.0,4.0,late,1.0,False,True,2,False,2,1,0.3,0.7,True,False,1.0,left,0.0,1.0,2.0,0.48276613373309374,True,nan,1.0,1.0,0.5,1.25,0.5,rl,94
1,5,1.0,5.0,late,1.0,False,True,2,True,1,2,0.3,0.7,True,False,1.0,left,1.0,0.0,1.0,0.6317472390364856,False,1.0,nan,1.0,0.75,2.0,0.75,rl,94
1,6,1.0,6.0,late,2.0,False,True,2,False,2,1,0.3,0.7,True,True,4.0,right,1.0,0.0,1.0,0.6348617949988693,False,0.0,nan,0.0,-0.25,1.75,0.25,rl,94
1,7,2.0,1.0,early,1.0,True,False,1,False,2,1,0.7,0.3,False,False,4.0,right,1.0,0.0,1.0,1.4202741431072354,True,1.0,nan,1.0,0.5,2.25,0.5,rl,94
1,8,2.0,2.0,early,1.0,True,False,1,True,1,2,0.7,0.3,False,False,1.0,left,1.0,0.0,1.0,0.6878904742188752,True,0.0,nan,0.0,-0.5,1.75,0.5,rl,94
1,9,2.0,3.0,late,1.0,True,False,1,True,1,2,0.7,0.3,False,False,1.0,left,1.0,0.0,1.0,0.5870100646279752,True,0.0,nan,0.0,-0.5,1.25,0.5,rl,94
1,10,2.0,4.0,late,1.0,True,False,1,True,1,2,0.7,0.3,True,True,1.0,left,1.0,0.0,1.0,0.469858072232455,True,1.0,nan,1.0,0.25,1.5,0.25,rl,94
1,11,3.0,1.0,early,1.0,False,True,2,True,1,2,0.3,0.7,False,False,1.0,left,1.0,0.0,1.0,0.5281988859642297,False,0.0,nan,0.0,-0.75,0.75,0.75,rl,94
1,12,3.0,2.0,early,1.0,False,True,2,True,1,2,0.3,0.7,False,False,4.0,right,0.0,1.0,2.0,0.6699306799564511,True,nan,1.0,1.0,0.5,1.25,0.5,rl,94
1,13,3.0,3.0,early,1.0,False,True,2,True,1,2,0.3,0.7,False,False,1.0,left,1.0,0.0,1.0,0.5284680847544223,False,0.0,nan,0.0,-0.25,1.0,0.25,rl,94
1,14,3.0,4.0,early,1.0,False,True,2,True,1,2,0.3,0.7,False,False,4.0,right,0.0,1.0,2.0,0.45421256800182164,True,nan,0.0,0.0,-0.25,0.75,0.25,rl,94
1,15,3.0,5.0,early,1.0,False,True,2,True,1,2,0.3,0.7,False,False,1.0,left,1.0,0.0,1.0,0.6530136647634208,False,1.0,nan,1.0,0.75,1.5,0.75,rl,94
1,16,3.0,6.0,early,2.0,False,True,2,False,2,1,0.3,0.7,False,False,1.0,left,0.0,1.0,2.0,1.5849872599355876,True,nan,1.0,1.0,0.5,2.0,0.5,rl,94
1,17,3.0,7.0,late,2.0,False,True,2,True,1,2,0.3,0.7,False,False,4.0,right,0.0,1.0,2.0,0.9391451964620501,True,nan,1.0,1.0,0.5,2.5,0.5,rl,94
1,18,3.0,8.0,late,2.0,False,True,2,False,2,1,0.3,0.7,False,False,1.0,left,0.0,1.0,2.0,0.637964328052476,True,nan,1.0,1.0,0.25,2.75,0.25,rl,94
1,19,3.0,9.0,late,2.0,False,True,2,False,2,1,0.3,0.7,True,False,1.0,left,0.0,1.0,2.0,0.5436033424921334,True,nan,0.0,0.0,-0.5,2.25,0.5,rl,94
1,20,3.0,10.0,late,2.0,False,True,2,True,1,2,0.3,0.7,True,False,4.0,right,0.0,1.0,2.0,0.43230569502338767,True,nan,1.0,1.0,0.75,3.0,0.75,rl,94
1,21,3.0,11.0,late,3.0,False,True,2,True,1,2,0.3,0.7,True,False,4.0,right,0.0,1.0,2.0,0.7336830378044397,True,nan,1.0,1.0,0.75,3.75,0.75,rl,94
1,22,3.0,12.0,late,3.0,False,True,2,True,1,2,0.3,0.7,True,True,1.0,left,1.0,0.0,1.0,0.8678271155804396,False,0.0,nan,0.0,-0.5,3.25,0.5,rl,94
1,23,4.0,1.0,early,1.0,True,False,1,False,2,1,0.7,0.3,False,False,4.0,right,1.0,0.0,1.0,0.7075434655416757,True,1.0,nan,1.0,0.5,3.75,0.5,rl,94
1,24,4.0,2.0,early,1.0,True,False,1,True,1,2,0.7,0.3,False,False,1.0,left,1.0,0.0,1.0,0.6190655629616231,True,1.0,nan,1.0,0.5,4.25,0.5,rl,94
1,25,4.0,3.0,early,1.0,True,False,1,False,2,1,0.7,0.3,False,False,4.0,right,1.0,0.0,1.0,0.43768967455253005,True,1.0,nan,1.0,0.25,4.5,0.25,rl,94
1,26,4.0,4.0,early,1.0,True,False,1,False,2,1,0.7,0.3,False,False,1.0,left,0.0,1.0,2.0,0.42884569661691785,False,nan,0.0,0.0,-0.5,4.0,0.5,rl,94
1,27,4.0,5.0,early,1.0,True,False,1,True,1,2,0.7,0.3,False,False,4.0,right,0.0,1.0,2.0,0.4467688351869583,False,nan,1.0,1.0,0.75,4.75,0.75,rl,94
1,28,4.0,6.0,early,2.0,True,False,1,False,2,1,0.7,0.3,False,False,1.0,left,0.0,1.0,2.0,0.623364535626024,False,nan,0.0,0.0,-0.75,4.0,0.75,rl,94
1,29,4.0,7.0,early,2.0,True,False,1,False,2,1,0.7,0.3,False,False,4.0,right,1.0,0.0,1.0,0.690962802618742,True,1.0,nan,1.0,0.5,4.5,0.5,rl,94
1,30,4.0,8.0,early,2.0,True,False,1,False,2,1,0.7,0.3,False,False,1.0,left,0.0,1.0,2.0,0.90545544330962,False,nan,1.0,1.0,0.75,5.25,0.75,rl,94
1,31,4.0,9.0,early,2.0,True,False,1,False,2,1,0.7,0.3,False,False,1.0,left,0.0,1.0,2.0,0.4787079154048115,False,nan,0.0,0.0,-0.5,4.75,0.5,rl,94
1,32,4.0,10.0,early,2.0,True,False,1,True,1,2,0.7,0.3,False,False,4.0,right,0.0,1.0,2.0,0.5704487559851259,False,nan,1.0,1.0,0.75,5.5,0.75,rl,94
1,33,4.0,11.0,early,3.0,True,False,1,False,2,1,0.7,0.3,False,False,1.0,left,0.0,1.0,2.0,0.5992219622712582,False,nan,0.0,0.0,-0.25,5.25,0.25,rl,94
1,34,4.0,12.0,early,3.0,True,False,1,False,2,1,0.7,0.3,False,False,1.0,left,0.0,1.0,2.0,0.715613862965256,False,nan,0.0,0.0,-0.25,5.0,0.25,rl,94
1,35,4.0,13.0,early,3.0,True,False,1,True,1,2,0.7,0.3,False,False,4.0,right,0.0,1.0,2.0,0.4738684920594096,False,nan,0.0,0.0,-0.25,4.75,0.25,rl,94
1,36,4.0,14.0,early,3.0,True,False,1,True,1,2,0.7,0.3,False,False,4.0,right,0.0,1.0,2.0,0.5124874014873058,False,nan,1.0,1.0,0.5,5.25,0.5,rl,94
1,37,4.0,15.0,early,3.0,True,False,1,True,1,2,0.7,0.3,False,False,1.0,left,1.0,0.0,1.0,1.5880801158491522,True,0.0,nan,0.0,-0.75,4.5,0.75,rl,94
1,38,4.0,16.0,early,4.0,True,False,1,True,1,2,0.7,0.3,False,False,1.0,left,1.0,0.0,1.0,0.4243493697140366,True,1.0,nan,1.0,0.5,5.0,0.5,rl,94
1,39,4.0,17.0,early,4.0,True,False,1,False,2,1,0.7,0.3,False,False,4.0,right,1.0,0.0,1.0,0.6339923234190792,True,1.0,nan,1.0,0.75,5.75,0.75,rl,94
1,40,4.0,18.0,early,4.0,True,False,1,True,1,2,0.7,0.3,False,False,4.0,right,0.0,1.0,2.0,0.6464992256369442,False,nan,0.0,0.0,-0.5,5.25,0.5,rl,94
1,41,4.0,19.0,early,4.0,True,False,1,False,2,1,0.7,0.3,False,False,1.0,left,0.0,1.0,2.0,1.5909392549656332,False,nan,0.0,0.0,-0.5,4.75,0.5,rl,94
1,42,4.0,20.0,early,4.0,True,False,1,False,2,1,0.7,0.3,False,False,4.0,right,1.0,0.0,1.0,0.4354947351384908,True,0.0,nan,0.0,-0.25,4.5,0.25,rl,94
1,43,4.0,21.0,late,5.0,True,False,1,True,1,2,0.7,0.3,False,False,1.0,left,1.0,0.0,1.0,0.47784958709962666,True,1.0,nan,1.0,0.25,4.75,0.25,rl,94
1,44,4.0,22.0,late,5.0,True,False,1,True,1,2,0.7,0.3,False,False,4.0,right,0.0,1.0,2.0,0.7177568979095668,False,nan,0.0,0.0,-0.5,4.25,0.5,rl,94
1,45,4.0,23.0,late,5.0,True,False,1,False,2,1,0.7,0.3,False,False,1.0,left,0.0,1.0,2.0,0.4213512323331088,False,nan,0.0,0.0,-0.5,3.75,0.5,rl,94
1,46,4.0,24.0,late,5.0,True,False,1,True,1,2,0.7,0.3,False,False,4.0,right,0.0,1.0,2.0,1.1564359813928604,False,nan,1.0,1.0,0.25,4.0,0.25,rl,94
1,47,4.0,25.0,late,5.0,True,False,1,True,1,2,0.7,0.3,False,False,1.0,left,1.0,0.0,1.0,0.6451110034249723,True,0.0,nan,0.0,-0.75,3.25,0.75,rl,94
1,48,4.0,26.0,late,6.0,True,False,1,True,1,2,0.7,0.3,False,False,4.0,right,0.0,1.0,2.0,0.7845035814680159,False,nan,0.0,0.0,-0.5,2.75,0.5,rl,94
1,49,4.0,27.0,late,6.0,True,False,1,False,2,1,0.7,0.3,False,False,1.0,left,0.0,1.0,2.0,0.4693419609684497,False,nan,0.0,0.0,-0.75,2.0,0.75,rl,94
1,50,4.0,28.0,late,6.0,True,False,1,False,2,1,0.7,0.3,False,False,4.0,right,1.0,0.0,1.0,0.49686565017327666,True,1.0,nan,1.0,0.75,2.75,0.75,rl,94
1,51,4.0,29.0,late,6.0,True,False,1,True,1,2,0.7,0.3,False,False,1.0,left,1.0,0.0,1.0,0.698223257670179,True,1.0,nan,1.0,0.5,3.25,0.5,rl,94
1,52,4.0,30.0,late,6.0,True,False,1,True,1,2,0.7,0.3,False,False,4.0,right,0.0,1.0,2.0,0.7159669301472604,False,nan,0.0,0.0,-0.5,2.75,0.5,rl,94
1,53,4.0,31.0,late,7.0,True,False,1,True,1,2,0.7,0.3,False,False,1.0,left,1.0,0.0,1.0,0.45422635064460337,True,1.0,nan,1.0,0.75,3.5,0.75,rl,94
1,54,4.0,32.0,late,7.0,True,False,1,False,2,1,0.7,0.3,False,False,1.0,left,0.0,1.0,2.0,0.7618597836699337,False,nan,0.0,0.0,-0.5,3.0,0.5,rl,94
1,55,4.0,33.0,late,7.0,True,False,1,True,1,2,0.7,0.3,False,False,4.0,right,0.0,1.0,2.0,0.34658928122371435,False,nan,0.0,0.0,-0.75,2.25,0.75,rl,94
1,56,4.0,34.0,late,7.0,True,False,1,True,1,2,0.7,0.3,False,False,1.0,left,1.0,0.0,1.0,0.41848124261014163,True,0.0,nan,0.0,-0.25,2.0,0.25,rl,94
1,57,4.0,35.0,late,7.0,True,False,1,True,1,2,0.7,0.3,False,False,4.0,right,0.0,1.0,2.0,0.45874730986543,False,nan,0.0,0.0,-0.25,1.75,0.25,rl,94
1,58,4.0,36.0,late,8.0,True,False,1,False,2,1,0.7,0.3,False,False,1.0,left,0.0,1.0,2.0,0.36951576732099056,False,nan,1.0,1.0,0.75,2.5,0.75,rl,94
1,59,4.0,37.0,late,8.0,True,False,1,True,1,2,0.7,0.3,False,False,1.0,left,1.0,0.0,1.0,0.7882524265442044,True,1.0,nan,1.0,0.25,2.75,0.25,rl,94
1,60,4.0,38.0,late,8.0,True,False,1,False,2,1,0.7,0.3,False,False,4.0,right,1.0,0.0,1.0,0.7869914728216827,True,1.0,nan,1.0,0.5,3.25,0.5,rl,94
1,61,4.0,39.0,late,8.0,True,False,1,True,1,2,0.7,0.3,False,False,1.0,left,1.0,0.0,1.0,0.4575816607102752,True,1.0,nan,1.0,0.25,3.5,0.25,rl,94
1,62,4.0,40.0,late,8.0,True,False,1,False,2,1,0.7,0.3,True,True,4.0,right,1.0,0.0,1.0,0.4551934730261564,True,1.0,nan,1.0,0.75,4.25,0.75,rl,94
1,63,5.0,1.0,early,1.0,False,True,2,False,2,1,0.3,0.7,False,False,1.0,left,0.0,1.0,2.0,0.61372967553325,True,nan,1.0,1.0,0.5,4.75,0.5,rl,94
1,64,5.0,2.0,early,1.0,False,True,2,True,1,2,0.3,0.7,False,False,1.0,left,1.0,0.0,1.0,0.4446354773826897,False,0.0,nan,0.0,-0.25,4.5,0.25,rl,94
1,65,5.0,3.0,early,1.0,False,True,2,False,2,1,0.3,0.7,False,False,4.0,right,1.0,0.0,1.0,0.503713215701282,False,0.0,nan,0.0,-0.75,3.75,0.75,rl,94
1,66,5.0,4.0,early,1.0,False,True,2,True,1,2,0.3,0.7,False,False,1.0,left,1.0,0.0,1.0,0.4222992935683578,False,1.0,nan,1.0,0.5,4.25,0.5,rl,94
1,67,5.0,5.0,late,1.0,False,True,2,True,1,2,0.3,0.7,False,False,nan,nan,nan,nan,nan,nan,False,nan,nan,nan,nan,nan,nan,rl,94
1,68,5.0,6.0,late,2.0,False,True,2,True,1,2,0.3,0.7,False,False,4.0,right,0.0,1.0,2.0,0.5371671998873353,True,nan,0.0,0.0,-0.25,4.0,0.25,rl,94
1,69,5.0,7.0,late,2.0,False,True,2,True,1,2,0.3,0.7,False,False,1.0,left,1.0,0.0,1.0,0.36070756521075964,False,1.0,nan,1.0,0.75,4.75,0.75,rl,94
1,70,5.0,8.0,late,2.0,False,True,2,False,2,1,0.3,0.7,False,False,1.0,left,0.0,1.0,2.0,0.4263519402593374,True,nan,0.0,0.0,-0.5,4.25,0.5,rl,94
