sessNo,trialNo,block,blockTrialNo,trialClass,blockBin,stim1_High,stim2_High,stimHigh,stim1_left,leftStim,rightStim,stim1_pWin,stim2_pWin,reverseStatus,reverseTrial,responseKey,response_LR,selected_stim1,selected_stim2,response_stimID,RT,highChosen,stim1_isWin,stim2_isWin,isWin,payOut,accum_payOut,abs_outMag,instructCond,subID
1,1,1.0,1.0,early,1.0,False,True,2,False,2,1,0.3,0.7,False,False,1.0,left,0.0,1.0,2,0.9982179497601464,True,nan,1.0,1,0.25,0.25,0.25,rl,92
1,2,1.0,2.0,early,1.0,False,True,2,False,2,1,0.3,0.7,False,False,4.0,right,1.0,0.0,1,0.5913172480650246,False,1.0,nan,1,0.5,0.75,0.5,rl,92
1,3,1.0,3.0,early,1.0,False,True,2,False,2,1,0.3,0.7,False,False,1.0,left,0.0,1.0,2,0.596571319969371,True,nan,1.0,1,0.25,1.0,0.25,rl,92
1,4,1.0,4.0,early,1.0,False,True,2,False,2,1,0.3,0.7,False,False,4.0,right,1.0,0.0,1,0.5376718746265396,False,0.0,nan,0,-0.5,0.5,0.5,rl,92
1,5,1.0,5.0,early,1.0,False,True,2,False,2,1,0.3,0.7,False,False,4.0,right,1.0,0.0,1,0.8320286371745169,False,1.0,nan,1,0.5,1.0,0.5,rl,92
1,6,1.0,6.0,early,2.0,False,True,2,False,2,1,0.3,0.7,False,False,1.0,left,0.0,1.0,2,0.5968021039152518,True,nan,1.0,1,0.75,1.75,0.75,rl,92
1,7,1.0,7.0,early,2.0,False,True,2,False,2,1,0.3,0.7,False,False,4.0,right,1.0,0.0,1,0.5265300280880183,False,1.0,nan,1,0.75,2.5,0.75,rl,92
1,8,1.0,8.0,early,2.0,False,True,2,False,2,1,0.3,0.7,False,False,4.0,right,1.0,0.0,1,0.41787481191568077,False,0.0,nan,0,-0.75,1.75,0.75,rl,92
1,9,1.0,9.0,early,2.0,False,True,2,True,1,2,0.3,0.7,False,False,1.0,left,1.0,0.0,1,0.865792287979275,False,0.0,nan,0,-0.25,1.5,0.25,rl,92
1,10,1.0,10.0,early,2.0,False,True,2,True,1,2,0.3,0.7,False,False,4.0,right,0.0,1.0,2,0.6080553834326565,True,nan,1.0,1,0.5,2.0,0.5,rl,92
1,11,1.0,11.0,early,3.0,False,True,2,True,1,2,0.3,0.7,False,False,1.0,left,1.0,0.0,1,0.5634797867387533,False,0.0,nan,0,-0.5,1.5,0.5,rl,92
1,12,1.0,12.0,early,3.0,False,True,2,False,2,1,0.3,0.7,False,False,4.0,right,1.0,0.0,1,1.36991721985396,False,0.0,nan,0,-0.25,1.25,0.25,rl,92
1,13,1.0,13.0,early,3.0,False,True,2,True,1,2,0.3,0.7,False,False,1.0,left,1.0,0.0,1,1.5015206222888082,False,0.0,nan,0,-0.25,1.0,0.25,rl,92
1,14,1.0,14.0,early,3.0,False,True,2,True,1,2,0.3,0.7,False,False,4.0,right,0.0,1.0,2,0.49770403769798577,True,nan,1.0,1,0.25,1.25,0.25,rl,92
1,15,1.0,15.0,late,3.0,False,True,2,True,1,2,0.3,0.7,False,False,1.0,left,1.0,0.0,1,1.4554509420413524,False,0.0,nan,0,-0.5,0.75,0.5,rl,92
1,16,1.0,16.0,late,4.0,False,True,2,True,1,2,0.3,0.7,False,False,4.0,right,0.0,1.0,2,0.5381659925915301,True,nan,0.0,0,-0.5,0.25,0.5,rl,92
1,17,1.0,17.0,late,4.0,False,True,2,False,2,1,0.3,0.7,False,False,1.0,left,0.0,1.0,2,0.5027642745990306,True,nan,0.0,0,-0.75,-0.5,0.75,rl,92
1,18,1.0,18.0,late,4.0,False,True,2,False,2,1,0.3,0.7,False,False,4.0,right,1.0,0.0,1,0.5469897367293015,False,1.0,nan,1,0.5,0.0,0.5,rl,92
1,19,1.0,19.0,late,4.0,False,True,2,False,2,1,0.3,0.7,False,False,1.0,left,0.0,1.0,2,0.9477407960221171,True,nan,0.0,0,-0.75,-0.75,0.75,rl,92
1,20,1.0,20.0,late,4.0,False,True,2,False,2,1,0.3,0.7,False,False,4.0,right,1.0,0.0,1,1.0483086064923555,False,0.0,nan,0,-0.75,-1.5,0.75,rl,92
1,21,1.0,21.0,late,5.0,False,True,2,True,1,2,0.3,0.7,False,False,1.0,left,1.0,0.0,1,1.358769801678136,False,0.0,nan,0,-0.5,-2.0,0.5,rl,92
1,22,1.0,22.0,late,5.0,False,True,2,False,2,1,0.3,0.7,False,False,1.0,left,0.0,1.0,2,0.9483017738675699,True,nan,1.0,1,0.25,-1.75,0.25,rl,92
1,23,1.0,23.0,late,5.0,False,True,2,True,1,2,0.3,0.7,False,False,4.0,right,0.0,1.0,2,0.8677156824851409,True,nan,0.0,0,-0.5,-2.25,0.5,rl,92
1,24,1.0,24.0,late,5.0,False,True,2,False,2,1,0.3,0.7,False,False,1.0,left,0.0,1.0,2,1.8363909508334473,True,nan,1.0,1,0.75,-1.5,0.75,rl,92
1,25,1.0,25.0,late,5.0,False,True,2,False,2,1,0.3,0.7,True,False,1.0,left,0.0,1.0,2,1.7963190119480714,True,nan,1.0,1,0.5,-1.0,0.5,rl,92
1,26,1.0,26.0,late,6.0,False,True,2,True,1,2,0.3,0.7,True,False,4.0,right,0.0,1.0,2,0.9162870364962146,True,nan,0.0,0,-0.25,-1.25,0.25,rl,92
1,27,1.0,27.0,late,6.0,False,True,2,False,2,1,0.3,0.7,True,False,1.0,left,0.0,1.0,2,0.44222236366476864,True,nan,1.0,1,0.25,-1.0,0.25,rl,92
1,28,1.0,28.0,late,6.0,False,True,2,False,2,1,0.3,0.7,True,True,1.0,left,0.0,1.0,2,0.41444707033224404,True,nan,1.0,1,0.75,-0.25,0.75,rl,92
1,29,2.0,1.0,early,1.0,True,False,1,False,2,1,0.7,0.3,False,False,1.0,left,0.0,1.0,2,0.6523333364166319,False,nan,1.0,1,0.5,0.25,0.5,rl,92
1,30,2.0,2.0,early,1.0,True,False,1,False,2,1,0.7,0.3,False,False,1.0,left,0.0,1.0,2,1.0201045888243243,False,nan,0.0,0,-0.75,-0.5,0.75,rl,92
1,31,2.0,3.0,early,1.0,True,False,1,True,1,2,0.7,0.3,False,False,4.0,right,0.0,1.0,2,0.828954842290841,False,nan,0.0,0,-0.5,-1.0,0.5,rl,92
1,32,2.0,4.0,early,1.0,True,False,1,True,1,2,0.7,0.3,False,False,1.0,left,1.0,0.0,1,1.101502089179121,True,0.0,nan,0,-0.75,-1.75,0.75,rl,92
1,33,2.0,5.0,early,1.0,True,False,1,True,1,2,0.7,0.3,False,False,4.0,right,0.0,1.0,2,1.5810126162832603,False,nan,1.0,1,0.75,-1.0,0.75,rl,92
1,34,2.0,6.0,late,2.0,True,False,1,True,1,2,0.7,0.3,False,False,4.0,right,0.0,1.0,2,0.9054701055865735,False,nan,0.0,0,-0.75,-1.75,0.75,rl,92
1,35,2.0,7.0,late,2.0,True,False,1,True,1,2,0.7,0.3,False,False,1.0,left,1.0,0.0,1,0.5136351626133546,True,1.0,nan,1,0.25,-1.5,0.25,rl,92
1,36,2.0,8.0,late,2.0,True,False,1,False,2,1,0.7,0.3,False,False,4.0,right,1.0,0.0,1,0.5775948449736461,True,1.0,nan,1,0.25,-1.25,0.25,rl,92
1,37,2.0,9.0,late,2.0,True,False,1,True,1,2,0.7,0.3,False,False,1.0,left,1.0,0.0,1,1.1097513663116843,True,1.0,nan,1,0.5,-0.75,0.5,rl,92
1,38,2.0,10.0,late,2.0,True,False,1,False,2,1,0.7,0.3,True,False,4.0,right,1.0,0.0,1,0.784683047560975,True,1.0,nan,1,0.5,-0.25,0.5,rl,92
1,39,2.0,11.0,late,3.0,True,False,1,True,1,2,0.7,0.3,True,True,1.0,left,1.0,0.0,1,0.5142310365336016,True,1.0,nan,1,0.25,0.0,0.25,rl,92
1,40,3.0,1.0,early,1.0,False,True,2,True,1,2,0.3,0.7,False,False,1.0,left,1.0,0.0,1,0.660825127037242,False,0.0,nan,0,-0.5,-0.5,0.5,rl,92
1,41,3.0,2.0,early,1.0,False,True,2,False,2,1,0.3,0.7,False,False,1.0,left,0.0,1.0,2,0.7871316438540816,True,nan,0.0,0,-0.5,-1.0,0.5,rl,92
1,42,3.0,3.0,early,1.0,False,True,2,True,1,2,0.3,0.7,False,False,1.0,left,1.0,0.0,1,0.9186819690512493,False,0.0,nan,0,-0.25,-1.25,0.25,rl,92
1,43,3.0,4.0,early,1.0,False,True,2,False,2,1,0.3,0.7,False,False,4.0,right,1.0,0.0,1,0.7642107295105234,False,0.0,nan,0,-0.75,-2.0,0.75,rl,92
1,44,3.0,5.0,early,1.0,False,True,2,False,2,1,0.3,0.7,False,False,1.0,left,0.0,1.0,2,1.052439256454818,True,nan,0.0,0,-0.5,-2.5,0.5,rl,92
1,45,3.0,6.0,early,2.0,False,True,2,True,1,2,0.3,0.7,False,False,1.0,left,1.0,0.0,1,1.346983402618207,False,1.0,nan,1,0.25,-2.25,0.25,rl,92
1,46,3.0,7.0,late,2.0,False,True,2,True,1,2,0.3,0.7,False,False,4.0,right,0.0,1.0,2,1.6845935197779909,True,nan,0.0,0,-0.75,-3.0,0.75,rl,92
1,47,3.0,8.0,late,2.0,False,True,2,True,1,2,0.3,0.7,False,False,1.0,left,1.0,0.0,1,1.0104348325403407,False,0.0,nan,0,-0.5,-3.5,0.5,rl,92
1,48,3.0,9.0,late,2.0,False,True,2,False,2,1,0.3,0.7,False,False,1.0,left,0.0,1.0,2,2.2149275230476633,True,nan,1.0,1,0.5,-3.0,0.5,rl,92
1,49,3.0,10.0,late,2.0,False,True,2,False,2,1,0.3,0.7,False,False,1.0,left,0.0,1.0,2,1.3909502224996686,True,nan,1.0,1,0.75,-2.25,0.75,rl,92
1,50,3.0,11.0,late,3.0,False,True,2,False,2,1,0.3,0.7,False,False,1.0,left,0.0,1.0,2,1.737866178737022,True,nan,1.0,1,0.25,-2.0,0.25,rl,92
1,51,3.0,12.0,late,3.0,False,True,2,True,1,2,0.3,0.7,True,False,4.0,right,0.0,1.0,2,1.3059566578594968,True,nan,1.0,1,0.25,-1.75,0.25,rl,92
1,52,3.0,13.0,late,3.0,False,True,2,True,1,2,0.3,0.7,True,True,4.0,right,0.0,1.0,2,1.704786668648012,True,nan,1.0,1,0.25,-1.5,0.25,rl,92
1,53,4.0,1.0,early,1.0,True,False,1,True,1,2,0.7,0.3,False,False,4.0,right,0.0,1.0,2,1.1482520981226116,False,nan,0.0,0,-0.5,-2.0,0.5,rl,92
1,54,4.0,2.0,early,1.0,True,False,1,False,2,1,0.7,0.3,False,False,4.0,right,1.0,0.0,1,1.3470045162830502,True,1.0,nan,1,0.5,-1.5,0.5,rl,92
1,55,4.0,3.0,early,1.0,True,False,1,False,2,1,0.7,0.3,False,False,4.0,right,1.0,0.0,1,1.5037586686667055,True,1.0,nan,1,0.5,-1.0,0.5,rl,92
1,56,4.0,4.0,late,1.0,True,False,1,True,1,2,0.7,0.3,False,False,1.0,left,1.0,0.0,1,0.9091732043307275,True,1.0,nan,1,0.25,-0.75,0.25,rl,92
1,57,4.0,5.0,late,1.0,True,False,1,False,2,1,0.7,0.3,True,False,4.0,right,1.0,0.0,1,1.4283970315009356,True,1.0,nan,1,0.5,-0.25,0.5,rl,92
1,58,4.0,6.0,late,2.0,True,False,1,True,1,2,0.7,0.3,True,False,1.0,left,1.0,0.0,1,0.5965698538348079,True,0.0,nan,0,-0.25,-0.5,0.25,rl,92
1,59,4.0,7.0,late,2.0,True,False,1,True,1,2,0.7,0.3,True,True,4.0,right,0.0,1.0,2,0.6483487223740667,False,nan,0.0,0,-0.75,-1.25,0.75,rl,92
1,60,5.0,1.0,early,1.0,False,True,2,False,2,1,0.3,0.7,False,False,4.0,right,1.0,0.0,1,1.047820353298448,False,0.0,nan,0,-0.75,-2.0,0.75,rl,92
1,61,5.0,2.0,early,1.0,False,True,2,False,2,1,0.3,0.7,False,False,4.0,right,1.0,0.0,1,0.5896492701722309,False,0.0,nan,0,-0.25,-2.25,0.25,rl,92
1,62,5.0,3.0,early,1.0,False,True,2,True,1,2,0.3,0.7,False,False,4.0,right,0.0,1.0,2,0.5915521373972297,True,nan,1.0,1,0.5,-1.75,0.5,rl,92
1,63,5.0,4.0,early,1.0,False,True,2,False,2,1,0.3,0.7,False,False,1.0,left,0.0,1.0,2,0.9043167727068067,True,nan,1.0,1,0.25,-1.5,0.25,rl,92
1,64,5.0,5.0,early,1.0,False,True,2,True,1,2,0.3,0.7,False,False,4.0,right,0.0,1.0,2,1.6373074589064345,True,nan,0.0,0,-0.5,-2.0,0.5,rl,92
1,65,5.0,6.0,late,2.0,False,True,2,True,1,2,0.3,0.7,False,False,1.0,left,1.0,0.0,1,0.7468517941888422,False,1.0,nan,1,0.75,-1.25,0.75,rl,92
1,66,5.0,7.0,late,2.0,False,True,2,False,2,1,0.3,0.7,False,False,4.0,right,1.0,0.0,1,1.313113596988842,False,0.0,nan,0,-0.25,-1.5,0.25,rl,92
1,67,5.0,8.0,late,2.0,False,True,2,False,2,1,0.3,0.7,False,False,1.0,left,0.0,1.0,2,0.6855069781886414,True,nan,1.0,1,0.75,-0.75,0.75,rl,92
1,68,5.0,9.0,late,2.0,False,True,2,True,1,2,0.3,0.7,False,False,4.0,right,0.0,1.0,2,0.7749786884523928,True,nan,1.0,1,0.5,-0.25,0.5,rl,92
1,69,5.0,10.0,late,2.0,False,True,2,False,2,1,0.3,0.7,False,False,1.0,left,0.0,1.0,2,0.5848423969000578,True,nan,1.0,1,0.75,0.5,0.75,rl,92
1,70,5.0,11.0,late,3.0,False,True,2,False,2,1,0.3,0.7,True,False,1.0,left,0.0,1.0,2,1.4084422909654677,True,nan,1.0,1,0.5,1.0,0.5,rl,92
