sessNo,trialNo,block,blockTrialNo,trialClass,blockBin,stim1_High,stim2_High,stimHigh,stim1_left,leftStim,rightStim,stim1_pWin,stim2_pWin,reverseStatus,reverseTrial,responseKey,response_LR,selected_stim1,selected_stim2,response_stimID,RT,highChosen,stim1_isWin,stim2_isWin,isWin,payOut,accum_payOut,abs_outMag,instructCond,subID
1,1,1.0,1.0,early,1.0,True,False,1,True,1,2,0.7,0.3,False,False,1.0,left,1.0,0.0,1,0.863526462810114,True,1.0,nan,1,0.25,0.25,0.25,hm,95
1,2,1.0,2.0,early,1.0,True,False,1,False,2,1,0.7,0.3,False,False,4.0,right,1.0,0.0,1,0.652937731705606,True,0.0,nan,0,-0.5,-0.25,0.5,hm,95
1,3,1.0,3.0,early,1.0,True,False,1,True,1,2,0.7,0.3,False,False,4.0,right,0.0,1.0,2,0.7258245146367699,False,nan,0.0,0,-0.75,-1.0,0.75,hm,95
1,4,1.0,4.0,early,1.0,True,False,1,False,2,1,0.7,0.3,False,False,4.0,right,1.0,0.0,1,0.6375396358780563,True,1.0,nan,1,0.5,-0.5,0.5,hm,95
1,5,1.0,5.0,late,1.0,True,False,1,False,2,1,0.7,0.3,False,False,4.0,right,1.0,0.0,1,0.7242192816920578,True,1.0,nan,1,0.25,-0.25,0.25,hm,95
1,6,1.0,6.0,late,2.0,True,False,1,True,1,2,0.7,0.3,False,False,1.0,left,1.0,0.0,1,0.6926225265488029,True,1.0,nan,1,0.25,0.0,0.25,hm,95
1,7,1.0,7.0,late,2.0,True,False,1,True,1,2,0.7,0.3,True,False,1.0,left,1.0,0.0,1,0.624537073308602,True,1.0,nan,1,0.5,0.5,0.5,hm,95
1,8,1.0,8.0,late,2.0,True,False,1,True,1,2,0.7,0.3,True,False,1.0,left,1.0,0.0,1,0.6589830142911524,True,0.0,nan,0,-0.5,0.0,0.5,hm,95
1,9,1.0,9.0,late,2.0,True,False,1,True,1,2,0.7,0.3,True,True,4.0,right,0.0,1.0,2,0.8853220304008573,False,nan,1.0,1,0.75,0.75,0.75,hm,95
1,10,2.0,1.0,early,1.0,False,True,2,True,1,2,0.3,0.7,False,False,4.0,right,0.0,1.0,2,0.7590678504202515,True,nan,1.0,1,0.75,1.5,0.75,hm,95
1,11,2.0,2.0,early,1.0,False,True,2,False,2,1,0.3,0.7,False,False,1.0,left,0.0,1.0,2,0.553123562131077,True,nan,0.0,0,-0.25,1.25,0.25,hm,95
1,12,2.0,3.0,early,1.0,False,True,2,True,1,2,0.3,0.7,False,False,4.0,right,0.0,1.0,2,0.6159326259512454,True,nan,1.0,1,0.5,1.75,0.5,hm,95
1,13,2.0,4.0,late,1.0,False,True,2,True,1,2,0.3,0.7,True,False,4.0,right,0.0,1.0,2,0.5364753555040807,True,nan,0.0,0,-0.5,1.25,0.5,hm,95
1,14,2.0,5.0,late,1.0,False,True,2,False,2,1,0.3,0.7,True,False,4.0,right,1.0,0.0,1,0.9457047702744603,False,0.0,nan,0,-0.5,0.75,0.5,hm,95
1,15,2.0,6.0,late,2.0,False,True,2,True,1,2,0.3,0.7,True,False,4.0,right,0.0,1.0,2,0.7338295655790716,True,nan,1.0,1,0.5,1.25,0.5,hm,95
1,16,2.0,7.0,late,2.0,False,True,2,False,2,1,0.3,0.7,True,True,1.0,left,0.0,1.0,2,0.9810304515995085,True,nan,1.0,1,0.25,1.5,0.25,hm,95
1,17,3.0,1.0,early,1.0,True,False,1,False,2,1,0.7,0.3,False,False,1.0,left,0.0,1.0,2,0.49853625847026706,False,nan,1.0,1,0.5,2.0,0.5,hm,95
1,18,3.0,2.0,early,1.0,True,False,1,True,1,2,0.7,0.3,False,False,4.0,right,0.0,1.0,2,0.5004086394328624,False,nan,1.0,1,0.75,2.75,0.75,hm,95
1,19,3.0,3.0,early,1.0,True,False,1,True,1,2,0.7,0.3,False,False,4.0,right,0.0,1.0,2,0.525679474696517,False,nan,0.0,0,-0.5,2.25,0.5,hm,95
1,20,3.0,4.0,early,1.0,True,False,1,True,1,2,0.7,0.3,False,False,4.0,right,0.0,1.0,2,0.5380984763614833,False,nan,1.0,1,0.25,2.5,0.25,hm,95
1,21,3.0,5.0,early,1.0,True,False,1,True,1,2,0.7,0.3,False,False,4.0,right,0.0,1.0,2,0.4546597939915955,False,nan,0.0,0,-0.75,1.75,0.75,hm,95
1,22,3.0,6.0,late,2.0,True,False,1,False,2,1,0.7,0.3,False,False,4.0,right,1.0,0.0,1,0.4666808599140495,True,1.0,nan,1,0.75,2.5,0.75,hm,95
1,23,3.0,7.0,late,2.0,True,False,1,False,2,1,0.7,0.3,False,False,4.0,right,1.0,0.0,1,0.6468587256968021,True,0.0,nan,0,-0.5,2.0,0.5,hm,95
1,24,3.0,8.0,late,2.0,True,False,1,False,2,1,0.7,0.3,False,False,4.0,right,1.0,0.0,1,0.44986139703541994,True,1.0,nan,1,0.75,2.75,0.75,hm,95
1,25,3.0,9.0,late,2.0,True,False,1,True,1,2,0.7,0.3,True,False,1.0,left,1.0,0.0,1,0.7196141339372844,True,1.0,nan,1,0.5,3.25,0.5,hm,95
1,26,3.0,10.0,late,2.0,True,False,1,False,2,1,0.7,0.3,True,True,4.0,right,1.0,0.0,1,0.4542800395283848,True,0.0,nan,0,-0.25,3.0,0.25,hm,95
1,27,4.0,1.0,early,1.0,False,True,2,False,2,1,0.3,0.7,False,False,4.0,right,1.0,0.0,1,0.521022715838626,False,0.0,nan,0,-0.5,2.5,0.5,hm,95
1,28,4.0,2.0,early,1.0,False,True,2,False,2,1,0.3,0.7,False,False,1.0,left,0.0,1.0,2,0.5237264512106776,True,nan,1.0,1,0.25,2.75,0.25,hm,95
1,29,4.0,3.0,early,1.0,False,True,2,True,1,2,0.3,0.7,False,False,4.0,right,0.0,1.0,2,0.6809873736929148,True,nan,1.0,1,0.5,3.25,0.5,hm,95
1,30,4.0,4.0,late,1.0,False,True,2,True,1,2,0.3,0.7,False,False,4.0,right,0.0,1.0,2,0.6352916059549898,True,nan,1.0,1,0.75,4.0,0.75,hm,95
1,31,4.0,5.0,late,1.0,False,True,2,False,2,1,0.3,0.7,True,False,1.0,left,0.0,1.0,2,0.659989730687812,True,nan,1.0,1,0.25,4.25,0.25,hm,95
1,32,4.0,6.0,late,2.0,False,True,2,True,1,2,0.3,0.7,True,True,4.0,right,0.0,1.0,2,0.6054956794250757,True,nan,1.0,1,0.75,5.0,0.75,hm,95
1,33,5.0,1.0,early,1.0,True,False,1,False,2,1,0.7,0.3,False,False,1.0,left,0.0,1.0,2,0.5218854476697743,False,nan,0.0,0,-0.5,4.5,0.5,hm,95
1,34,5.0,2.0,early,1.0,True,False,1,False,2,1,0.7,0.3,False,False,4.0,right,1.0,0.0,1,0.4517862689681351,True,0.0,nan,0,-0.75,3.75,0.75,hm,95
1,35,5.0,3.0,early,1.0,True,False,1,False,2,1,0.7,0.3,False,False,1.0,left,0.0,1.0,2,0.5563404795248061,False,nan,0.0,0,-0.25,3.5,0.25,hm,95
1,36,5.0,4.0,early,1.0,True,False,1,False,2,1,0.7,0.3,False,False,1.0,left,0.0,1.0,2,0.5204564563464373,False,nan,0.0,0,-0.25,3.25,0.25,hm,95
1,37,5.0,5.0,early,1.0,True,False,1,False,2,1,0.7,0.3,False,False,4.0,right,1.0,0.0,1,0.47633747663348913,True,1.0,nan,1,0.5,3.75,0.5,hm,95
1,38,5.0,6.0,early,2.0,True,False,1,True,1,2,0.7,0.3,False,False,1.0,left,1.0,0.0,1,0.7088704514317214,True,1.0,nan,1,0.25,4.0,0.25,hm,95
1,39,5.0,7.0,early,2.0,True,False,1,False,2,1,0.7,0.3,False,False,4.0,right,1.0,0.0,1,0.7826970904134214,True,0.0,nan,0,-0.75,3.25,0.75,hm,95
1,40,5.0,8.0,early,2.0,True,False,1,False,2,1,0.7,0.3,False,False,1.0,left,0.0,1.0,2,0.7430158145725727,False,nan,0.0,0,-0.5,2.75,0.5,hm,95
1,41,5.0,9.0,late,2.0,True,False,1,False,2,1,0.7,0.3,False,False,1.0,left,0.0,1.0,2,0.6935412688180804,False,nan,0.0,0,-0.25,2.5,0.25,hm,95
1,42,5.0,10.0,late,2.0,True,False,1,True,1,2,0.7,0.3,False,False,1.0,left,1.0,0.0,1,0.8949481495656073,True,1.0,nan,1,0.5,3.0,0.5,hm,95
1,43,5.0,11.0,late,3.0,True,False,1,False,2,1,0.7,0.3,False,False,4.0,right,1.0,0.0,1,0.4730375704821199,True,0.0,nan,0,-0.5,2.5,0.5,hm,95
1,44,5.0,12.0,late,3.0,True,False,1,True,1,2,0.7,0.3,False,False,1.0,left,1.0,0.0,1,0.5835649250075221,True,1.0,nan,1,0.75,3.25,0.75,hm,95
1,45,5.0,13.0,late,3.0,True,False,1,False,2,1,0.7,0.3,True,False,4.0,right,1.0,0.0,1,0.890949436230585,True,0.0,nan,0,-0.75,2.5,0.75,hm,95
1,46,5.0,14.0,late,3.0,True,False,1,True,1,2,0.7,0.3,True,False,4.0,right,0.0,1.0,2,0.48728672531433403,False,nan,0.0,0,-0.5,2.0,0.5,hm,95
1,47,5.0,15.0,late,3.0,True,False,1,True,1,2,0.7,0.3,True,False,4.0,right,0.0,1.0,2,0.5312215459998697,False,nan,0.0,0,-0.75,1.25,0.75,hm,95
1,48,5.0,16.0,late,4.0,True,False,1,True,1,2,0.7,0.3,True,True,1.0,left,1.0,0.0,1,0.49222030909731984,True,1.0,nan,1,0.25,1.5,0.25,hm,95
1,49,6.0,1.0,early,1.0,False,True,2,False,2,1,0.3,0.7,False,False,4.0,right,1.0,0.0,1,0.8015525657683611,False,0.0,nan,0,-0.25,1.25,0.25,hm,95
1,50,6.0,2.0,early,1.0,False,True,2,False,2,1,0.3,0.7,False,False,4.0,right,1.0,0.0,1,0.531190755078569,False,1.0,nan,1,0.5,1.75,0.5,hm,95
1,51,6.0,3.0,early,1.0,False,True,2,True,1,2,0.3,0.7,False,False,1.0,left,1.0,0.0,1,0.8050621435977519,False,1.0,nan,1,0.25,2.0,0.25,hm,95
1,52,6.0,4.0,early,1.0,False,True,2,False,2,1,0.3,0.7,False,False,4.0,right,1.0,0.0,1,0.6648684774991125,False,0.0,nan,0,-0.5,1.5,0.5,hm,95
1,53,6.0,5.0,early,1.0,False,True,2,True,1,2,0.3,0.7,False,False,1.0,left,1.0,0.0,1,0.5522939669899642,False,0.0,nan,0,-0.25,1.25,0.25,hm,95
1,54,6.0,6.0,early,2.0,False,True,2,True,1,2,0.3,0.7,False,False,1.0,left,1.0,0.0,1,0.6752717003691941,False,0.0,nan,0,-0.25,1.0,0.25,hm,95
1,55,6.0,7.0,late,2.0,False,True,2,True,1,2,0.3,0.7,False,False,4.0,right,0.0,1.0,2,0.49809668166562915,True,nan,1.0,1,0.5,1.5,0.5,hm,95
1,56,6.0,8.0,late,2.0,False,True,2,False,2,1,0.3,0.7,False,False,1.0,left,0.0,1.0,2,0.6067496025934815,True,nan,0.0,0,-0.5,1.0,0.5,hm,95
1,57,6.0,9.0,late,2.0,False,True,2,False,2,1,0.3,0.7,False,False,1.0,left,0.0,1.0,2,0.7711202935315669,True,nan,1.0,1,0.75,1.75,0.75,hm,95
1,58,6.0,10.0,late,2.0,False,True,2,True,1,2,0.3,0.7,True,False,4.0,right,0.0,1.0,2,0.6239423688966781,True,nan,1.0,1,0.75,2.5,0.75,hm,95
1,59,6.0,11.0,late,3.0,False,True,2,True,1,2,0.3,0.7,True,False,4.0,right,0.0,1.0,2,0.5661378547083586,True,nan,1.0,1,0.75,3.25,0.75,hm,95
1,60,6.0,12.0,late,3.0,False,True,2,False,2,1,0.3,0.7,True,True,1.0,left,0.0,1.0,2,0.4970319024287164,True,nan,1.0,1,0.5,3.75,0.5,hm,95
1,61,7.0,1.0,early,1.0,True,False,1,True,1,2,0.7,0.3,False,False,4.0,right,0.0,1.0,2,0.6017576626036316,False,nan,0.0,0,-0.75,3.0,0.75,hm,95
1,62,7.0,2.0,early,1.0,True,False,1,False,2,1,0.7,0.3,False,False,1.0,left,0.0,1.0,2,0.5227097645401955,False,nan,1.0,1,0.5,3.5,0.5,hm,95
1,63,7.0,3.0,early,1.0,True,False,1,True,1,2,0.7,0.3,False,False,4.0,right,0.0,1.0,2,0.5406139474362135,False,nan,0.0,0,-0.5,3.0,0.5,hm,95
1,64,7.0,4.0,early,1.0,True,False,1,False,2,1,0.7,0.3,False,False,4.0,right,1.0,0.0,1,0.8586462496314198,True,1.0,nan,1,0.25,3.25,0.25,hm,95
1,65,7.0,5.0,early,1.0,True,False,1,True,1,2,0.7,0.3,False,False,1.0,left,1.0,0.0,1,0.704659134382382,True,0.0,nan,0,-0.5,2.75,0.5,hm,95
1,66,7.0,6.0,late,2.0,True,False,1,False,2,1,0.7,0.3,False,False,1.0,left,0.0,1.0,2,0.960399073548615,False,nan,0.0,0,-0.75,2.0,0.75,hm,95
1,67,7.0,7.0,late,2.0,True,False,1,True,1,2,0.7,0.3,False,False,1.0,left,1.0,0.0,1,1.0040107362437993,True,1.0,nan,1,0.25,2.25,0.25,hm,95
1,68,7.0,8.0,late,2.0,True,False,1,True,1,2,0.7,0.3,False,False,1.0,left,1.0,0.0,1,0.47657852550037205,True,1.0,nan,1,0.75,3.0,0.75,hm,95
1,69,7.0,9.0,late,2.0,True,False,1,False,2,1,0.7,0.3,False,False,4.0,right,1.0,0.0,1,0.6493428193498403,True,0.0,nan,0,-0.5,2.5,0.5,hm,95
1,70,7.0,10.0,late,2.0,True,False,1,False,2,1,0.7,0.3,False,False,1.0,left,0.0,1.0,2,0.5100045539438725,False,nan,0.0,0,-0.25,2.25,0.25,hm,95
