sessNo,trialNo,block,blockTrialNo,trialClass,blockBin,stim1_High,stim2_High,stimHigh,stim1_left,leftStim,rightStim,stim1_pWin,stim2_pWin,reverseStatus,reverseTrial,responseKey,response_LR,selected_stim1,selected_stim2,response_stimID,RT,highChosen,stim1_isWin,stim2_isWin,isWin,payOut,accum_payOut,abs_outMag,instructCond,subID
1,1,1.0,1.0,early,1.0,True,False,1,True,1,2,0.7,0.3,False,False,4.0,right,0.0,1.0,2,1.4228513147681952,False,nan,0.0,0,-0.5,-0.5,0.5,rl,96
1,2,1.0,2.0,early,1.0,True,False,1,True,1,2,0.7,0.3,False,False,1.0,left,1.0,0.0,1,0.6588446018286049,True,1.0,nan,1,0.5,0.0,0.5,rl,96
1,3,1.0,3.0,early,1.0,True,False,1,False,2,1,0.7,0.3,False,False,4.0,right,1.0,0.0,1,0.6586692403070629,True,1.0,nan,1,0.75,0.75,0.75,rl,96
1,4,1.0,4.0,late,1.0,True,False,1,True,1,2,0.7,0.3,False,False,1.0,left,1.0,0.0,1,0.7098900703713298,True,1.0,nan,1,0.25,1.0,0.25,rl,96
1,5,1.0,5.0,late,1.0,True,False,1,True,1,2,0.7,0.3,True,False,1.0,left,1.0,0.0,1,0.5190380215644836,True,1.0,nan,1,0.75,1.75,0.75,rl,96
1,6,1.0,6.0,late,2.0,True,False,1,True,1,2,0.7,0.3,True,False,1.0,left,1.0,0.0,1,0.5788603667169809,True,1.0,nan,1,0.25,2.0,0.25,rl,96
1,7,1.0,7.0,late,2.0,True,False,1,False,2,1,0.7,0.3,True,True,4.0,right,1.0,0.0,1,0.5714394636452198,True,0.0,nan,0,-0.5,1.5,0.5,rl,96
1,8,2.0,1.0,early,1.0,False,True,2,True,1,2,0.3,0.7,False,False,4.0,right,0.0,1.0,2,0.48436979949474335,True,nan,0.0,0,-0.25,1.25,0.25,rl,96
1,9,2.0,2.0,early,1.0,False,True,2,True,1,2,0.3,0.7,False,False,4.0,right,0.0,1.0,2,0.7605701540596783,True,nan,0.0,0,-0.5,0.75,0.5,rl,96
1,10,2.0,3.0,early,1.0,False,True,2,True,1,2,0.3,0.7,False,False,1.0,left,1.0,0.0,1,0.6420805626548827,False,0.0,nan,0,-0.75,0.0,0.75,rl,96
1,11,2.0,4.0,early,1.0,False,True,2,False,2,1,0.3,0.7,False,False,1.0,left,0.0,1.0,2,0.7119120070710778,True,nan,1.0,1,0.75,0.75,0.75,rl,96
1,12,2.0,5.0,early,1.0,False,True,2,False,2,1,0.3,0.7,False,False,1.0,left,0.0,1.0,2,1.0733603765256703,True,nan,1.0,1,0.75,1.5,0.75,rl,96
1,13,2.0,6.0,early,2.0,False,True,2,False,2,1,0.3,0.7,False,False,4.0,right,1.0,0.0,1,0.4369007684290409,False,1.0,nan,1,0.5,2.0,0.5,rl,96
1,14,2.0,7.0,early,2.0,False,True,2,False,2,1,0.3,0.7,False,False,4.0,right,1.0,0.0,1,0.49490175768733025,False,1.0,nan,1,0.25,2.25,0.25,rl,96
1,15,2.0,8.0,early,2.0,False,True,2,True,1,2,0.3,0.7,False,False,1.0,left,1.0,0.0,1,1.2089571058750153,False,0.0,nan,0,-0.5,1.75,0.5,rl,96
1,16,2.0,9.0,early,2.0,False,True,2,False,2,1,0.3,0.7,False,False,1.0,left,0.0,1.0,2,0.9237056896090508,True,nan,1.0,1,0.25,2.0,0.25,rl,96
1,17,2.0,10.0,early,2.0,False,True,2,False,2,1,0.3,0.7,False,False,4.0,right,1.0,0.0,1,0.4339856021106243,False,0.0,nan,0,-0.5,1.5,0.5,rl,96
1,18,2.0,11.0,early,3.0,False,True,2,False,2,1,0.3,0.7,False,False,4.0,right,1.0,0.0,1,0.4641609899699688,False,0.0,nan,0,-0.25,1.25,0.25,rl,96
1,19,2.0,12.0,early,3.0,False,True,2,False,2,1,0.3,0.7,False,False,1.0,left,0.0,1.0,2,0.5403242195025086,True,nan,1.0,1,0.5,1.75,0.5,rl,96
1,20,2.0,13.0,early,3.0,False,True,2,False,2,1,0.3,0.7,False,False,1.0,left,0.0,1.0,2,0.7309806728735566,True,nan,1.0,1,0.75,2.5,0.75,rl,96
1,21,2.0,14.0,early,3.0,False,True,2,True,1,2,0.3,0.7,False,False,1.0,left,1.0,0.0,1,0.9846054231747985,False,1.0,nan,1,0.75,3.25,0.75,rl,96
1,22,2.0,15.0,early,3.0,False,True,2,True,1,2,0.3,0.7,False,False,4.0,right,0.0,1.0,2,0.9901307793334126,True,nan,1.0,1,0.75,4.0,0.75,rl,96
1,23,2.0,16.0,early,4.0,False,True,2,True,1,2,0.3,0.7,False,False,4.0,right,0.0,1.0,2,1.0589077081531286,True,nan,0.0,0,-0.25,3.75,0.25,rl,96
1,24,2.0,17.0,early,4.0,False,True,2,True,1,2,0.3,0.7,False,False,1.0,left,1.0,0.0,1,0.5785542172379792,False,1.0,nan,1,0.5,4.25,0.5,rl,96
1,25,2.0,18.0,early,4.0,False,True,2,True,1,2,0.3,0.7,False,False,1.0,left,1.0,0.0,1,1.048395104240626,False,0.0,nan,0,-0.25,4.0,0.25,rl,96
1,26,2.0,19.0,early,4.0,False,True,2,True,1,2,0.3,0.7,False,False,4.0,right,0.0,1.0,2,0.7191924452781677,True,nan,1.0,1,0.5,4.5,0.5,rl,96
1,27,2.0,20.0,early,4.0,False,True,2,True,1,2,0.3,0.7,False,False,4.0,right,0.0,1.0,2,0.8236768627539277,True,nan,1.0,1,0.75,5.25,0.75,rl,96
1,28,2.0,21.0,early,5.0,False,True,2,True,1,2,0.3,0.7,False,False,1.0,left,1.0,0.0,1,1.7096880236640573,False,0.0,nan,0,-0.5,4.75,0.5,rl,96
1,29,2.0,22.0,early,5.0,False,True,2,False,2,1,0.3,0.7,False,False,4.0,right,1.0,0.0,1,0.46362933376803994,False,1.0,nan,1,0.5,5.25,0.5,rl,96
1,30,2.0,23.0,early,5.0,False,True,2,True,1,2,0.3,0.7,False,False,4.0,right,0.0,1.0,2,0.523105647880584,True,nan,1.0,1,0.25,5.5,0.25,rl,96
1,31,2.0,24.0,early,5.0,False,True,2,True,1,2,0.3,0.7,False,False,1.0,left,1.0,0.0,1,0.6758866393938661,False,1.0,nan,1,0.75,6.25,0.75,rl,96
1,32,2.0,25.0,early,5.0,False,True,2,True,1,2,0.3,0.7,False,False,1.0,left,1.0,0.0,1,1.457555313128978,False,0.0,nan,0,-0.25,6.0,0.25,rl,96
1,33,2.0,26.0,early,6.0,False,True,2,False,2,1,0.3,0.7,False,False,4.0,right,1.0,0.0,1,0.47780752275139093,False,1.0,nan,1,0.25,6.25,0.25,rl,96
1,34,2.0,27.0,early,6.0,False,True,2,False,2,1,0.3,0.7,False,False,4.0,right,1.0,0.0,1,0.5175497941672802,False,0.0,nan,0,-0.75,5.5,0.75,rl,96
1,35,2.0,28.0,early,6.0,False,True,2,True,1,2,0.3,0.7,False,False,4.0,right,0.0,1.0,2,0.7007689224556088,True,nan,1.0,1,0.25,5.75,0.25,rl,96
1,36,2.0,29.0,early,6.0,False,True,2,True,1,2,0.3,0.7,False,False,4.0,right,0.0,1.0,2,0.6461308873258531,True,nan,0.0,0,-0.5,5.25,0.5,rl,96
1,37,2.0,30.0,early,6.0,False,True,2,True,1,2,0.3,0.7,False,False,1.0,left,1.0,0.0,1,0.5349211473949254,False,1.0,nan,1,0.5,5.75,0.5,rl,96
1,38,2.0,31.0,late,7.0,False,True,2,True,1,2,0.3,0.7,False,False,4.0,right,0.0,1.0,2,1.4420481296256185,True,nan,1.0,1,0.5,6.25,0.5,rl,96
1,39,2.0,32.0,late,7.0,False,True,2,False,2,1,0.3,0.7,False,False,4.0,right,1.0,0.0,1,0.6638878602534533,False,0.0,nan,0,-0.75,5.5,0.75,rl,96
1,40,2.0,33.0,late,7.0,False,True,2,True,1,2,0.3,0.7,False,False,1.0,left,1.0,0.0,1,0.8075761483050883,False,0.0,nan,0,-0.5,5.0,0.5,rl,96
1,41,2.0,34.0,late,7.0,False,True,2,False,2,1,0.3,0.7,False,False,4.0,right,1.0,0.0,1,1.2127751791849732,False,0.0,nan,0,-0.5,4.5,0.5,rl,96
1,42,2.0,35.0,late,7.0,False,True,2,False,2,1,0.3,0.7,False,False,1.0,left,0.0,1.0,2,1.2889612815342844,True,nan,0.0,0,-0.25,4.25,0.25,rl,96
1,43,2.0,36.0,late,8.0,False,True,2,False,2,1,0.3,0.7,False,False,1.0,left,0.0,1.0,2,0.8290594080463052,True,nan,0.0,0,-0.5,3.75,0.5,rl,96
1,44,2.0,37.0,late,8.0,False,True,2,True,1,2,0.3,0.7,False,False,1.0,left,1.0,0.0,1,0.8084945972077549,False,0.0,nan,0,-0.25,3.5,0.25,rl,96
1,45,2.0,38.0,late,8.0,False,True,2,False,2,1,0.3,0.7,False,False,4.0,right,1.0,0.0,1,1.3232262898236513,False,0.0,nan,0,-0.25,3.25,0.25,rl,96
1,46,2.0,39.0,late,8.0,False,True,2,True,1,2,0.3,0.7,False,False,4.0,right,0.0,1.0,2,0.514653982128948,True,nan,1.0,1,0.75,4.0,0.75,rl,96
1,47,2.0,40.0,late,8.0,False,True,2,True,1,2,0.3,0.7,False,False,4.0,right,0.0,1.0,2,0.7282745912671089,True,nan,1.0,1,0.5,4.5,0.5,rl,96
1,48,2.0,41.0,late,9.0,False,True,2,False,2,1,0.3,0.7,False,False,1.0,left,0.0,1.0,2,0.6320779146626592,True,nan,1.0,1,0.5,5.0,0.5,rl,96
1,49,2.0,42.0,late,9.0,False,True,2,True,1,2,0.3,0.7,False,False,1.0,left,1.0,0.0,1,1.1660489421337843,False,1.0,nan,1,0.75,5.75,0.75,rl,96
1,50,2.0,43.0,late,9.0,False,True,2,True,1,2,0.3,0.7,False,False,1.0,left,1.0,0.0,1,1.3246913505718112,False,1.0,nan,1,0.75,6.5,0.75,rl,96
1,51,2.0,44.0,late,9.0,False,True,2,True,1,2,0.3,0.7,False,False,4.0,right,0.0,1.0,2,0.9716210416518152,True,nan,1.0,1,0.5,7.0,0.5,rl,96
1,52,2.0,45.0,late,9.0,False,True,2,True,1,2,0.3,0.7,False,False,1.0,left,1.0,0.0,1,2.3550333022139966,False,0.0,nan,0,-0.5,6.5,0.5,rl,96
1,53,2.0,46.0,late,10.0,False,True,2,False,2,1,0.3,0.7,False,False,4.0,right,1.0,0.0,1,0.6601782883517444,False,1.0,nan,1,0.25,6.75,0.25,rl,96
1,54,2.0,47.0,late,10.0,False,True,2,False,2,1,0.3,0.7,False,False,4.0,right,1.0,0.0,1,0.9408764615654945,False,0.0,nan,0,-0.5,6.25,0.5,rl,96
1,55,2.0,48.0,late,10.0,False,True,2,False,2,1,0.3,0.7,False,False,1.0,left,0.0,1.0,2,0.9740652539767325,True,nan,1.0,1,0.75,7.0,0.75,rl,96
1,56,2.0,49.0,late,10.0,False,True,2,True,1,2,0.3,0.7,False,False,4.0,right,0.0,1.0,2,1.503815873991698,True,nan,0.0,0,-0.75,6.25,0.75,rl,96
1,57,2.0,50.0,late,10.0,False,True,2,True,1,2,0.3,0.7,False,False,1.0,left,1.0,0.0,1,1.0652488768100739,False,1.0,nan,1,0.25,6.5,0.25,rl,96
1,58,2.0,51.0,late,11.0,False,True,2,False,2,1,0.3,0.7,False,False,4.0,right,1.0,0.0,1,2.1197250401601195,False,0.0,nan,0,-0.75,5.75,0.75,rl,96
1,59,2.0,52.0,late,11.0,False,True,2,True,1,2,0.3,0.7,False,False,4.0,right,0.0,1.0,2,1.7694860291667283,True,nan,1.0,1,0.25,6.0,0.25,rl,96
1,60,2.0,53.0,late,11.0,False,True,2,False,2,1,0.3,0.7,False,False,1.0,left,0.0,1.0,2,0.9619535747915506,True,nan,1.0,1,0.5,6.5,0.5,rl,96
1,61,2.0,54.0,late,11.0,False,True,2,False,2,1,0.3,0.7,False,False,1.0,left,0.0,1.0,2,0.8440402131527662,True,nan,1.0,1,0.5,7.0,0.5,rl,96
1,62,2.0,55.0,late,11.0,False,True,2,False,2,1,0.3,0.7,False,False,4.0,right,1.0,0.0,1,1.939292342402041,False,0.0,nan,0,-0.25,6.75,0.25,rl,96
1,63,2.0,56.0,late,12.0,False,True,2,True,1,2,0.3,0.7,False,False,4.0,right,0.0,1.0,2,1.1504927864298224,True,nan,1.0,1,0.25,7.0,0.25,rl,96
1,64,2.0,57.0,late,12.0,False,True,2,False,2,1,0.3,0.7,False,False,1.0,left,0.0,1.0,2,2.2001963583752513,True,nan,1.0,1,0.5,7.5,0.5,rl,96
1,65,2.0,58.0,late,12.0,False,True,2,False,2,1,0.3,0.7,False,False,1.0,left,0.0,1.0,2,0.8829675517044961,True,nan,1.0,1,0.5,8.0,0.5,rl,96
1,66,2.0,59.0,late,12.0,False,True,2,True,1,2,0.3,0.7,True,False,4.0,right,0.0,1.0,2,0.7829322745092213,True,nan,0.0,0,-0.75,7.25,0.75,rl,96
1,67,2.0,60.0,late,12.0,False,True,2,True,1,2,0.3,0.7,True,True,4.0,right,0.0,1.0,2,0.5093711409717798,True,nan,1.0,1,0.25,7.5,0.25,rl,96
1,68,3.0,1.0,early,1.0,True,False,1,True,1,2,0.7,0.3,False,False,4.0,right,0.0,1.0,2,0.8850839142687619,False,nan,0.0,0,-0.25,7.25,0.25,rl,96
1,69,3.0,2.0,late,1.0,True,False,1,True,1,2,0.7,0.3,False,False,4.0,right,0.0,1.0,2,2.0595663408748806,False,nan,0.0,0,-0.5,6.75,0.5,rl,96
1,70,3.0,3.0,late,1.0,True,False,1,False,2,1,0.7,0.3,False,False,4.0,right,1.0,0.0,1,1.0933002782985568,True,1.0,nan,1,0.75,7.5,0.75,rl,96
